CustomerID,Age,Gender,TenureMonths,ContractType,PaymentMethod,MonthlyCharges,TotalCharges,SupportCalls,Churn
bdd640fb-0667-4ad1-9c80-317fa3b1799d,56,Female,15,One year,Electronic check,79.69,1149.51,7,No
23b8c1e9-3924-46de-beb1-3b9046685257,57,Female,3,Month-to-month,Mailed check,92.2,270.39,5,Yes
bd9c66b3-ad3c-4d6d-9a3d-1fa7bc8960a9,38,Male,58,One year,Credit card,22.31,1172.02,2,No
972a8469-1641-4f82-8b9d-2434e465e150,69,Female,3,Two year,Bank transfer,37.05,141.32,6,Yes
17fc695a-07a0-4a6e-8822-e8f36c031199,42,Female,14,Two year,Electronic check,21.6,264.95,6,No
9a1de644-815e-46d1-bb8f-aa1837f8a88b,25,Male,35,Two year,Credit card,38.22,1298.78,3,No
b74d0fb1-32e7-4629-8fad-c1a606cb0fb3,23,Female,4,Month-to-month,Bank transfer,104.23,308.0,3,Yes
6b65a6a4-8b81-48f6-b38a-088ca65ed389,65,Male,62,Month-to-month,Credit card,94.73,5821.07,4,Yes
47378190-96da-4dac-b2ff-5d2a386ecbe0,42,Female,60,One year,Electronic check,49.63,2884.02,7,Yes
c241330b-01a9-471f-9e8a-774bcf36d58b,28,Male,8,One year,Electronic check,80.6,576.46,9,Yes
6c307511-b2b9-437a-a8df-6ec4ce4a2bbd,58,Female,7,Two year,Credit card,53.09,362.74,7,No
371ecd7b-27cd-4130-8722-9389571aa876,61,Female,35,Month-to-month,Electronic check,117.17,4080.43,2,No
1a2a73ed-562b-4f79-8374-59eef50bea63,43,Male,14,Month-to-month,Electronic check,91.07,1267.45,2,Yes
5be6128e-18c2-4797-a142-ea7d17be3111,56,Male,52,One year,Credit card,110.76,5711.24,6,No
43b7a3a6-9a8d-4a03-980d-7b71d8f56413,32,Male,29,Month-to-month,Credit card,79.89,2352.06,9,No
759cde66-bacf-43d0-8b1f-9163ce9ff57f,23,Female,28,Month-to-month,Credit card,109.26,3077.33,9,Yes
ec1b8ca1-f91e-4d4c-9ff4-9b7889463e85,42,Male,62,Month-to-month,Electronic check,84.77,5212.22,8,Yes
4b0dbb41-8d52-48f1-942c-3fe860e7a113,50,Male,44,Month-to-month,Bank transfer,52.32,2276.75,7,No
e2acf72f-9e57-4f7a-a0ee-89aed453dd32,66,Female,58,Two year,Mailed check,89.63,5160.62,7,Yes
3139d32c-93cd-49bf-9c94-1cf0dc98d2c1,66,Female,2,Month-to-month,Bank transfer,47.86,118.59,0,No
a9488d99-0bbb-4599-91ce-5dd2b45ed1f0,19,Male,44,Month-to-month,Mailed check,44.21,2002.38,0,No
fc377a4c-4a15-444d-85e7-ce8a3a578a8e,41,Male,70,Month-to-month,Bank transfer,29.03,2069.7,0,Yes
ddd1dfb2-3b98-4ef8-9af6-1a26146d3f31,23,Female,3,One year,Bank transfer,42.02,170.44,3,No
7412b293-4729-4739-a14f-f3d719db3ad0,69,Male,33,Month-to-month,Bank transfer,113.67,3781.38,0,No
29a3b2e9-5d65-4441-9588-42dea2bc372f,42,Female,23,One year,Mailed check,45.79,1105.36,8,No
ab9099a4-35a2-40ae-9af3-05535ec42e08,66,Female,1,Month-to-month,Credit card,75.83,102.15,6,Yes
aefcfad8-efc8-4849-b3aa-7efe4458a885,52,Male,48,Two year,Credit card,108.71,5248.96,0,Yes
a28defe3-9bf0-4273-9247-6f57a5e5a5ab,55,Female,25,Month-to-month,Credit card,50.54,1324.35,1,No
3eabedcb-baa8-4dd4-88bd-64072bcfbe01,33,Male,41,Month-to-month,Credit card,43.72,1850.45,7,No
451b4cf3-6123-4df7-b656-af7229d4beef,34,Female,33,One year,Bank transfer,56.77,1832.38,6,Yes
b02b61c4-a3d7-4628-ace6-6fa2fd5166e6,47,Female,51,Two year,Bank transfer,63.44,3300.46,0,No
5304317f-af42-412f-b838-b3268e944239,65,Male,4,Month-to-month,Electronic check,24.36,30.26,4,No
0e51f30d-c6a7-4e39-84b0-32ccd7c524a5,58,Male,24,Month-to-month,Mailed check,116.67,2757.74,6,Yes
ce177b4e-0837-48a3-9261-a7ab3aa2e4f9,20,Female,18,One year,Bank transfer,104.42,1803.82,2,No
10f1bc81-448a-4a9e-a6b2-bc5b50c187fc,41,Female,32,One year,Bank transfer,34.01,1141.19,0,No
9132b63e-f162-47e4-a9c3-49e03602f8ac,26,Male,48,One year,Mailed check,100.94,4847.69,2,No
366eb16f-508e-4ad7-b7c9-3acfe059a0ee,41,Male,60,One year,Electronic check,82.79,4939.6,2,No
e27a984d-6548-41d0-bfcd-9eb1a7cad415,45,Female,66,Month-to-month,Bank transfer,23.59,1550.55,8,Yes
24933b83-7577-40a9-a491-f0b2ea1fca65,39,Female,58,Month-to-month,Credit card,23.88,1402.76,4,Yes
beb79919-3f22-4af8-a3be-d01d43cf2fde,61,Female,5,Month-to-month,Mailed check,25.17,31.83,3,Yes
bf3c4c06-4343-48bc-89fa-6a688fb5d27b,52,Male,40,One year,Electronic check,116.95,4612.6,9,Yes
956269f0-e5d7-4875-adad-d6c795a76d79,54,Female,62,Two year,Electronic check,88.85,5409.17,0,Yes
ff50bde4-3825-47b8-9cab-cc97663f1c97,18,Male,34,Month-to-month,Mailed check,91.46,3046.6,6,Yes
7e570ddf-8270-40a8-a369-b584ff5e9ff0,22,Female,67,Month-to-month,Credit card,35.86,2448.51,5,Yes
dc713d96-0c0f-4195-817a-f08a1745d6d8,31,Female,69,Month-to-month,Mailed check,105.55,7271.08,9,No
28f49481-a0a0-4dc4-a720-9bdf1c11f735,38,Male,33,Month-to-month,Electronic check,59.85,2068.65,9,No
98ae4334-6c12-4ce8-ae34-0454cac5b68c,53,Female,52,Month-to-month,Mailed check,113.34,6053.03,3,No
988c24c9-61b1-4d22-a280-1c4510435a10,33,Male,2,Month-to-month,Credit card,83.64,171.49,3,Yes
405cacec-8774-49a9-b7d2-1e02ff01cf99,67,Male,33,Month-to-month,Bank transfer,102.06,3424.83,7,No
f143262f-dc5c-4eed-8da0-365bf89897b9,61,Male,13,Month-to-month,Mailed check,21.82,306.0,2,No
1d53434b-b881-49b9-ae27-0da702f06b90,40,Male,8,Month-to-month,Mailed check,22.33,149.17,3,No
c0398710-8976-4334-a281-7efdae849217,67,Male,29,Month-to-month,Electronic check,100.35,2952.63,8,Yes
5715bd6f-a416-4293-84c2-e2e3444ea7c8,54,Male,24,Two year,Electronic check,93.16,2217.45,7,No
287d06ca-6f4c-469a-8b22-d3081c8eaee9,49,Male,12,Month-to-month,Electronic check,93.99,1100.49,2,Yes
b8db0672-f42d-47cc-80d4-af5974273ca3,34,Male,62,Month-to-month,Electronic check,52.0,3212.04,8,No
f8cda88b-436d-46e2-b83c-fe0be037e5ed,26,Male,28,Two year,Credit card,68.25,1953.7,9,No
81f76d1c-2dbc-4134-830f-f46e8026695f,22,Male,12,Month-to-month,Bank transfer,41.27,585.92,8,No
a013ac6e-deda-4e16-9b3d-bd5ce9a1fa6f,61,Male,7,Month-to-month,Credit card,27.28,211.19,1,No
81f631d4-a392-41a7-9777-a4774c66e0a8,19,Male,29,Month-to-month,Bank transfer,78.13,2280.26,3,Yes
5fb8d16c-2720-497d-b2eb-d6899be578c7,48,Male,61,Month-to-month,Bank transfer,62.42,3798.26,9,Yes
f4188f3f-8a14-4e62-a95b-4715c333e861,20,Male,13,Month-to-month,Mailed check,25.63,396.75,8,Yes
eb2263dd-87c5-421e-ac24-a3c5c754108f,66,Male,56,One year,Electronic check,116.32,6552.46,4,Yes
7d154385-52fb-443b-9954-6eb400257ad1,38,Male,36,One year,Credit card,27.54,967.85,0,No
5cec4eb5-edd9-4831-9ca3-5cfb04fc6d82,20,Female,57,Two year,Mailed check,115.04,6529.47,7,Yes
ce88cb2d-d4e8-4839-bc3e-058be0f3eab0,41,Female,8,Month-to-month,Credit card,66.37,582.59,4,No
3da9c2a9-0ed4-4f1a-bd4c-bf374eb93eff,44,Female,63,One year,Electronic check,61.12,3760.05,2,No
14296c07-f26b-4776-913e-4de2e0c53cb8,35,Male,69,One year,Mailed check,28.27,1957.73,4,Yes
d0e6e660-7c69-4ee1-bb5e-4bcf15ed6269,50,Female,65,Month-to-month,Bank transfer,35.04,2329.46,4,No
885f6e66-c2b6-42c5-ba5d-310011b7e948,42,Female,59,Two year,Electronic check,26.35,1571.77,4,No
a8e56e0c-20de-435d-a031-d750c40db9b4,40,Male,53,Two year,Mailed check,57.79,3158.45,4,No
2a45c2ab-8cbf-4db0-b264-accc79ac1b1e,63,Male,51,Month-to-month,Credit card,42.86,2238.88,7,Yes
9b49bd26-df57-459a-8715-a10343dac043,51,Female,3,One year,Credit card,101.64,381.99,4,Yes
edcd465e-3638-4821-b6e0-7cc06c52c49f,34,Female,47,Month-to-month,Electronic check,82.03,3807.16,5,Yes
b09b2a5c-badc-432a-8159-0f538a0f4efb,51,Female,50,One year,Mailed check,75.48,3808.3,2,No
66245bfa-4fcc-439a-b683-d2e6337ea2df,69,Male,38,Month-to-month,Bank transfer,59.65,2315.78,4,No
5f987c71-a65e-488e-abf3-ad39fec21bbe,27,Female,17,Month-to-month,Credit card,26.62,469.08,4,No
7394988f-847f-49b4-a64d-1bcb702753a1,19,Male,43,Month-to-month,Bank transfer,73.73,3287.49,5,No
1064005c-3985-43cf-bf76-be1d1efa2197,21,Female,4,Month-to-month,Bank transfer,107.43,374.63,1,Yes
8dcdcd03-969b-4662-8562-8059568cc69b,68,Male,21,Month-to-month,Credit card,54.76,1152.5,4,Yes
01d74256-3860-4ab6-96a4-02f23ae8cc93,43,Female,34,Month-to-month,Mailed check,89.04,3002.93,8,Yes
0f1259e0-a18f-46b6-b535-106e122c9a56,64,Male,56,Two year,Bank transfer,57.73,3241.96,3,No
080aadfb-e7c9-4b26-9141-25c63a9bedd4,39,Female,28,Month-to-month,Credit card,92.05,2538.64,9,Yes
839fbc50-1223-4513-9496-f63cdc1110c1,68,Male,3,Two year,Mailed check,94.96,226.39,8,No
7c441fe7-ab42-40a7-874a-493b3ceddf2d,45,Female,39,Month-to-month,Bank transfer,28.92,1044.93,8,No
b92da22b-21df-406f-8a0b-3c3336d8393a,37,Male,68,Month-to-month,Electronic check,69.84,4752.99,1,No
93829b43-922f-415a-a1e3-db63ef7ddc76,57,Male,42,Month-to-month,Mailed check,109.96,4575.26,1,Yes
7914c120-c8dc-419f-be35-11287900f7f9,62,Female,33,Month-to-month,Electronic check,35.29,1132.04,7,No
1825bc54-30be-445f-a835-14f2ceb81f9d,20,Male,31,Month-to-month,Credit card,119.73,3687.27,5,Yes
5ab33edf-6e59-4ed3-a8b3-17fa18d0752b,45,Male,4,Month-to-month,Mailed check,45.79,208.21,8,Yes
dd2467ac-778e-4db3-a93d-ffbc6c6fa611,28,Female,26,Month-to-month,Credit card,40.51,1004.38,9,Yes
a748dbcf-ac61-4e63-8dde-29a6baa4b71a,36,Female,20,Month-to-month,Bank transfer,90.72,1803.73,3,Yes
0f844fef-1931-49ee-a56c-0941fbf24050,20,Male,6,Month-to-month,Mailed check,74.86,456.09,9,No
ccf3a171-56dc-4907-ba6c-34ab6712303a,30,Female,2,Month-to-month,Bank transfer,88.15,202.79,7,Yes
310c0c00-3fa7-4104-9bf9-0e27dc96925e,52,Female,49,Two year,Credit card,116.5,5780.58,4,No
23e2fcb4-72d8-467d-894a-05e430b187ef,26,Female,35,Two year,Credit card,77.45,2704.76,8,No
766ecb15-474e-4c19-aef9-12766c006f61,47,Male,37,Two year,Bank transfer,83.38,3090.75,3,No
134c6c92-ec5b-427c-9fde-4fbf3ff350bf,59,Male,18,Two year,Bank transfer,91.38,1657.35,0,No
db20a56e-dc81-4fe7-8eda-8bbb71710434,32,Male,25,Month-to-month,Bank transfer,58.39,1500.04,4,No
a6f2f7b8-0cf3-4b58-9910-8be58ce21ea3,68,Male,51,Month-to-month,Bank transfer,82.77,4177.53,0,No
03c72ba8-d605-4770-8a63-f881ffd0f9d5,56,Male,36,Two year,Electronic check,51.17,1822.1,4,No
c0e9ab30-ed26-42e9-97e0-11b7f8102383,50,Female,68,One year,Mailed check,69.4,4698.89,3,No
680ac07a-2a93-4d62-bc83-5dc0d9441fa5,69,Female,15,One year,Electronic check,68.64,1042.63,3,No
dd59ba71-36b8-4481-bb3a-4e3e7c52fa17,19,Male,36,One year,Bank transfer,79.9,2817.51,6,No
2a25a888-0f02-4ad0-a706-7ef466aa9385,63,Male,12,Two year,Credit card,70.59,813.07,8,Yes
63f2ae24-fc3d-4348-808d-4127610461e3,57,Female,43,Two year,Credit card,111.88,4871.09,9,Yes
c8fe3ccd-c8b8-49c6-ad30-49cf43e458fc,68,Male,40,Two year,Bank transfer,65.08,2636.82,4,No
b253d218-6c4a-47ea-8906-17f2747b6dba,63,Female,54,Two year,Electronic check,106.99,5904.39,4,Yes
c88a618e-fed4-457d-bb02-6576f512c4c3,26,Female,52,One year,Mailed check,53.35,2800.4,3,No
7c967f79-b7e9-4aca-a970-65e18e46d534,28,Female,2,Month-to-month,Bank transfer,93.75,112.36,2,Yes
37bb3eec-4bf5-4b52-b09d-258c27a0c3d7,42,Male,52,Month-to-month,Credit card,51.15,2646.76,5,Yes
bc594585-9445-48c0-8ef8-c2d6f7fd5646,67,Male,49,Month-to-month,Credit card,65.9,3284.47,7,Yes
504867ba-bf7b-439b-8f9a-ea4b8acd4e10,18,Female,13,Month-to-month,Bank transfer,40.99,541.67,2,Yes
7a0ecfea-958c-49ba-8cd6-20c20ea2622b,47,Male,49,Month-to-month,Mailed check,103.66,4996.8,2,Yes
87f7e1fb-da4b-49ca-ab5c-f46780bacd64,19,Female,38,One year,Credit card,38.19,1486.27,6,No
82010c62-f5f5-4b22-8e8f-a8e0284d82e5,49,Female,34,Month-to-month,Bank transfer,117.89,4069.37,2,Yes
118a9d29-2f92-4996-99f1-95d014822f53,25,Female,67,Two year,Credit card,43.82,2827.22,1,No
dca02eec-acda-4acc-9165-e21098543881,41,Female,32,Two year,Bank transfer,116.26,3635.66,1,Yes
f10c718b-1eb0-438a-a75d-d5af3c365296,24,Male,23,Two year,Credit card,38.14,832.19,3,No
94340a03-3f07-4814-91d6-3f78e3e9de99,35,Female,1,Two year,Credit card,53.59,30.66,6,Yes
14fcdd54-9e8f-4965-8a2c-827e98326856,22,Male,38,One year,Electronic check,63.61,2471.61,2,No
90b2b633-956b-4c0c-a849-9b926b5252e3,39,Female,24,Month-to-month,Mailed check,68.74,1655.47,0,No
42c18a62-ef48-48d5-90fd-9d3f85d51695,34,Female,9,One year,Electronic check,60.26,549.86,8,Yes
506e5a9a-b758-488d-ab73-295b344a54b8,60,Female,4,Month-to-month,Electronic check,37.17,67.2,0,Yes
21813d25-6552-48a6-83ff-50113d1a85dd,55,Female,27,Two year,Mailed check,93.22,2544.53,1,No
750cab75-4ccc-4bc2-a53f-8a28abf3e3fc,24,Female,45,Two year,Electronic check,58.31,2592.71,5,No
ef8c485b-c07a-40f2-add4-253b50f0fd0a,68,Male,36,One year,Electronic check,58.93,2122.78,7,No
9f044aed-7552-4327-8262-7f7312922f83,53,Male,59,Month-to-month,Bank transfer,114.93,6806.86,5,No
19985f15-ff00-4d4d-9020-59e4ff9ab5c2,50,Female,36,One year,Bank transfer,79.51,2856.44,0,No
8181a8cc-3691-47eb-89a2-688b12c136e0,62,Male,26,Month-to-month,Electronic check,27.51,713.51,7,Yes
5958a499-eeea-463e-a1e8-ac6843e42caf,56,Male,3,Month-to-month,Credit card,89.47,356.95,5,Yes
3e896c64-e117-4ac3-919c-4ea3e1805081,36,Male,44,Two year,Electronic check,33.68,1478.2,7,No
702cdd20-2862-48b8-88f4-ef125e9953d2,48,Male,70,Two year,Mailed check,68.94,4856.83,9,Yes
4d71c366-b41b-4143-8b10-550cd5704f32,43,Male,32,One year,Bank transfer,119.94,3775.53,6,Yes
ce9e1a11-fcbb-4e59-bbdd-cf7c9c96e9ec,24,Male,48,Month-to-month,Bank transfer,114.43,5622.94,1,No
aaf91531-0200-41f0-8768-a84fa76afde6,69,Male,18,One year,Bank transfer,23.7,356.34,1,No
ee87905e-4ca4-45ea-8dfa-6a56d12dbc9a,60,Female,55,Month-to-month,Bank transfer,51.53,2859.2,0,No
e0ccedc5-f05d-476e-9a84-a51aa9d3d7c7,39,Male,13,One year,Credit card,62.68,803.93,2,No
e3c43657-1d8c-4bac-83b4-09ef2260e70f,47,Male,13,One year,Credit card,113.26,1522.17,6,Yes
27cb6f2a-8da0-4097-be0f-051b1b66b5a9,46,Female,62,Month-to-month,Electronic check,78.08,4807.07,8,Yes
35ebd32d-9ad6-40ab-8821-2ddb45b89cd9,37,Male,65,Month-to-month,Bank transfer,66.73,4261.39,7,Yes
afffcfd2-341e-440b-97c7-00aab7b56ea7,21,Female,62,One year,Credit card,21.79,1349.25,0,No
81627cf1-4394-42e6-9a58-7e8aa25d6b29,21,Female,59,Two year,Electronic check,45.9,2719.81,5,No
e87d1c78-e7c4-41c7-8049-7b717d106c60,63,Female,11,Two year,Mailed check,36.7,412.02,4,No
a2607723-17a0-4f49-8d01-280fd89a40c0,63,Female,57,Month-to-month,Electronic check,115.73,6621.23,7,Yes
0b49452d-46d4-43f3-9450-281c6c6f7633,22,Female,47,Month-to-month,Electronic check,112.78,5371.69,0,Yes
217d65a0-c568-41cd-9563-f61600e85ece,49,Male,13,Month-to-month,Bank transfer,23.49,276.83,3,No
295d6fbf-430f-401d-bad4-09e2a319dcb4,51,Male,56,Month-to-month,Credit card,67.67,3786.07,8,Yes
b4a69f3c-8d3a-4d99-b11c-21c9bdc14f1f,51,Female,38,Month-to-month,Electronic check,24.88,936.06,1,Yes
1ca3c448-0279-46a6-8f97-97b06d7ce3c9,65,Male,28,Month-to-month,Electronic check,26.15,734.36,2,No
b0e6a969-e213-42b0-b1ee-dba313432e61,57,Female,40,One year,Electronic check,93.39,3787.12,7,No
093923de-8bab-4e3b-a628-6bfbe767dcea,57,Female,59,Two year,Electronic check,53.4,3166.49,6,No
8d7248e2-951f-48d0-9e84-f058d5a804eb,62,Female,31,Two year,Mailed check,101.99,3130.21,4,No
0ab54bde-20a0-4502-ae06-809725e97977,48,Female,2,Two year,Electronic check,45.87,124.37,7,Yes
eededb07-e623-4689-9d59-cd2a4eea04e7,41,Male,35,Month-to-month,Bank transfer,96.1,3268.87,9,Yes
0a368ce7-dc57-4131-b8e1-daa7cbceabde,51,Male,28,One year,Mailed check,95.37,2642.58,3,Yes
ae9bec36-35c7-436c-9b99-62c6e61fecc0,44,Female,17,One year,Electronic check,78.22,1354.33,0,Yes
5a8aaeca-1a50-4ec3-aabc-25fa3fe12e47,35,Female,14,Two year,Electronic check,64.6,959.58,6,Yes
dfed2c43-e256-46dc-8f54-86b7c7b5b2bc,50,Female,32,One year,Mailed check,20.1,729.47,1,No
bfddc3d9-9ee3-4c2a-b94d-62046808593f,46,Female,13,Two year,Bank transfer,99.48,1242.18,1,No
3c9ad14c-ee0c-4eb5-acfe-db992790cebd,37,Female,27,Two year,Mailed check,35.11,983.39,4,No
ccc56569-f9e8-4369-a999-b735dd56cc94,54,Male,6,One year,Electronic check,118.4,755.29,1,Yes
698c206f-e1a4-4e10-ad53-4dd0cf8ebc5a,66,Male,24,Month-to-month,Bank transfer,67.15,1601.27,7,Yes
ecab3301-bc8f-4d29-adea-94930658663a,42,Male,53,Month-to-month,Bank transfer,104.48,5569.58,4,No
696608aa-ee49-4329-884a-7b28550a1b46,20,Female,46,Month-to-month,Mailed check,31.73,1526.04,0,No
bc2cbb0d-dd33-4cc7-ab7f-089acd5f4822,37,Female,9,Month-to-month,Electronic check,36.08,258.4,1,No
28c13091-444d-410b-bf87-e362cf8d446a,28,Female,21,Month-to-month,Credit card,59.55,1308.28,5,Yes
61ee411a-1bac-47a7-b386-f7a4c991603f,62,Male,33,Two year,Electronic check,23.96,742.33,0,No
787f2425-dbcc-4477-89e9-db0adf465290,63,Female,54,One year,Credit card,54.6,2946.01,7,Yes
eb1fa9f2-d10b-41d0-b317-347038f16a81,50,Female,33,Two year,Mailed check,23.32,760.61,1,No
d20eac17-4e20-4d1a-9983-36e375d66ed4,43,Female,15,Month-to-month,Bank transfer,87.04,1269.01,7,Yes
39118497-3a43-42ba-9f0f-06cbcb9bc326,20,Male,6,One year,Electronic check,25.2,241.8,7,No
6601ddd0-3170-4437-a8f7-ef5a060edf5b,45,Female,62,One year,Bank transfer,28.01,1754.52,3,No
11c58ef0-dd46-4c09-8752-87aa5408f9ac,23,Female,22,Month-to-month,Bank transfer,24.08,518.66,1,Yes
59e4b671-4774-4c58-85f8-bc16f7860b50,40,Female,13,Month-to-month,Bank transfer,41.92,484.23,6,Yes
adf4e62d-6651-429e-8268-690ba43825b5,62,Female,53,One year,Bank transfer,36.17,1942.31,2,Yes
54c63cd8-8945-4f27-97fa-2d8dfb2ca025,68,Male,61,Month-to-month,Bank transfer,40.36,2362.09,6,Yes
e08596db-1d87-4966-8710-d430f071d879,47,Male,31,Month-to-month,Credit card,62.55,1877.76,3,No
94a1875d-2db6-4edb-82de-ffccf86c2ca2,67,Male,51,One year,Credit card,22.94,1096.72,1,No
09cb3942-43f5-4a85-bbc9-f87af668a617,19,Male,34,One year,Bank transfer,47.68,1661.14,2,No
587ef344-6f3f-420c-98b8-e4cc1bc044fc,57,Male,15,Month-to-month,Mailed check,91.58,1382.66,6,Yes
6fb78271-504d-481f-8953-5b63ba81edd9,31,Female,2,Month-to-month,Electronic check,26.91,9.13,7,Yes
1d9af659-82ec-4f2d-bbf6-e16f9b3080d5,37,Female,70,One year,Electronic check,116.94,8178.82,1,No
30a900ad-939b-462d-a645-f129629c2ae3,22,Male,65,One year,Credit card,59.67,3840.2,9,Yes
6fa17735-b572-43d0-8b5c-ea6a41357e8c,31,Female,10,One year,Electronic check,63.09,592.89,3,No
ce777f00-ecf2-4e76-8519-7ff4006ed6e3,29,Male,57,Month-to-month,Credit card,57.94,3220.74,4,No
f0b5156b-b82c-4074-afd5-dea589d7fd6c,61,Female,28,Two year,Mailed check,40.58,1196.52,3,No
3270e4fa-abae-4f43-bcae-8081bdf070aa,19,Male,37,Two year,Electronic check,84.0,3076.81,4,Yes
f2e9702d-11e9-4daa-ae69-81a35d3d9e56,68,Female,12,Month-to-month,Electronic check,67.99,789.04,1,Yes
9f871ce7-5487-4d4f-abb7-a385aa0b7b14,46,Male,39,Month-to-month,Bank transfer,72.17,2836.02,6,Yes
1fe771d6-d917-4793-a9d3-c2e6505cc686,62,Female,50,Month-to-month,Bank transfer,36.24,1707.61,4,Yes
81d2c7de-4ce1-4b90-a669-7833b841d0a0,25,Male,5,Two year,Bank transfer,89.26,444.76,0,No
5380b904-688c-4015-aab9-7e494f2d4796,64,Female,46,Two year,Electronic check,41.57,2012.39,4,No
8dedf9fb-4bb0-4f20-b27c-40266703b636,58,Female,62,One year,Mailed check,80.5,5031.12,8,No
aa38d0a1-6ba2-4efe-b11c-6eb62095eef6,26,Male,31,One year,Credit card,85.05,2616.63,5,Yes
bf85bf0e-ad64-456c-a10f-aa3ff0bbac67,55,Male,70,Two year,Electronic check,99.78,7049.09,7,Yes
91b0e1d9-9d92-42af-ac8d-0e44e71e43a6,24,Male,15,One year,Mailed check,59.62,881.23,4,No
d56f0350-8c45-4ce2-a7f4-8ad54d0b0d1a,46,Male,33,Month-to-month,Electronic check,64.44,2128.6,7,No
35ce8841-4973-4d6c-8dca-bfb7001a9a8b,27,Female,46,One year,Electronic check,106.33,4879.56,1,No
9b4e2c24-9479-41e6-8927-7d9b6e0d2648,46,Female,25,Month-to-month,Mailed check,72.66,1809.0,6,No
7118e364-7709-4749-927e-ecfaa79ac9aa,67,Female,43,Month-to-month,Bank transfer,63.09,2631.16,4,No
82dc4c8e-36b5-429a-acf5-e81e71316269,42,Female,51,Month-to-month,Electronic check,67.92,3440.58,3,Yes
f5b78cc7-e6b3-4944-8b32-3e357922bac2,69,Female,27,Two year,Credit card,73.92,1974.47,9,No
a8aa7158-2b70-4525-bc67-f831cbc84759,35,Female,49,Two year,Mailed check,32.19,1604.81,9,No
a9f25336-83f4-49a9-88a6-39d015b52908,48,Male,63,Month-to-month,Mailed check,38.52,2378.34,7,No
17e8392a-55ce-45db-9e87-e04ca2086977,21,Female,7,Two year,Credit card,24.34,193.98,6,No
3c20592f-c04a-46c4-b3b6-3fe1d1843324,38,Female,9,One year,Bank transfer,81.1,736.86,9,Yes
ce7ae7f6-3982-4cff-8f77-a665ac3c5640,59,Female,24,Month-to-month,Mailed check,45.56,1146.93,3,No
0bd4a990-0640-4e0f-a5b8-fd4b32fa2de8,27,Male,18,One year,Mailed check,65.18,1127.59,1,No
9c7c7377-79a2-4903-bbe3-3b243eae0032,66,Male,33,Month-to-month,Electronic check,37.84,1195.55,6,Yes
74962764-12a4-4ef0-84bb-b7a9d98868dd,27,Male,57,Month-to-month,Mailed check,47.45,2667.65,6,No
935f2b0a-a138-4ddc-a2d9-de5d6a18ce4c,20,Female,39,One year,Bank transfer,119.13,4674.52,6,No
624c69b6-b244-45a7-b7e5-848131c681ec,53,Female,36,Month-to-month,Credit card,56.7,2122.62,5,Yes
25c73c44-3e75-43b4-a64f-a6637e8f8095,21,Male,49,Two year,Credit card,100.04,4913.65,5,No
e4855aa1-016b-4287-b008-05cca7f36ae9,20,Female,44,Month-to-month,Bank transfer,39.03,1639.53,1,No
e2add909-c521-4f2d-9c45-d539c03f3538,19,Female,35,One year,Mailed check,53.36,1826.35,4,Yes
3805f907-6cd6-4193-8746-8f591b494e15,48,Male,55,One year,Mailed check,62.27,3432.92,6,No
b227462c-f53d-4330-8dda-24ba2d06e8cf,34,Female,12,Two year,Bank transfer,112.72,1325.94,7,Yes
8eb22579-0cdb-4ca4-b6ec-bdd68498e113,37,Female,65,Two year,Electronic check,29.29,1833.49,5,Yes
1f115b76-d92c-4227-aadf-50853fcb7546,56,Female,33,One year,Credit card,98.2,3187.07,1,No
76f2dbfe-cd29-436f-a222-82e174daaebf,19,Male,65,Month-to-month,Credit card,47.97,3073.56,9,No
8f15ba58-fce6-4504-87f8-424daae65fc1,23,Male,22,Month-to-month,Mailed check,76.66,1687.83,0,Yes
c1581092-f335-4ba3-913a-7052986f9025,35,Male,35,One year,Mailed check,106.81,3614.92,5,Yes
d0a44432-9cd6-4852-b14c-7df4e4347d51,24,Female,14,Month-to-month,Electronic check,22.29,290.35,3,No
6d3ee1dc-8139-4443-a45b-712eb8225688,27,Male,66,Month-to-month,Mailed check,51.37,3363.23,0,No
722764e6-8c41-461b-a827-a1b9d4a02e53,63,Male,52,One year,Electronic check,102.52,5291.06,4,Yes
dc8aee30-be60-43f7-a8be-9288e5af6e39,42,Male,68,Month-to-month,Credit card,116.58,7945.02,3,Yes
c074718e-425a-409f-b337-c59979844388,23,Female,43,One year,Credit card,56.48,2485.84,1,No
46fde062-a33d-47af-9701-410d3f4b1a70,19,Female,11,One year,Bank transfer,89.5,883.72,8,Yes
7c0e8cd8-8573-4793-8715-b2b9c40c5d91,26,Male,21,Month-to-month,Mailed check,46.54,1004.77,0,No
709b7d97-464c-44af-bd3f-3799a07295e9,56,Female,17,Month-to-month,Credit card,50.63,814.59,3,No
3c07c574-4925-4af1-b6aa-e05b13d5f2f7,55,Male,50,Month-to-month,Credit card,60.48,2960.36,5,No
e49d681d-51d8-4c64-95fa-1ab8458f1f19,54,Male,5,Month-to-month,Mailed check,33.38,234.17,4,Yes
269cd696-236c-4b87-94a0-bccb8a476a87,32,Male,10,One year,Credit card,73.53,685.59,4,No
271e3ee2-b1a6-41f1-a20e-99d33b33f3d8,43,Female,68,Two year,Credit card,93.74,6372.77,7,No
6a34c854-1071-4d51-b6c5-9dacb4d7e28e,46,Female,29,Month-to-month,Electronic check,115.62,3376.23,1,Yes
7746d0ba-8ae8-405b-94b4-a48268586eba,46,Male,10,Two year,Credit card,110.18,1110.13,4,No
d5385b0e-34f3-493c-8ff0-a55c6a702e2f,51,Female,59,Month-to-month,Electronic check,81.39,4803.61,2,Yes
c51155ff-e7a3-4e81-a3b4-c08b6b8e869f,61,Male,8,Month-to-month,Electronic check,94.62,719.29,0,Yes
05000bc6-b20d-4b6e-b231-1f1795863a76,41,Male,24,Month-to-month,Credit card,93.75,2182.64,3,No
9360715f-c3fe-4183-a172-b725db52ca58,24,Male,28,Month-to-month,Mailed check,29.84,786.94,5,No
f1578470-0182-47c4-ba1b-58066160a6b4,27,Female,8,One year,Electronic check,117.6,897.73,8,No
63d62a39-c0e3-4efd-8c71-e0fe5a0cdd7c,67,Female,21,Month-to-month,Bank transfer,118.0,2433.98,5,Yes
d5f25073-f414-42b1-a442-9ebbda7b9095,49,Male,16,Two year,Credit card,35.66,529.11,7,No
bc10fa52-bf5d-4fdf-89c8-d2ab6b44fa8d,42,Female,22,Month-to-month,Credit card,32.15,717.39,2,No
e5d6f6e6-9a6e-42f5-8cc4-29038bcf53a1,38,Male,32,Month-to-month,Bank transfer,104.65,3340.44,4,No
45df16b6-382c-443f-bcfc-9b793875394c,63,Female,7,Month-to-month,Credit card,37.74,278.31,5,Yes
638c254c-076e-4bba-bc53-08bf6f92f25e,42,Female,29,One year,Mailed check,33.17,1002.56,2,No
cc530e36-addc-4e13-ab3b-4d37560c95ee,61,Male,22,One year,Electronic check,94.34,2104.38,2,No
d72b6108-2a40-4f12-b963-f37f67814c1f,36,Male,29,Month-to-month,Credit card,83.63,2394.15,9,Yes
fb10987f-20ac-4703-ab67-146a77a6e17c,25,Male,5,Two year,Credit card,29.92,173.5,9,No
e82c7d7b-06e7-45f9-88bc-539c9f4c3b79,42,Female,21,One year,Bank transfer,81.5,1662.15,8,No
a9ba5a27-907b-4e36-9786-48f864de82e6,39,Female,58,Month-to-month,Electronic check,21.1,1298.14,8,No
6db99102-a48b-4dbe-957d-94a106f028ff,37,Male,16,Month-to-month,Bank transfer,67.03,1018.92,3,No
2e85cb21-7631-4e9d-9de9-f86322bd3388,41,Female,26,Month-to-month,Electronic check,20.19,525.23,6,Yes
53cd6268-610c-4373-8299-9aa40cdf742b,55,Female,4,Month-to-month,Electronic check,29.3,89.61,2,Yes
56666f9f-53ac-4ab9-b467-2cd9362f5e5c,33,Female,55,One year,Credit card,80.35,4547.16,1,No
473bd358-610e-4a64-a130-1617c2dff335,36,Male,60,Two year,Electronic check,83.65,5041.75,9,No
6bebac31-d4f8-4d72-b382-1cfdc083b73a,48,Female,64,One year,Electronic check,34.75,2183.13,6,No
78660765-14f7-4e8d-95bc-b8d04094dded,50,Female,63,Month-to-month,Bank transfer,100.14,6347.47,5,Yes
0d557b61-8a17-4dfe-bfc0-0dc804f64d86,34,Female,4,Month-to-month,Bank transfer,31.83,171.43,5,No
39669fa7-5997-4043-b3b1-025bfff9f585,28,Male,9,Two year,Electronic check,38.45,275.51,0,No
f510ab53-c7fe-439f-9190-f938a66fd7f7,62,Female,51,Two year,Mailed check,105.27,5310.05,9,No
07f194f9-c115-4d6d-8a4e-5b70a6d964a3,46,Female,37,Month-to-month,Electronic check,65.82,2379.77,3,Yes
d6d7b3b8-3309-4d35-bf4d-f561f319c125,56,Female,35,Month-to-month,Electronic check,20.7,721.92,8,Yes
3d114802-2702-478b-9f0f-da8d05379ff6,61,Female,57,One year,Credit card,67.21,3783.27,7,No
1d48a071-ab61-47b1-b93b-4c3220500494,33,Female,70,Month-to-month,Electronic check,105.31,7324.02,3,No
770c7798-37cc-463b-b2a0-345990604f62,60,Male,21,One year,Electronic check,97.19,2033.45,7,No
5e6fea07-c453-4f1d-8199-2fdfb31022f0,41,Male,48,Two year,Mailed check,102.79,4922.07,7,Yes
f6b751f7-9b74-4245-9b1b-c8952af43ab7,54,Female,21,Month-to-month,Bank transfer,92.52,1915.06,2,No
c71d5e60-1d52-46ab-b7e6-427cbf780e3f,29,Male,61,Month-to-month,Mailed check,92.0,5558.8,9,Yes
4fa03f26-f6f7-40cc-a9ec-8e49d1bdb8c0,39,Male,33,One year,Electronic check,42.74,1461.02,6,No
edcb8cb6-0692-4c63-9424-aed51bac5c15,34,Female,70,Month-to-month,Mailed check,68.47,4678.69,4,Yes
e87466d7-ad66-41bd-9367-6a024fdc6e1b,39,Female,57,One year,Mailed check,106.2,6135.03,7,No
f1043785-658b-4523-a014-1de9f54ad0a2,55,Female,59,Month-to-month,Credit card,99.4,5851.55,0,Yes
9793b9b4-1374-4146-b2c5-bd89b70b3420,24,Male,20,One year,Credit card,95.68,1841.29,4,No
3e2b6091-a092-452a-94a0-57a7b0cc1b3b,69,Female,14,Month-to-month,Electronic check,76.02,1069.03,9,Yes
4d3485c5-c5c1-4eb4-b27b-3d901a16342c,19,Male,3,Two year,Electronic check,59.07,151.29,6,No
ce3714af-99b4-4350-af2b-99b4d9acd158,67,Male,19,Month-to-month,Bank transfer,40.38,827.6,9,Yes
90e0f4a0-fbdd-4933-8bd5-8bf61efd76e9,45,Male,36,Month-to-month,Credit card,99.79,3630.71,7,Yes
8861fe18-58e2-4888-8a83-81bec85aca46,37,Female,12,Month-to-month,Credit card,105.72,1259.05,2,No
11a72609-5edd-4bbf-a959-76636daa2e68,60,Female,33,One year,Bank transfer,38.42,1282.76,4,No
033d2bce-575a-4d2c-a5c5-650c8186a576,23,Female,19,Two year,Credit card,93.97,1823.48,6,No
7d7ddbed-d284-476c-ab88-f83dd97dc9cd,62,Male,21,One year,Mailed check,36.6,759.24,6,Yes
5cb85aed-f5f6-4c97-aefb-63b11b049863,22,Male,3,One year,Electronic check,102.3,356.19,9,Yes
75b17a55-d426-4982-a43e-4288a2b5b498,22,Male,61,Month-to-month,Electronic check,101.91,6306.9,8,Yes
2d174fc9-6f7c-45ea-a72a-6d8eb5122df8,64,Female,3,Two year,Mailed check,37.38,129.68,4,Yes
a6846099-f729-4951-8591-31d2bbda0242,43,Female,33,Month-to-month,Credit card,110.54,3608.62,8,Yes
eb6c1016-cee6-44d0-9dac-6e8345241ea6,39,Male,69,Two year,Mailed check,117.91,8166.22,2,Yes
7701f7bb-7bc6-4e1f-864e-e6e389c5b31a,33,Female,66,Month-to-month,Credit card,26.96,1793.52,0,No
97ac6aa8-bb24-48a3-9363-57b66f81cf4f,40,Female,63,Month-to-month,Mailed check,71.27,4477.06,5,Yes
3ed8c56c-da09-4fa0-9282-8d8044b591f7,38,Male,57,Month-to-month,Mailed check,95.92,5457.5,8,No
4767d76c-162f-4a24-af43-613cd4aac9a3,30,Male,6,One year,Bank transfer,36.91,236.47,1,No
c01f36bf-3e6d-458b-b367-c28de1b294de,55,Female,62,Month-to-month,Mailed check,100.24,6196.0,7,No
ab0e664e-9c3e-42d5-91e1-aa9676f72255,43,Female,22,Two year,Bank transfer,117.28,2579.34,2,No
7e8adee7-0758-4201-961e-16d16105716b,26,Female,45,Two year,Bank transfer,75.92,3444.87,2,No
7cd0129d-2e8d-4e87-9334-20e6d9d80b8d,31,Female,38,Month-to-month,Credit card,29.65,1238.42,8,Yes
4223623b-cc3e-4dde-9ad5-cf06364d7c87,69,Male,14,One year,Bank transfer,42.64,629.74,3,No
989d9d4a-e15c-4666-8797-b2c957207246,19,Male,41,Two year,Bank transfer,27.9,1220.29,0,No
8e485223-46b9-4991-a14e-b70db380c73a,29,Male,11,Two year,Mailed check,77.33,789.33,4,No
30e912f2-f2b4-4abf-8441-aefd0299436a,50,Male,61,Month-to-month,Bank transfer,102.93,6318.03,7,No
680bac63-b856-4035-bdc9-829015eabb27,25,Male,47,Month-to-month,Mailed check,63.46,3008.18,9,Yes
3d85de89-c217-4429-8e20-07247d137018,39,Female,21,One year,Credit card,98.88,2145.16,2,No
b63b4dc3-a559-4463-b9e1-3ceab0cbc61f,24,Female,28,Month-to-month,Credit card,68.77,1946.77,1,No
046a0df5-cafd-4613-b2bb-912d7da67785,58,Male,38,Month-to-month,Electronic check,20.29,778.19,5,Yes
6786d506-38ba-4abc-8b53-05e517d2582e,25,Male,65,Month-to-month,Electronic check,68.2,4455.6,3,Yes
a9f948b2-4e63-44bb-be49-3f43b118f68d,30,Male,49,Month-to-month,Mailed check,103.33,5001.17,3,Yes
8db06746-7927-4973-9e78-1fd794e0d3ba,43,Male,49,Month-to-month,Mailed check,49.35,2410.14,4,Yes
ff233d5f-6ced-415d-9800-7c0287ea7ff5,34,Female,21,Month-to-month,Bank transfer,77.48,1660.65,6,Yes
5a104129-54ae-4d1b-8ce6-424dbef59fe6,28,Female,19,Month-to-month,Bank transfer,47.47,833.04,7,No
4e7ed827-455a-4762-b428-a656b3ee4d3b,62,Female,61,Month-to-month,Electronic check,91.84,5509.34,9,No
b8a6171f-1ee3-4dc4-bb04-8a8b405bfdc9,42,Male,46,Month-to-month,Electronic check,102.96,4777.09,0,Yes
be2d740a-1e9b-43bc-90c7-c006314d3441,35,Male,19,One year,Credit card,95.12,1747.03,0,No
b0ae8f08-c31e-4bbc-b36c-b62b892e6161,68,Male,41,Two year,Bank transfer,84.61,3509.46,9,No
bd1531c8-3764-4bda-b108-d4482f65fafa,68,Female,39,Two year,Credit card,83.79,3283.08,4,No
96ef2ad6-b97e-4703-86c8-adfe7bf47042,55,Male,16,Two year,Mailed check,21.17,253.87,0,Yes
98c7472a-864e-4a13-829c-fc0cfa02eaec,32,Female,62,One year,Bank transfer,66.66,4100.64,7,No
d52721e7-19bc-443e-bb02-bebb48729a4d,45,Male,54,Two year,Credit card,87.3,4667.01,9,No
5c62b3a2-3a3c-463e-8bd6-cee631b1b099,61,Female,32,Two year,Credit card,77.93,2439.03,8,No
b540b30e-039f-4a25-8d61-68bd2defe193,57,Male,48,Month-to-month,Bank transfer,80.11,3896.91,6,Yes
0ba6eab9-4639-447b-a067-bdac88bd13d1,45,Male,7,Month-to-month,Credit card,96.19,729.67,3,Yes
4ac9778d-8da8-4ee4-8df5-6ac6f96b648a,27,Female,18,One year,Bank transfer,58.59,1076.44,0,No
a34b6cf6-2053-4a42-b1af-db65b289f224,22,Female,34,Two year,Credit card,118.8,4105.52,0,Yes
1a432f0a-7daa-49f0-80b6-fce2de53790a,66,Male,50,Month-to-month,Credit card,117.75,5831.76,9,Yes
48ca7651-92f5-4f7b-8323-d342df6a8f93,60,Female,51,Month-to-month,Bank transfer,34.71,1775.09,4,Yes
5738811d-70c2-403f-ba8d-03aa782a65e0,54,Female,37,Two year,Electronic check,67.4,2500.09,8,No
40a26c60-0d27-4659-b72a-da9b2f32751e,30,Male,47,Month-to-month,Electronic check,58.55,2751.14,5,Yes
1d34d08e-7a4c-45d4-9c99-e04cf0e98b3b,54,Male,49,One year,Electronic check,96.19,4702.35,9,No
7de31a51-6694-4343-90ba-58e3d2762bdc,62,Male,46,One year,Electronic check,116.64,5426.83,6,No
afbb411a-a123-4a8c-93b7-a88612f70c97,18,Female,63,Month-to-month,Bank transfer,35.05,2182.05,0,No
cfa701cd-2631-400b-a6d7-94d30db95301,35,Female,24,One year,Electronic check,93.08,2262.16,7,Yes
15ce6a66-4dc8-4a1e-b2f9-e5fa90164161,34,Male,36,Two year,Bank transfer,116.4,4203.09,5,Yes
8edddfcd-1e52-4770-bf89-7142fe716b14,28,Male,5,One year,Credit card,66.68,356.78,9,No
989bc4da-9b37-422b-aa8a-616fc3b290d0,34,Male,19,One year,Credit card,68.34,1311.22,9,No
c693da11-39c6-41ca-9e50-aa42ca6dfda1,28,Male,62,One year,Bank transfer,80.58,5048.25,8,Yes
e893be3d-7354-4a6f-a160-745985c7504b,34,Male,53,Two year,Mailed check,64.35,3486.43,6,No
96a9954f-dc33-41f9-8c1f-55ab715629ee,65,Male,45,Month-to-month,Electronic check,49.84,2327.57,7,Yes
9191b363-4e2d-4645-adc7-cac7fd72b050,55,Male,59,Month-to-month,Bank transfer,82.66,4974.79,2,No
f5c9b047-9c10-4572-8f6b-40d09efba58b,59,Female,21,Month-to-month,Mailed check,53.34,1108.07,2,Yes
c342bd2b-f295-456e-9967-5f06bd767e35,47,Male,35,Two year,Credit card,119.46,4174.91,4,No
43bfd931-3605-4f54-a021-c0ca3531968d,54,Male,8,One year,Credit card,100.92,789.54,0,No
3d67cde9-2834-44c0-94c8-b3b4a911d192,19,Male,23,Month-to-month,Mailed check,48.03,1128.21,1,Yes
2812859a-1337-439e-8d4f-5d272c7f0b79,36,Male,16,One year,Electronic check,70.06,1028.17,9,Yes
b07aa066-7354-45ea-a894-9b8d00af5b3a,55,Female,66,Month-to-month,Electronic check,86.69,5742.86,2,No
085b15fb-4a8f-4810-b84c-2f29980402a2,31,Female,55,Two year,Electronic check,78.33,4291.2,6,Yes
48603b32-b4fb-4eb9-89c1-3de73b4206c5,58,Female,53,Month-to-month,Bank transfer,55.78,2913.61,0,No
1238d630-743b-45a2-9c0f-2fcfb3f6fe0d,49,Female,10,Two year,Mailed check,27.18,288.55,1,Yes
43b9da13-ec85-4f37-bbc1-a987aff8754d,45,Female,53,Two year,Mailed check,76.33,4010.72,1,No
96fc734d-a003-4d28-8a8f-3653c9af18f8,51,Male,49,Month-to-month,Bank transfer,38.9,1983.95,9,No
32a447b2-ef04-457d-8dcc-c33aa9434aa0,39,Female,50,Month-to-month,Mailed check,44.68,2191.08,8,Yes
398d1ca6-8b68-40b5-9d61-fac36cd5e859,36,Male,27,Two year,Credit card,98.89,2726.31,2,No
44007d5a-e88d-4719-a624-2b40a5cb63a2,66,Female,56,Two year,Electronic check,31.6,1773.52,8,No
0f44704f-1247-4a4e-a469-98e8d39e198b,27,Male,23,Month-to-month,Bank transfer,86.64,1964.98,0,Yes
9854ce4e-4ebf-45c3-8ae9-b4a72a79ea68,28,Male,68,One year,Mailed check,46.9,3301.26,4,Yes
ebd34616-91b7-4d8e-9301-6989bfbbb17f,54,Female,48,Month-to-month,Credit card,63.27,3016.45,1,No
77fc9703-1fd5-4423-b06c-5c5649e2623d,52,Female,71,One year,Mailed check,75.21,5420.99,8,No
670acc5c-b321-4f21-8dd8-eb85b04d3376,28,Female,56,One year,Credit card,87.78,4884.6,1,No
8a3c3b5e-801e-41da-85b1-ed25f1533ae8,25,Male,36,One year,Credit card,117.46,4235.47,5,Yes
9918ee46-1497-4658-b010-f7197e695d0d,53,Male,13,Month-to-month,Mailed check,98.2,1259.6,4,Yes
bc0a6a5d-6e99-4e3e-a3b1-37fc0a3450fc,27,Female,13,Month-to-month,Credit card,103.83,1358.61,2,Yes
069f14f1-4018-4c6e-9a8c-fa3c5283aac7,64,Female,17,Two year,Credit card,20.99,360.95,8,No
ac9ed156-f63f-4e41-ba9a-ca5e176132ed,43,Female,65,Month-to-month,Credit card,46.73,3015.35,5,Yes
964db03f-9340-4fad-9c4a-d56bd6016237,64,Female,34,Month-to-month,Bank transfer,21.76,723.04,4,Yes
c3c75611-ffe3-4a49-854f-92fff366bad4,24,Female,57,Month-to-month,Credit card,76.81,4407.72,3,No
9384ec2b-44fe-4cae-9248-a9a7ac1aa554,26,Female,8,One year,Electronic check,49.11,492.44,5,Yes
2cd94cbb-c19a-458c-835b-1c8c0a4c9f7f,57,Male,29,Month-to-month,Mailed check,80.33,2294.23,9,Yes
7135f221-a6c9-437f-84da-d06a7872bdeb,57,Male,5,One year,Credit card,74.45,370.11,5,Yes
ff37d19c-2e76-428b-8735-44f9ea83bf00,43,Female,71,Month-to-month,Mailed check,104.72,7378.26,4,Yes
d0725b5c-a281-4044-af96-288295d82980,21,Male,28,One year,Electronic check,54.52,1479.59,3,No
785299f4-175b-498d-b814-01027de1bdfe,64,Male,46,Month-to-month,Electronic check,113.06,5122.21,7,Yes
5230dfbd-5553-42fe-a889-803e5913f9d3,67,Female,27,One year,Credit card,70.06,1890.84,4,No
292bd156-db94-4570-9ac7-0ec0ab8ddeb4,23,Female,62,Two year,Mailed check,74.69,4622.27,2,No
7ed70ed7-b194-490b-a961-929e546e035a,46,Female,44,Two year,Credit card,104.36,4526.14,1,No
668409e3-f1f8-443e-a99f-131849c8a43f,45,Female,70,Month-to-month,Credit card,115.14,8062.2,4,Yes
0964fbbf-8cd3-41b0-82b0-1cfdd045dd1c,36,Male,55,Month-to-month,Mailed check,118.12,6513.19,3,No
409d3602-5084-4242-968b-1625746f7891,46,Male,17,Two year,Electronic check,115.29,1955.32,9,No
c5c5b37a-f85e-46a1-9dad-09b252c21221,49,Female,65,Month-to-month,Electronic check,36.27,2377.64,7,No
d32e6dcd-83bc-4478-9d6a-c7b86778043b,46,Female,44,Month-to-month,Mailed check,98.44,4376.09,4,Yes
de8ede0b-a85c-4e4a-804b-6fabfcf56188,57,Female,55,One year,Bank transfer,45.38,2390.07,8,No
0de051a6-69ca-47d2-b644-14fd8ae769ed,61,Male,45,Month-to-month,Electronic check,35.38,1766.89,6,Yes
9f64eeed-5c9d-427d-84b8-71bb300568d2,37,Female,35,Month-to-month,Bank transfer,77.71,2646.68,0,No
71299889-a01a-4992-bf9d-3e64c1a6423b,69,Male,53,Month-to-month,Credit card,104.73,5575.05,4,Yes
445dcc38-341c-4494-8d36-6dfcc28ebd70,34,Female,41,Two year,Electronic check,91.92,3801.6,7,No
49bc473f-ed7b-4656-a18a-15368c99a894,52,Female,26,Two year,Electronic check,55.31,1428.6,3,No
7c16128d-b2c0-4394-a17f-29e170286046,37,Male,8,Month-to-month,Bank transfer,79.38,681.12,8,Yes
a14923c2-f920-464c-8763-fcd01f15c7b6,32,Male,37,Month-to-month,Bank transfer,101.09,3716.4,1,No
b5b453ca-3d42-493c-8c9f-d3349bdf0377,41,Female,4,Month-to-month,Electronic check,66.33,313.21,4,Yes
03802b70-8d03-491e-8f8d-5238288b78b5,40,Male,69,Month-to-month,Electronic check,96.55,6628.16,9,Yes
3985fb62-17dc-4eff-a872-13f98d605936,56,Female,61,Month-to-month,Credit card,20.15,1230.86,3,No
1d0bc9bd-e9b5-45cf-9766-5cdafe049059,55,Male,36,One year,Electronic check,95.91,3495.45,4,No
a5d04d53-1e12-42e3-b272-92b6762172ed,44,Male,57,Month-to-month,Bank transfer,119.95,6848.97,3,No
eec259dc-7f95-497c-a76a-a6ced50755d9,39,Male,54,One year,Electronic check,58.07,3210.65,1,No
b495db4e-8245-4fb4-8ab7-706eb77350ca,26,Male,11,One year,Mailed check,46.53,486.6,3,No
7b85179a-d5b0-47e0-aa5d-932b45ff2c83,64,Male,21,One year,Electronic check,71.39,1383.73,8,No
74eff545-3e65-4603-b8e3-654bfaf14ff0,19,Female,15,One year,Bank transfer,100.35,1513.1,6,Yes
30cbd755-6232-417a-a507-41818d1fb540,34,Female,41,Month-to-month,Electronic check,41.34,1647.84,0,No
bf0d073d-821c-4336-9970-cf60ebff8d15,29,Female,47,Month-to-month,Credit card,69.63,3295.31,2,No
11df12d7-dd30-4e89-a2f2-35f2e11b868d,53,Female,68,Month-to-month,Bank transfer,98.22,6691.76,0,No
dabac50d-ca3d-4859-85ce-099c46b82659,21,Female,59,One year,Mailed check,74.64,4387.6,0,No
c9a7d91f-ef2a-4713-9702-10496a39aaa6,18,Male,27,Month-to-month,Credit card,37.93,1036.29,9,No
00a81de9-d20f-47d0-8465-6d6b81fb18b3,48,Female,44,Month-to-month,Credit card,101.64,4541.5,8,No
d664d264-4c6e-47ff-b9de-7a3a486822b9,24,Female,56,Two year,Mailed check,103.28,5765.22,0,Yes
a8f1e091-ffb8-402d-9475-dbc996418ced,28,Male,27,Month-to-month,Mailed check,53.4,1448.97,8,No
7250ee18-260a-4962-9d81-b7f57d5911c6,22,Female,59,Month-to-month,Mailed check,63.28,3677.69,1,Yes
551ac8ea-585a-4afa-bbfd-cc1289e06ab3,56,Female,33,One year,Mailed check,93.35,3142.34,6,Yes
6090d697-8b1e-4b9d-834b-9fbb8d4a75b8,36,Female,54,One year,Credit card,47.79,2555.31,8,Yes
de9e3757-5260-401e-aecf-67d2749176f4,46,Female,17,Month-to-month,Mailed check,31.33,449.19,8,No
3d225c30-b28f-41de-bb14-0bc3304b8590,43,Female,41,Month-to-month,Electronic check,59.76,2408.73,8,No
db23aa8c-3bca-4f85-a20a-60ac9261549d,19,Female,24,One year,Mailed check,34.39,792.22,6,Yes
517400f8-0b2c-482a-a928-8e92c68a152f,46,Male,20,Month-to-month,Mailed check,89.58,1747.3,1,Yes
e9d68f23-b489-4070-b914-f8a8bea4ff31,51,Female,67,Month-to-month,Bank transfer,87.6,5864.64,0,No
fd08b32c-62d6-4e93-a198-5d54cfb87e6f,23,Male,59,Month-to-month,Credit card,20.2,1299.57,5,No
a6eab79e-d21c-42f8-8ada-4f80a9e782d4,38,Male,22,One year,Mailed check,88.01,1887.34,0,Yes
f6febc0e-7ecd-4baf-a6f0-5fcffb16e5db,21,Male,49,One year,Bank transfer,115.76,5728.46,9,No
f72169bb-8096-4718-a051-acef097a1e10,23,Female,38,Month-to-month,Mailed check,94.28,3565.94,1,Yes
19b17e80-dea4-4e17-94fd-9ad39716108e,38,Male,25,Month-to-month,Bank transfer,101.73,2402.25,2,No
1986b4b2-70b7-4868-9854-80f0dfcaf0b7,34,Male,41,Month-to-month,Credit card,40.4,1685.52,6,Yes
03edd1f8-74f9-4d17-a912-b4bf86a4bae4,40,Male,52,Month-to-month,Bank transfer,55.6,2878.88,1,No
def57689-68f4-4bce-a4e7-5e8eb8f21423,50,Male,16,Month-to-month,Credit card,53.3,887.69,1,No
1327f1bc-2784-478f-b84f-16b3a79fbfaf,36,Female,59,Month-to-month,Credit card,40.03,2432.62,7,No
43d88870-f81d-4aa1-8812-0a8e78308930,25,Male,6,One year,Bank transfer,46.89,315.41,0,No
65c17795-b155-46bc-9f8d-ed9756abf2f1,26,Female,56,One year,Mailed check,83.02,4690.66,9,No
541cdfcd-da0d-4a5f-948f-8b74a65bb1f2,67,Female,37,One year,Mailed check,102.47,3740.52,5,No
889b78d5-dbfd-497e-aca2-b148da330aa1,30,Female,7,Month-to-month,Mailed check,22.83,125.76,2,Yes
a075e927-5110-4492-b442-7e0b61484bb3,67,Male,1,Two year,Electronic check,36.05,0.0,4,No
7cea2045-c268-483e-a32f-2e63b7fddd71,45,Male,71,One year,Bank transfer,88.51,6267.64,3,No
9e11d2cd-0930-4ef6-8a80-068ddf547e50,44,Female,23,Month-to-month,Electronic check,55.38,1243.13,3,No
af34cf65-a193-44b2-bc19-e71d118405ad,62,Male,46,Two year,Credit card,98.64,4468.13,9,No
3a3c8a71-ff57-4e2b-8991-ab9bebc2026f,50,Male,61,Month-to-month,Bank transfer,102.89,6348.74,6,Yes
fa745761-6f18-4108-9723-199dbf2c14a0,22,Female,67,Month-to-month,Bank transfer,81.05,5454.03,3,Yes
b4323070-a23d-4c2f-82a7-96891933918c,40,Male,17,One year,Electronic check,91.87,1515.47,5,No
2a96e1e2-7194-4ae2-99ba-d7aedf615a5c,47,Female,33,Month-to-month,Mailed check,36.57,1192.76,9,No
0769165f-e746-4cb9-8ca9-cf07b1aa0f6a,68,Female,34,One year,Credit card,51.1,1758.65,6,Yes
0e5dd462-cbd0-4ef2-930a-37df0bc61066,36,Female,15,One year,Credit card,81.63,1119.84,0,No
6e417d47-5ff5-45ea-9bc4-40f14b1a269b,27,Female,47,One year,Electronic check,70.01,3361.11,2,No
697c3923-87fa-441a-be83-b91f25440fe0,18,Female,48,Two year,Credit card,80.56,3850.09,7,No
2e183554-cae2-4e66-ae8a-781390e0a95b,24,Male,69,One year,Bank transfer,40.43,2750.2,0,No
9c07a751-1437-4509-acd1-586a2b840c67,18,Male,62,One year,Electronic check,87.32,5460.71,9,Yes
aee1e86b-9ea5-46aa-a1ee-6c5bdeef580f,42,Female,28,One year,Credit card,103.61,2889.91,8,No
9549c931-e9af-499d-bf67-1eec3da70577,58,Male,51,Month-to-month,Bank transfer,65.13,3338.32,2,Yes
a34db7c5-760d-4bbb-bb70-b3a124a35cf2,63,Female,57,Two year,Bank transfer,48.09,2726.25,1,Yes
aab612c9-415d-474a-b5a6-69814104a8b5,39,Female,57,One year,Bank transfer,26.66,1489.28,1,No
771ad655-cdfc-4ee0-a61e-de900267deb3,32,Female,64,Two year,Mailed check,52.12,3346.24,2,Yes
8beddb12-ad77-482f-89a2-3a89e6b5a92c,31,Female,40,Month-to-month,Mailed check,57.45,2275.37,1,No
f1faf665-7115-43f3-92e8-9d1028711733,66,Male,31,Two year,Electronic check,30.37,934.97,8,No
4c955f6a-966b-4964-bcd6-bdca5876fd09,26,Female,58,One year,Electronic check,55.02,3247.47,2,No
b0b862ef-6c9f-42b9-b647-8986a3917c99,61,Male,59,Month-to-month,Electronic check,54.7,3265.96,5,No
4d57d880-d865-469a-b4f3-310340066ff2,34,Female,3,Month-to-month,Mailed check,108.91,419.96,9,Yes
da743152-627b-41a1-bfd6-f23232ffe294,30,Male,54,Month-to-month,Credit card,51.38,2830.02,7,Yes
61a11729-3cb9-4350-9b4d-a0fe7bb38605,19,Female,10,One year,Bank transfer,75.79,705.89,2,No
4bbe4aff-9326-4ffd-9be4-bf5192698698,35,Female,62,One year,Bank transfer,83.68,5200.18,2,No
059dd55d-4b94-4e30-b303-f438fe2110d0,18,Female,45,Two year,Electronic check,89.46,4048.86,5,Yes
6553867d-a881-4fd3-947d-577bfa5a91ca,32,Male,4,Month-to-month,Bank transfer,38.77,86.72,3,No
dd750e98-90e0-495f-8212-b554464458b4,37,Female,33,Month-to-month,Electronic check,66.4,2163.12,2,No
f93e08d5-bea2-4dfe-873f-6e1baf908e3c,63,Female,48,Month-to-month,Credit card,40.11,1847.1,7,Yes
bec39a37-9b3d-44bd-a91e-314e0c8e29e3,46,Male,18,Two year,Bank transfer,101.27,1945.33,0,No
e726be23-e776-4886-9534-ee1d7f2984f5,28,Male,21,One year,Bank transfer,21.37,389.95,4,Yes
3ae909fe-cc82-48da-8696-f5e64944051b,55,Male,24,One year,Credit card,50.9,1223.36,9,No
3810ae66-5a31-44cc-8d4b-69a99b689c88,33,Male,10,Month-to-month,Credit card,119.07,1135.25,2,Yes
402913ec-9ef2-493e-b0ac-7d7ba2f963a3,27,Male,43,One year,Credit card,79.69,3445.05,4,No
c478f6f1-b88e-4318-816d-83edad81f8bd,29,Female,4,Two year,Mailed check,91.51,261.04,8,Yes
2303f6c6-d69d-42f1-ae4c-84ffa8c01f05,49,Male,61,One year,Bank transfer,106.36,6461.99,8,No
a0a11839-e745-4704-98df-bc3ca0d4de3d,27,Female,65,One year,Credit card,61.38,3997.37,7,No
c9e26074-4f16-49a0-8a17-991ea5769411,39,Female,47,Month-to-month,Mailed check,36.97,1815.3,7,No
5d678bb1-945e-42e4-888a-93ec70d9c9f8,47,Female,3,One year,Mailed check,60.19,223.27,1,No
e8dd5e5a-1712-4b16-a1a4-344fbb7bee03,55,Female,36,Month-to-month,Bank transfer,79.28,2830.79,7,Yes
6a5e6920-bf5a-47e6-93a3-dd5a4b8c5bdc,43,Female,55,Two year,Mailed check,79.68,4374.86,7,Yes
c958e75e-21d5-4971-b367-49b52cf6bf75,40,Female,35,Month-to-month,Electronic check,109.74,3855.33,7,No
5da8d6d2-f8b3-4a8b-a05f-b8bc8a16a06c,47,Female,20,Month-to-month,Electronic check,117.53,2354.34,0,No
45c45a3e-e9da-484a-8075-9f1f87e5f0fe,59,Female,29,Month-to-month,Bank transfer,98.94,2809.57,3,Yes
e9ff1cae-41c8-4a8c-aa1f-955ad499da99,41,Female,32,Month-to-month,Electronic check,72.99,2320.61,4,No
f7a67b94-7b5a-411a-b1b6-4afed31edf1a,57,Female,40,Month-to-month,Bank transfer,99.83,3933.04,7,Yes
ded255d0-bf1e-4366-8b8e-63d4ce7607ad,56,Female,49,Month-to-month,Electronic check,26.26,1234.64,4,Yes
77e490c7-1d7b-4313-8de2-2f1c56b60afc,21,Male,64,Month-to-month,Credit card,35.49,2269.79,6,No
c1101266-2408-46dc-9346-d1a9f6802cdb,63,Female,62,Month-to-month,Mailed check,98.06,6037.3,7,Yes
ad238d36-dc32-4c97-b9c1-e262f76c8ede,65,Female,62,Two year,Electronic check,65.96,4135.29,9,Yes
65bcc272-fadd-4ea3-aca5-e2fdb966442a,51,Male,22,One year,Credit card,74.72,1616.36,7,No
8eac0a33-cdf9-44a7-9882-b5c1f79efd70,59,Male,63,Month-to-month,Electronic check,118.95,7479.91,4,Yes
6502d6a2-ca6a-4224-971e-16cc5da36f1b,33,Male,63,One year,Mailed check,103.82,6582.92,6,Yes
1fa382e8-895c-4d99-83b3-8eb403902c5d,65,Female,16,Month-to-month,Credit card,61.61,1032.03,0,No
bfbf397b-ac3e-4b0d-9e5b-a13d746cdb77,23,Male,60,Month-to-month,Bank transfer,60.28,3618.39,6,No
618ae305-95a5-4afa-831d-029fac1e86d8,30,Female,59,Month-to-month,Mailed check,105.47,6234.36,2,Yes
5f18e583-f0b6-483f-a377-f6f1d289f0ab,51,Female,22,One year,Mailed check,116.99,2562.79,7,Yes
78b2b549-3bdb-409e-acc2-16a01bbc91f7,23,Female,32,One year,Bank transfer,109.4,3562.71,4,Yes
f1738856-e25d-46eb-9e9a-9f83066803ee,42,Male,41,Month-to-month,Electronic check,107.41,4359.96,6,Yes
9c2e58de-ea4e-4617-93f8-382b8fb864e4,21,Male,45,Two year,Mailed check,25.35,1074.78,3,No
a2a9d4d8-102e-4de5-a5cc-8bf738ab854c,32,Male,17,Month-to-month,Credit card,112.07,1874.79,6,Yes
b379cb1e-e8cd-40cc-b6da-3ca0d2e82f38,25,Male,59,One year,Electronic check,66.63,3900.83,1,No
1dde7969-6886-43db-a634-8e784d5c55c7,34,Female,13,One year,Electronic check,90.81,1203.41,1,Yes
0986bbeb-f23e-423d-8b9b-d93423c86d30,38,Female,21,Month-to-month,Electronic check,71.06,1530.67,9,No
1dba1267-7e1c-45a1-bef5-18a64dead645,40,Female,52,Month-to-month,Electronic check,63.82,3329.41,5,No
899ca782-e323-4d1a-bc1b-dacc18e19331,61,Male,9,Month-to-month,Credit card,92.46,844.6,7,No
5efa9c5b-7421-4f46-a37e-4b0122bae10e,29,Male,42,Month-to-month,Bank transfer,76.85,3183.03,0,Yes
b24cc64f-be3e-4e57-b30a-9e32aba4fc03,46,Male,40,Two year,Mailed check,56.59,2319.7,2,No
965befdf-6b4b-4411-8a4a-0e2df22b5b98,58,Male,11,Month-to-month,Electronic check,116.15,1236.73,7,No
e2aa7a5d-278e-400d-ba02-66efbe055787,45,Male,17,One year,Credit card,51.75,896.32,9,No
d56ce8ea-1959-4b5a-a7a8-f6366a35df59,53,Female,13,Month-to-month,Credit card,74.3,992.57,3,No
f065c817-687a-4850-9d9b-62317d45d8ef,63,Male,58,Month-to-month,Mailed check,27.89,1535.65,1,No
b0b63bcf-0860-4833-879d-0cdaf396ea37,50,Male,4,Month-to-month,Bank transfer,29.24,97.34,7,Yes
71d79665-7181-4dcf-b79e-fc6e5edb0d3c,41,Male,14,Month-to-month,Bank transfer,70.15,972.76,9,No
5cd8fe1a-dafe-48a9-bc71-e0bef3579560,37,Female,10,Month-to-month,Credit card,101.74,935.88,9,No
5e09a9ee-af88-4dec-bb1e-143b196f4dfa,66,Male,35,Month-to-month,Electronic check,44.95,1609.6,1,No
a5135ea0-fa53-434d-a6d5-901d8b621d41,40,Female,48,One year,Electronic check,64.01,3094.64,1,No
46a02a9b-65ec-4acd-8f80-35f55bd20c98,38,Male,49,Two year,Electronic check,93.49,4489.98,9,Yes
f2f25eef-1f45-4bfd-b7dc-67e030974b2b,69,Male,46,One year,Credit card,31.66,1469.86,4,No
1777e8cb-7468-4b98-92fe-2fded918b3e5,60,Female,47,Month-to-month,Bank transfer,113.16,5331.72,6,Yes
a3b5cece-a446-4e72-b64c-911aa9ab364a,57,Female,10,Month-to-month,Electronic check,28.27,346.32,4,Yes
0cf2b69b-0577-4ea9-b899-924698de8ebb,54,Female,59,Two year,Electronic check,42.63,2524.71,7,Yes
fd235def-3e5a-47e3-9560-db22c96b5edb,47,Male,39,Month-to-month,Bank transfer,94.82,3711.29,5,Yes
34885a46-9088-4eaf-8977-6598203c8c25,47,Male,58,Month-to-month,Bank transfer,34.43,1921.7,4,No
8de08fc2-c3e1-4a85-946e-f10411906f50,18,Male,63,One year,Mailed check,102.36,6454.98,0,Yes
d0243d72-3748-467f-961d-33ba350843f0,52,Male,8,Month-to-month,Electronic check,52.82,346.59,5,Yes
c63d04ee-541c-4a86-bba5-cd2fdea45c19,31,Male,61,One year,Electronic check,58.46,3424.45,0,No
989240ac-e689-43a9-89e4-8e8c25c61c45,52,Female,6,One year,Mailed check,88.39,504.85,4,Yes
fbe94499-dbc0-40fd-86fb-7bf300b9d4a3,23,Female,59,One year,Mailed check,53.21,3141.11,8,No
8a4b8f7c-2147-4a15-bcce-96f6250a4578,30,Male,44,Month-to-month,Bank transfer,97.36,4287.65,2,Yes
1c24220e-2cab-47e7-8c6b-66e5402adf9c,53,Male,32,Two year,Credit card,101.47,3238.05,0,No
21bddb41-0699-4731-9dcf-8766a93b12cd,67,Male,32,One year,Mailed check,87.58,2774.78,3,No
c9d6a63b-ca3c-4f5f-9bb5-c40c03cde2e3,33,Female,16,Month-to-month,Electronic check,42.01,682.38,1,No
040a3aae-52e2-4fd9-96bf-10ab3ce915e7,25,Female,15,One year,Electronic check,51.31,656.84,8,Yes
20733f6d-0d6a-45b3-83ef-20162c9b662e,47,Female,18,Month-to-month,Electronic check,62.85,1098.14,1,No
1d181ee9-86ad-4a8c-abc4-123ebde13c1b,62,Male,69,Month-to-month,Credit card,104.47,7110.08,6,Yes
72c22a16-79eb-4168-9045-56e5bee3eb79,59,Female,15,Month-to-month,Credit card,47.44,655.74,9,Yes
97fa7f04-8363-4007-9cae-9610c72c1fe3,65,Female,63,Month-to-month,Bank transfer,91.28,5697.36,0,No
38b77c07-80fb-4296-b3b6-a09b1beaf6ac,22,Female,70,Month-to-month,Electronic check,60.02,4261.06,6,Yes
ba2c98ce-0b19-488e-9d77-a45ef206c269,59,Male,9,One year,Bank transfer,65.97,505.26,8,Yes
a8addf36-ddf2-45eb-a8a3-f341c8819065,36,Male,47,Month-to-month,Credit card,74.65,3477.32,8,Yes
a4b1f991-7542-4646-8d37-a539857dd3b3,62,Female,25,One year,Mailed check,28.41,668.23,8,Yes
ffa361be-0f92-40e1-87f9-7d05f6ca6b8b,52,Female,48,Month-to-month,Bank transfer,43.5,2076.76,4,No
6d204496-66d0-4371-98e8-8ebb7a9e8eef,62,Male,64,Month-to-month,Mailed check,112.65,7179.9,0,Yes
b65feea9-7d82-4264-9ba3-62e7afa415e5,52,Male,59,One year,Mailed check,98.16,5786.13,9,No
e63658c9-12d0-498d-b18d-4d05e8e22743,30,Female,2,Month-to-month,Bank transfer,90.94,205.55,6,Yes
25f934bf-9bb9-4155-9275-eb9414aeaf5c,57,Female,12,Month-to-month,Bank transfer,100.56,1193.34,0,Yes
9fd34579-4667-42ce-a04e-178c10d08d11,38,Female,69,Month-to-month,Credit card,65.01,4527.79,6,Yes
b64fa54a-8c61-4654-95da-75c1a21150f9,27,Male,52,Month-to-month,Electronic check,92.75,4804.54,3,No
98eeac2b-fe9f-4caa-a182-f347533f5a72,69,Male,21,Two year,Bank transfer,111.08,2416.96,3,No
816bcb9f-7426-4193-8b7e-6b3c87d292a6,49,Female,18,Month-to-month,Credit card,78.48,1429.73,2,No
cb08587d-1963-426d-ae21-8b099afd4015,30,Male,62,Two year,Credit card,108.61,6718.19,6,Yes
a79b44b6-da50-4fed-9d4a-3d81b3a7d0e0,55,Female,57,Month-to-month,Credit card,102.44,5869.58,1,Yes
8d244e3e-c4da-4ddb-a0b1-5abaa6a27967,40,Female,37,Month-to-month,Credit card,47.06,1785.87,2,No
6e191042-370b-4063-9d90-e79eb888f6ed,49,Female,59,Month-to-month,Mailed check,81.88,4922.4,7,Yes
69efafb1-3a7e-4e14-a359-eee173991a47,33,Female,46,Month-to-month,Bank transfer,88.91,4100.97,3,No
66132e69-7418-4109-93d1-bf0f56c438e4,64,Female,12,Month-to-month,Electronic check,69.22,894.58,0,No
50032b35-1857-4baf-bac7-e2b96a7e4c36,59,Male,2,One year,Credit card,30.28,105.58,2,No
4140752c-aa44-4259-9001-8b7b6d4067f4,66,Female,66,One year,Mailed check,77.54,5140.2,3,No
afd380c4-2713-482c-b41e-a3ac5fd23109,42,Female,10,One year,Credit card,52.38,585.73,4,No
175a81ec-112f-4612-b969-9ed2ec48bf55,62,Female,57,Two year,Bank transfer,31.34,1851.94,1,No
6e8f75a1-17dd-4d81-95da-705cd4ef00aa,42,Female,12,Month-to-month,Credit card,22.78,333.12,3,No
5f65c8ce-bd21-4c11-be9d-61ee18b87245,19,Male,51,One year,Credit card,69.26,3556.17,1,No
0f5ae9d3-8e6e-4003-a14f-3f12cfd01cbd,31,Female,29,Two year,Electronic check,77.69,2253.63,9,No
8fca7b6a-8fc4-4092-b4e5-59e596229348,54,Female,14,Two year,Mailed check,60.66,992.66,7,No
692ac139-1f4a-4ca1-ab85-fd595463adc7,62,Female,22,One year,Credit card,119.44,2548.07,3,No
f0ede303-aa53-419c-9fa4-bb9f5a856750,55,Male,23,Month-to-month,Bank transfer,28.17,691.62,4,No
ea74bb18-de3b-496f-ac45-96f6c012a0ff,57,Male,70,One year,Electronic check,86.51,5957.2,0,No
49a214ae-f7e8-48e5-8d2b-91efb8976ec5,64,Female,5,Month-to-month,Credit card,84.49,457.89,0,Yes
1a85910d-5a05-4c11-8ffc-a6b199b479d4,52,Male,54,Month-to-month,Credit card,105.12,5680.46,8,Yes
279c658a-3676-4ce5-81e5-c9f693f277cc,42,Male,22,One year,Electronic check,58.87,1322.84,8,No
d8e7012f-3968-4c81-bb70-c3b8a81fdec3,18,Female,44,Month-to-month,Bank transfer,102.97,4527.4,5,No
8e676a01-d86a-4460-99a1-120e1bb43332,52,Female,46,Month-to-month,Bank transfer,52.69,2440.13,0,No
47503f1d-c33a-4f6c-9d69-1fba5e187b24,46,Female,70,One year,Credit card,33.32,2286.55,3,No
6dda4f8d-cea6-4f4c-b9e5-8ff092f837d4,26,Male,4,Month-to-month,Bank transfer,93.02,388.41,8,Yes
c4767556-f97b-42dd-8f9b-72aed85c16bd,69,Male,53,One year,Bank transfer,39.62,2097.16,8,Yes
accb461a-9d13-4363-9f29-4a8bd1846c39,36,Female,39,Two year,Bank transfer,74.43,2853.65,9,Yes
9be71737-06b8-4231-8e86-7f3ca487eeab,28,Female,43,Month-to-month,Mailed check,45.23,1990.58,0,No
b18753e6-d457-4ad9-a867-a096edd877c8,25,Male,52,One year,Credit card,27.46,1350.63,6,No
45f50c52-2e2f-4f77-8769-79d644777442,42,Female,26,One year,Credit card,55.86,1433.65,8,No
ebe9e207-4f19-4ec0-832d-4526b3e4110a,69,Female,4,Month-to-month,Electronic check,87.61,342.66,9,Yes
2e709838-0190-4620-99dc-abd056febfb9,58,Male,45,Month-to-month,Credit card,77.97,3561.98,2,Yes
a847bce7-90fa-4b57-a4ac-2130deaf528d,31,Female,35,One year,Electronic check,30.63,1045.98,3,No
bdb025ff-2451-45a4-91d0-59b26699cd99,32,Female,51,Month-to-month,Bank transfer,85.97,4484.11,5,Yes
177d6e7e-07d9-44ce-b8c8-8faea2178f84,42,Female,7,One year,Mailed check,39.76,239.36,9,Yes
604e46cb-3712-42d1-87cd-b6a1bf012e32,24,Female,50,Month-to-month,Credit card,49.74,2511.13,3,No
284bf962-5744-4596-b422-21676b7a2460,60,Female,4,One year,Mailed check,56.36,179.06,2,Yes
530ac1c7-b8ba-4368-8fc7-77685ebbcca5,41,Male,36,One year,Bank transfer,87.84,3107.68,2,Yes
98a21f1c-914d-4fae-b100-13a7c6deb2f0,48,Female,37,Month-to-month,Credit card,51.91,1935.06,6,Yes
27d415b6-0d77-45a0-a222-b6a615bfbe97,47,Female,22,Month-to-month,Credit card,111.58,2385.16,6,Yes
0cbd3c03-9e2a-44ac-8122-b5b3284c03d2,43,Male,6,One year,Credit card,100.17,550.47,2,No
716fda0a-45a8-4829-94e2-86e5ac8936bc,48,Female,30,One year,Electronic check,34.91,1073.73,6,No
9b69554d-7c54-435f-ac8c-3b6aa974d079,38,Female,29,Month-to-month,Mailed check,55.15,1663.42,1,No
372f871a-45ee-432d-aa07-f2137129cec7,61,Female,18,One year,Bank transfer,65.93,1204.95,9,No
585d3f86-1d23-44e6-8329-20b7c143f426,35,Female,22,Month-to-month,Bank transfer,83.15,1840.62,8,Yes
ad9fb00d-4882-473c-9c63-45ab6e0ed1e8,38,Male,16,Two year,Bank transfer,80.51,1316.85,8,Yes
86e52753-7c93-46cc-97d7-a560adb14670,39,Female,69,One year,Mailed check,48.34,3271.64,9,No
3873e57f-0ba0-48e8-8ef4-92c1aac93316,32,Male,29,Month-to-month,Bank transfer,38.45,1091.17,5,Yes
0e0630cd-996d-4c50-bc04-a168652ffb49,55,Male,19,Two year,Credit card,103.91,1911.53,3,No
f200c261-4d29-41ab-b455-12f701f7c7ec,68,Male,67,Month-to-month,Bank transfer,72.04,4800.93,6,Yes
c3a00c6f-2321-41e1-8471-04c036136e15,55,Female,41,Two year,Electronic check,84.56,3450.84,0,No
1eb74b56-53ff-43a2-8a19-35014169b9fc,33,Female,56,Month-to-month,Mailed check,36.99,1989.56,8,Yes
6e3f683a-bf3c-4140-bf54-a51101fa964e,23,Male,69,Two year,Mailed check,112.81,7789.87,1,No
88575117-6155-4667-a112-507c2cfa55b0,45,Male,56,Month-to-month,Bank transfer,61.37,3484.35,3,Yes
8f0881ee-8011-416b-bae8-8926b423ccde,51,Female,67,Two year,Mailed check,92.87,6313.81,6,Yes
5aaab32f-ce63-42b6-ab05-347fd556b37d,30,Male,25,Month-to-month,Mailed check,99.75,2519.32,1,Yes
bdf66ba5-dc9c-46de-a5a6-74c212738a23,29,Male,55,One year,Bank transfer,52.49,2983.71,9,No
75b27455-04cc-4ede-afac-16730ad45230,62,Female,65,Month-to-month,Bank transfer,81.23,5249.72,0,No
5024bdc6-dcb3-4df3-93ee-cdc6ebd14d2c,69,Male,49,Two year,Bank transfer,34.0,1707.29,2,No
67884209-92ca-425a-ade5-93329364f3d0,55,Male,54,Month-to-month,Credit card,87.55,4677.65,6,No
4a1dab32-6aed-4dc7-a3e0-5309b5a1b949,38,Female,25,Month-to-month,Mailed check,55.54,1374.32,6,Yes
f758dce2-0556-4aea-a7b0-32831d7c0098,40,Female,30,Two year,Mailed check,77.56,2321.63,6,No
f296d9f0-cd23-42c2-abff-e17b532401fc,61,Female,47,Month-to-month,Mailed check,67.3,3101.15,3,No
b08a4895-d4ff-4666-b5c8-e90d9e3d750d,44,Male,57,One year,Mailed check,71.32,4056.69,3,No
6fcc57dd-168f-4e12-9ca2-60c9eb7607c9,45,Male,28,One year,Electronic check,51.9,1400.06,8,No
6f887f28-3e49-4d09-9b19-d8b8d8302081,55,Female,45,Month-to-month,Mailed check,114.15,5131.09,7,Yes
1422373f-8622-48d1-a683-e10796c044d0,66,Female,35,Two year,Credit card,47.55,1599.29,0,No
beed10b6-4f6e-474b-9eda-b0276550f74a,60,Female,16,One year,Bank transfer,100.84,1536.72,8,No
c77444cb-5543-4c3c-b8b8-f24e56ea57b3,36,Male,34,Month-to-month,Credit card,44.69,1561.4,1,No
a21b0307-82af-485c-938d-994c2b0abedd,62,Female,21,Month-to-month,Credit card,103.15,2194.16,9,Yes
31a3ac4d-828c-47e7-87d5-b7be1d30d990,69,Female,60,Month-to-month,Electronic check,101.19,6030.88,3,No
59e1ac09-5970-4859-86b6-e4ade7ea8d5a,26,Male,9,Month-to-month,Electronic check,22.01,313.27,1,No
a53bc024-d1a6-4d87-b54e-2019ba35844e,46,Male,4,Two year,Mailed check,40.84,89.39,8,No
1a5165ca-3c7c-4d85-a5cf-0041d0a643fe,65,Male,9,Month-to-month,Bank transfer,42.07,481.12,9,No
2c6a6e9a-3280-47a1-8187-222b257d5e52,26,Female,71,Month-to-month,Credit card,113.17,8035.1,6,No
c257cf73-c29d-482b-a722-796e9a36d1ec,56,Male,23,Month-to-month,Mailed check,98.19,2296.38,1,Yes
f387e1bd-2d59-42c6-934a-5a2fa7cf705c,34,Male,2,Two year,Mailed check,77.51,207.74,9,No
76c5a0dc-7e7e-4419-a0c1-4035c5d95f51,20,Female,64,One year,Mailed check,60.53,3832.26,7,No
9458054e-c287-4f06-9050-f7efc1235c91,32,Male,55,One year,Mailed check,38.28,2073.49,5,No
e1cde87f-ec95-4f87-ae5e-c36572eb7474,47,Male,49,Month-to-month,Bank transfer,46.74,2272.29,0,Yes
fc8d5b93-a2a2-491f-a49b-1cd99082889b,30,Male,27,One year,Credit card,34.67,1061.28,7,Yes
f891b0c3-dd3f-487e-92bd-c6619fe0a8c7,23,Male,25,Month-to-month,Mailed check,84.57,2061.93,1,Yes
70944bdb-26a5-44e3-90ee-7a92a09151e0,28,Female,61,Month-to-month,Mailed check,28.43,1735.69,5,No
a1a27485-7134-4c2a-b80b-3657117b355b,47,Male,51,Two year,Credit card,98.32,4976.31,5,Yes
97674900-4651-4367-8bdc-43184d85a3d2,20,Female,7,One year,Bank transfer,41.77,301.29,6,Yes
12fe28bf-81e0-4489-9a18-e2a30e614bcd,58,Male,42,One year,Mailed check,60.18,2440.59,0,No
09a0a0f6-73b0-4091-b634-c1694f76e388,22,Female,3,One year,Mailed check,60.22,215.89,0,No
497de16d-d4ea-420a-9e65-96540e9058b6,69,Male,50,Month-to-month,Mailed check,24.72,1239.64,3,Yes
fa34d2e8-dd3f-4d7e-a508-dc9513a4a492,32,Male,62,Two year,Electronic check,33.23,2069.62,7,No
98159d6c-9d71-4084-971d-abf9daf481a7,49,Female,13,Two year,Mailed check,45.56,527.94,1,No
949077c2-7674-456f-a26d-719d81cf3252,46,Male,31,Month-to-month,Electronic check,33.84,1054.44,7,Yes
bd29ede9-cab4-423b-b448-83858de7ad6c,19,Male,56,One year,Credit card,62.22,3453.22,1,No
e8b77f7b-7321-4f6b-8a80-76ece5582e16,66,Male,17,Month-to-month,Bank transfer,95.21,1647.71,4,Yes
30307633-a6de-41d8-9258-17b7cf501889,47,Female,69,Month-to-month,Credit card,54.5,3690.04,8,Yes
80599b93-79c2-42e4-9ae1-a991524f93ff,39,Female,22,Two year,Electronic check,32.04,684.45,0,No
73557b9d-0fd6-447e-b52d-4af2269ed4c9,18,Male,1,Month-to-month,Credit card,44.22,50.6,0,No
d65e59dd-e62d-4d06-8f9b-85581a7f195b,58,Male,60,Two year,Credit card,43.26,2584.44,1,No
15969802-b6dd-4257-bb7d-9f1c57eb89b1,66,Male,56,Two year,Electronic check,93.91,5307.0,0,No
0a0537f0-2c2c-422b-a568-95c6812a1f9b,40,Female,30,One year,Mailed check,23.77,741.54,6,No
fdb1429e-7010-4d13-b526-b22d3f6c21f7,59,Male,40,Month-to-month,Mailed check,73.84,2968.02,8,Yes
9c1c3517-85d2-40a6-8629-5b5d707df251,29,Female,51,Month-to-month,Mailed check,53.73,2712.1,7,Yes
eafde7d9-5f73-4a3e-9d28-6aa428a39779,25,Male,54,Month-to-month,Credit card,73.76,3968.35,8,Yes
c6435300-68a5-4c68-a32d-bb5e486bb6bf,52,Female,30,Month-to-month,Bank transfer,110.53,3251.49,2,Yes
0d67d38e-990f-4c5b-adcc-3daf569f3ab3,51,Male,31,Month-to-month,Mailed check,49.77,1490.74,8,No
55ab946d-a5b5-4dc2-a181-c85eca0ac6ac,39,Male,56,Month-to-month,Electronic check,27.05,1456.19,2,No
8ed6ad5e-1831-4aa3-9466-9d1910df9974,18,Female,70,Month-to-month,Bank transfer,67.65,4703.66,5,Yes
4082cbb9-48bd-4b3e-a2f5-df2badaa44ca,33,Female,65,Two year,Credit card,110.92,7230.78,8,No
f6e39356-a814-4562-9a00-3f16b9469bcf,24,Female,53,Month-to-month,Bank transfer,107.84,5822.35,1,Yes
267eddce-df8f-4197-9a4a-99b2e806133c,34,Male,12,One year,Credit card,61.12,670.25,0,No
a9e27ba9-952e-4abb-94dd-5061555736f8,23,Male,18,Month-to-month,Electronic check,23.98,424.93,3,Yes
4f6b58c8-598d-4aec-aaaf-e5432434a678,44,Male,69,Month-to-month,Bank transfer,102.92,7122.09,6,Yes
a981b098-b2cf-452d-a7f3-33b3f7baf55e,33,Female,29,Month-to-month,Bank transfer,82.86,2363.75,8,No
b576255e-9854-4f22-a102-f9c964575bc4,20,Female,32,One year,Bank transfer,26.9,965.85,0,No
8f158449-4f40-422f-95b0-2530f020e992,69,Female,6,Month-to-month,Bank transfer,102.48,640.56,0,Yes
54170a17-caaa-4bbe-a4bb-f962606e0e1c,68,Male,42,One year,Credit card,80.09,3457.13,8,No
b3ecb951-ab8c-4f97-a0b7-1785d02ce0c1,44,Female,64,Month-to-month,Mailed check,67.25,4320.65,8,No
ff4625af-bd20-463b-b275-b5f3d436a7a8,39,Female,63,One year,Bank transfer,25.57,1493.66,4,No
17ec889c-86c1-46cb-a996-30f7af77520e,55,Male,45,One year,Mailed check,49.8,2240.65,7,No
822c4d32-6c64-4c15-aba3-01cba561e1e9,34,Male,50,Two year,Credit card,91.47,4562.72,4,No
4f11d8dc-5cd3-4369-84aa-c1b75ca0c428,46,Female,17,Month-to-month,Credit card,50.15,788.01,0,Yes
577bc55a-36d5-4494-b37f-d50d2e25b5ee,21,Female,20,One year,Bank transfer,108.09,2183.27,8,Yes
31274148-7c7c-404e-8422-d03ef29a6339,44,Male,19,Month-to-month,Mailed check,62.38,1200.09,1,No
27aa7cbc-2337-4bbc-bffe-77c839feb99c,20,Female,42,One year,Credit card,96.22,4036.15,0,No
c9c23e69-d82c-4565-8bb9-07ec13c11754,20,Male,49,Two year,Bank transfer,118.58,5833.27,3,No
8a2e6a93-c558-4bb2-81f7-f3fb19e45c6a,18,Male,25,Month-to-month,Credit card,58.75,1534.4,7,No
86cac6f4-e238-4e93-bd17-c5e8d5ca69ab,45,Female,16,Month-to-month,Bank transfer,94.94,1448.28,6,Yes
e05b46c5-5636-4094-a974-31db09a9d1c1,62,Female,63,Month-to-month,Credit card,91.51,5776.06,1,Yes
98e52499-218c-4e1c-9e37-4f7ac42cbc39,47,Male,12,Two year,Electronic check,90.73,1071.44,9,No
2e4bebc4-2989-4880-a77d-1be96070b6a1,65,Female,40,Month-to-month,Electronic check,55.8,2151.42,6,Yes
9feefdff-c566-4a81-b15e-54f6d4d30795,65,Female,2,Month-to-month,Bank transfer,113.87,323.13,3,Yes
b89f72f3-2a60-4652-a714-7668cf1d7d3a,36,Female,44,One year,Mailed check,69.73,3064.49,3,No
5d42b9e9-692e-47b6-8b2f-6d5c700b5d5f,29,Female,51,Month-to-month,Credit card,105.45,5420.62,4,No
f836f571-3cce-476c-b836-c448ad261ec5,22,Male,15,Month-to-month,Mailed check,93.99,1391.38,4,Yes
c09cb506-48f1-496d-9c4f-fb4671b701aa,32,Male,70,Month-to-month,Electronic check,94.8,6661.37,9,Yes
3be79df4-72ec-416e-88a7-23e9bfa016c2,52,Male,14,Month-to-month,Mailed check,113.02,1624.07,6,Yes
f7315749-4f39-49a8-bd3a-258288b4f474,58,Female,17,Month-to-month,Mailed check,101.16,1684.97,9,Yes
e76adca9-7811-4802-88cc-7cfecf01f944,59,Male,4,One year,Bank transfer,112.26,447.65,0,No
ada58417-5e2a-432d-b1ab-0b56d5c9fdc7,23,Female,51,Month-to-month,Electronic check,80.25,4250.35,4,No
70cafdd8-fc04-4f08-9207-0158f2771f63,38,Female,8,One year,Mailed check,63.62,452.79,5,No
c7332304-4822-4120-84f9-eccd7630a8a7,39,Male,50,Month-to-month,Credit card,112.26,5509.75,5,No
6b2d5b09-8707-4ad4-80be-7e3561c2645a,61,Female,44,Two year,Mailed check,21.2,934.22,0,No
331f63fb-d11f-48c0-a97c-a4fff75d599f,55,Female,51,Month-to-month,Credit card,53.73,2711.83,6,Yes
df7d0dd7-236e-4608-9acb-394acd1f5318,35,Female,57,Month-to-month,Credit card,43.98,2465.24,9,Yes
7b07fd31-a424-4f23-8d5b-a7cd400035f0,69,Female,32,Two year,Electronic check,31.92,1017.49,4,Yes
ef2ddcc4-8df6-41da-9f07-c1a5dfc620ce,64,Male,35,Two year,Electronic check,77.09,2669.19,7,No
8412a335-d88c-456d-b61e-5fdb1a435206,47,Female,53,Month-to-month,Credit card,119.33,6333.79,0,No
1578d709-48f9-43d0-9fea-e1e0d9e604b3,57,Male,68,Two year,Mailed check,65.56,4511.11,2,No
73069588-45d5-468d-a90a-3abbc35b9fea,33,Male,12,Two year,Electronic check,31.33,385.11,9,No
d4bf7a4b-25b8-442f-836b-15c7e7c225da,30,Male,29,Month-to-month,Credit card,75.92,2138.22,9,No
e916da57-f248-43ab-977a-8a5f6ffe33b3,19,Male,28,One year,Electronic check,80.32,2260.73,9,No
e27718c5-737d-4fb6-9113-76e038d77b9a,29,Female,23,One year,Credit card,100.2,2277.59,4,No
6a36af18-06d3-4b93-ae33-688d597e6845,28,Female,52,One year,Electronic check,51.62,2680.08,6,No
5fbbf0b1-8083-49c8-a57e-01c90da23e5c,49,Male,15,Month-to-month,Electronic check,57.3,920.09,3,Yes
14e4180c-fe99-46a3-a2db-c8503c5bf3a7,43,Male,37,Two year,Electronic check,66.86,2454.4,3,No
519554e3-0737-4c86-b97b-5f515ffa46ef,48,Male,25,Month-to-month,Mailed check,101.67,2526.47,0,Yes
b6f6dbf1-d6d4-41cc-995d-82f8ee4a9b5d,29,Male,54,One year,Credit card,102.96,5504.91,9,No
25637cc3-ca97-4bf5-95d5-96afa663d2cd,50,Male,56,One year,Electronic check,112.94,6395.67,9,Yes
eada79a3-4970-4d9a-89ce-3cfb2339ba19,32,Female,15,Month-to-month,Bank transfer,44.23,613.16,1,No
d4c3a832-b231-460b-b8f2-ce6bd46b415d,20,Male,61,Two year,Bank transfer,114.77,6915.5,8,Yes
781799ff-b49e-44cc-8243-69e72387eaf6,58,Female,4,Month-to-month,Bank transfer,64.46,215.81,3,Yes
e7e646c7-0158-4463-9d87-76a072d78bdd,59,Male,39,One year,Electronic check,60.0,2377.5,7,No
3735262d-4184-4b03-84dd-7054144823f7,59,Female,39,Month-to-month,Mailed check,86.47,3457.2,8,Yes
f0b2a5d1-8c7e-4f42-a646-eaf9d5c0244d,40,Female,49,One year,Bank transfer,99.74,4853.22,7,Yes
6c5a6c93-871c-4884-9bdf-90f2ba2c0f19,60,Female,55,Two year,Credit card,55.97,3167.64,3,No
3cd5fd7f-49c1-4669-86b3-3fe61c76bdf6,47,Female,30,Two year,Mailed check,88.91,2682.15,1,No
3d0a5f0c-0c39-4ec7-9f31-74054d183eba,66,Female,55,Month-to-month,Credit card,107.77,5953.68,4,Yes
9f708368-cb3c-48ca-a392-57316b79afcc,40,Female,16,One year,Bank transfer,70.28,1100.61,4,No
d6312a80-1c61-4ec2-9014-2131750565f5,47,Male,18,Month-to-month,Credit card,49.79,888.58,6,Yes
893ad232-98c3-43ca-bff4-cec6e7b7b4c6,21,Male,34,Two year,Bank transfer,118.81,4114.95,9,Yes
93364f7e-83ef-49f3-a1c7-cc8a04351b64,56,Male,10,Month-to-month,Bank transfer,118.37,1135.09,4,Yes
4a90cd0c-24c1-43b9-b7f2-85723defa849,66,Male,17,One year,Electronic check,38.88,710.08,3,No
5a5226e6-9d64-4932-8066-853d6de299a1,55,Male,63,Month-to-month,Mailed check,21.05,1345.94,0,No
2ff3cde4-6aa4-4c9f-9217-04753d959e3f,61,Female,6,Two year,Bank transfer,53.58,334.66,4,No
8603156a-15ea-4bcf-ab10-21ceaa143cd8,33,Female,20,One year,Electronic check,115.89,2329.98,5,No
f4124360-1153-4e99-9c50-8720f982f4e0,36,Female,65,One year,Mailed check,77.85,5005.74,8,No
c9525185-81e0-4a5e-8b48-f49686abd4e7,42,Male,55,Month-to-month,Credit card,28.7,1570.52,0,No
0534a101-8ddc-4719-81f3-8dd4fd034ada,34,Male,66,Two year,Credit card,29.13,1944.08,9,No
0b251279-785a-45d0-9f92-a62163f4c69d,37,Male,17,Month-to-month,Mailed check,64.99,1159.43,6,No
5f90bed6-fb25-464d-a30a-a767a2bb522b,24,Male,39,Month-to-month,Electronic check,25.57,1042.4,8,No
5b6a8102-0428-4378-bf50-23f440ef3935,29,Female,29,Month-to-month,Bank transfer,30.38,854.43,2,No
3dba6da8-5844-49fc-914b-9547c9dc72b8,34,Female,23,Month-to-month,Bank transfer,22.89,513.18,8,No
1a89b71e-a0d5-42c8-a837-fe68bba205ca,41,Female,35,One year,Bank transfer,53.8,1837.98,0,No
c1b5b5ca-bc35-46df-94f7-9dbac5811d2d,49,Female,18,Two year,Credit card,77.12,1417.77,1,No
5a304528-0b59-4562-a227-219f551ff086,66,Male,44,Month-to-month,Bank transfer,91.8,4001.34,5,Yes
a48e40f1-d042-4dfa-96ab-087a8bc78e81,26,Male,51,Two year,Electronic check,71.4,3629.51,3,No
af475b49-c775-4395-9494-05f02cd2a404,42,Female,66,One year,Mailed check,46.68,3065.62,6,Yes
7a8104de-b205-47bb-bb16-f75776f186ab,41,Male,1,One year,Bank transfer,69.1,47.57,4,No
2285b2ef-cfbe-4fe9-aea9-c542a1b970d0,59,Female,12,One year,Mailed check,64.47,788.12,3,No
f1901b7e-c6b4-49ef-b74e-ba9310275b53,58,Male,34,Month-to-month,Mailed check,118.65,4036.39,2,Yes
339b77a8-4b1f-4d7b-8977-c513752a7d25,61,Male,70,Two year,Mailed check,50.97,3576.85,2,Yes
e2c328aa-3310-4475-8a86-22250b36e356,29,Male,48,Month-to-month,Electronic check,74.48,3597.17,3,Yes
4f612217-eef1-4694-90ca-e32d0aba590e,41,Male,52,Month-to-month,Electronic check,92.24,4796.7,4,Yes
d0be73ee-fd37-4539-a5f2-02f983f02dc7,21,Female,59,Month-to-month,Credit card,44.17,2593.9,7,No
095ffa81-40d9-4bce-b930-ba208b040f49,52,Male,56,One year,Credit card,29.15,1577.73,0,Yes
493e904d-30ec-4796-a59b-457fc0d7ac73,58,Female,52,Month-to-month,Credit card,89.34,4670.59,9,Yes
0c3ce284-c7e5-4bbb-9cb5-1c535b62a8df,60,Male,67,Month-to-month,Mailed check,118.39,7989.15,9,Yes
45f18619-54f9-4429-a7de-02ccdda4f4a7,57,Female,45,Month-to-month,Credit card,53.38,2527.04,6,Yes
6fdc0bad-5e36-4127-8ca1-b45c1fdd980a,27,Female,34,Month-to-month,Bank transfer,43.29,1373.56,8,Yes
7092947d-be49-49ec-a667-d3bbe3b56360,37,Male,50,Month-to-month,Credit card,33.33,1662.36,0,No
56cb1ab0-62fb-46d7-b4db-ca07e506f670,23,Male,23,Month-to-month,Mailed check,50.18,1166.92,0,No
b12b6680-7f07-4cb9-afd3-40c0f945f2fd,54,Male,52,Month-to-month,Mailed check,72.87,3829.03,6,No
cc1b4157-ec9f-4c54-9e0a-72ab7f5db163,54,Female,64,One year,Mailed check,63.2,4054.37,1,No
15260718-cd18-4a82-8447-ceab84ef4324,47,Male,41,Month-to-month,Electronic check,84.96,3438.68,4,Yes
6e3c4532-1434-4f62-acac-028cba220065,37,Female,61,Month-to-month,Mailed check,82.15,4996.69,4,Yes
2e326567-d284-454e-bebe-c0db9a3a6103,22,Male,53,Two year,Mailed check,70.7,3673.66,2,No
1a43db54-523a-4993-8b34-46bc8ba435cc,46,Female,51,Month-to-month,Mailed check,46.36,2380.4,0,No
4baf0f5e-a932-4094-93f2-8f11147f6570,28,Male,21,Month-to-month,Mailed check,117.56,2460.53,3,No
b7b8c1a5-9a45-493d-b227-890e4e76833a,35,Male,65,One year,Bank transfer,85.02,5499.22,2,Yes
71a3fad2-b094-4d2a-aaa9-3b436d15f16f,61,Male,64,Two year,Electronic check,62.69,4008.58,5,No
ba108217-0ad7-49a2-b277-16ec59fefbbc,27,Female,36,One year,Electronic check,53.82,1989.47,4,No
9d66e815-5a41-43b3-a95f-176cdebac186,55,Male,26,Month-to-month,Mailed check,86.69,2280.47,0,Yes
a3b442bd-4649-4296-af58-42c3ff86cc31,20,Female,47,Two year,Credit card,118.31,5615.58,5,No
0eaf04b5-f2a9-4c8a-8a9e-4a62fae3114b,55,Female,11,Month-to-month,Electronic check,75.06,824.76,5,Yes
67fd64c4-a334-458a-abd2-b5121335e5db,68,Female,63,Month-to-month,Credit card,24.88,1556.81,8,Yes
bff9507d-cd14-403e-8359-9af65d01f55f,26,Male,26,One year,Mailed check,38.66,1064.11,3,No
07f8d4f0-f3ea-4184-a8f4-e3ceadedda80,54,Female,71,One year,Credit card,32.49,2257.39,4,No
ad973b67-9b89-45cb-9942-644c248d31ec,26,Male,29,One year,Bank transfer,103.84,3014.58,7,No
20509c62-08e8-45d7-b02c-1821c8040fb7,22,Female,7,One year,Electronic check,32.61,247.42,4,No
a52964ff-c74c-4890-bc6a-3174113634a5,40,Female,42,Month-to-month,Mailed check,52.86,2179.88,5,Yes
f31046dc-6202-4ee6-9cb5-e69c5dc7b3e6,23,Male,66,Month-to-month,Mailed check,103.45,6804.64,0,Yes
2747b93c-9ae7-4eab-884a-67809136f1f8,18,Male,3,One year,Bank transfer,41.77,163.14,9,Yes
5ef787b8-f2e6-495f-b32e-2016add702c9,41,Male,35,Two year,Credit card,111.18,3911.07,5,No
13aec376-c359-410a-b1a6-014c5f3c44dc,32,Male,11,Two year,Mailed check,50.95,512.57,4,Yes
5df06e8c-878a-4ed9-a33f-fc8292ec89af,27,Male,41,Month-to-month,Bank transfer,103.3,4152.03,0,No
4758367b-a649-4cdc-907b-907265e58f34,54,Female,2,Two year,Bank transfer,42.31,70.04,3,No
06a241af-1d0a-47f7-b5e4-a4713fe68c9c,53,Female,28,One year,Credit card,38.83,1058.57,8,No
848af440-7fc1-4858-afa0-d842bc55300b,33,Female,65,Month-to-month,Bank transfer,33.03,2133.13,3,No
1e2595b8-8fc9-486b-a9dd-ebf563119aca,53,Female,68,Two year,Electronic check,36.49,2465.31,1,No
b43bd27f-42a2-49a6-8664-12854303cbc1,61,Male,47,Month-to-month,Mailed check,37.22,1704.51,0,No
9ca3fbb3-ff11-48ba-b6ee-1640723ef466,48,Male,49,Month-to-month,Credit card,20.68,1110.55,9,No
ffa623d0-ea9e-4c8d-b1a8-b71f491b90e9,64,Male,2,Month-to-month,Bank transfer,105.71,194.15,1,Yes
22bf18f5-1f65-4a87-b33e-e3447dbf4bc1,29,Male,7,Month-to-month,Credit card,51.04,375.79,0,Yes
2c33350c-73b9-41d8-92f5-131ada52d2ee,35,Male,62,Two year,Electronic check,36.26,2277.34,8,Yes
ff4c96d6-71f2-4e8f-b69f-68c3e60fd420,59,Male,4,One year,Electronic check,29.56,159.18,3,No
f7b217c7-ae92-4a71-8f7d-cb431679742f,42,Male,68,Month-to-month,Electronic check,116.54,7932.62,4,Yes
aaf78c67-51d0-4109-bc90-2838d8741408,51,Female,5,Month-to-month,Bank transfer,54.43,275.83,2,Yes
8ccc9cea-109f-48ee-b5a4-720058f0dd23,29,Male,3,Month-to-month,Electronic check,28.84,79.64,9,Yes
4cc9f5f2-e42e-4037-8a55-2ea08acbbe09,20,Female,68,Month-to-month,Electronic check,110.61,7584.62,1,Yes
b5a5f8e6-b639-4f04-a852-4385d9f2dd0d,30,Female,69,Month-to-month,Credit card,81.11,5640.43,7,Yes
2c913a7c-a340-4f08-b341-91b8ed6522b4,42,Female,30,Month-to-month,Mailed check,78.22,2394.82,5,No
3967e60a-823d-4107-9c8a-c066cb2fafa3,66,Female,66,Month-to-month,Mailed check,61.74,4092.97,4,No
cac4d0eb-3373-430e-bc31-a5971f119c0f,69,Female,44,Two year,Bank transfer,64.97,2807.3,7,No
7e7838c9-ca55-438b-bc9a-be10238d6f44,64,Male,20,One year,Bank transfer,60.68,1189.31,7,No
9280c5aa-8dd4-495b-9c63-b6f306ba8cd3,44,Female,26,Month-to-month,Bank transfer,71.8,1865.97,8,Yes
fba6abf7-cdbc-4653-b7a7-e8b75e70f65f,54,Male,16,Two year,Mailed check,37.79,599.35,7,Yes
e25df9a8-9ca8-45c4-a138-afe08d38bbd8,45,Male,69,One year,Electronic check,45.83,3181.59,6,Yes
65edcfe3-4f2d-4d3f-90d4-de39161237c9,35,Female,30,Two year,Electronic check,119.56,3628.69,9,No
7a89cbeb-b807-478a-b788-f5d1ffe575f6,66,Female,2,Two year,Mailed check,110.45,260.61,0,No
68d0a2a8-c4e7-47dd-a929-de738693fd9d,46,Female,70,Two year,Mailed check,115.23,8139.44,6,No
20156a72-12e1-43a6-932c-ae01d2c65ee4,31,Female,51,Month-to-month,Bank transfer,34.94,1778.28,9,No
12fc7a87-a470-4d48-9128-b9b1f8ede0ca,26,Male,52,Month-to-month,Electronic check,113.36,5932.8,9,Yes
8471b4b0-ae1b-4f69-b740-d83173318749,55,Male,59,One year,Credit card,83.11,4875.84,8,Yes
d43cdd6d-e0c1-4f1e-a0da-897258321ee4,22,Male,11,Month-to-month,Credit card,97.68,1159.18,1,Yes
96792482-a3c9-48e4-8d22-38e6c7bf4fbc,58,Female,37,Month-to-month,Credit card,42.07,1564.19,9,Yes
21084dd9-f75d-4e3c-848d-56502e9522d6,52,Female,15,Month-to-month,Mailed check,112.51,1688.16,9,Yes
de431e06-e924-4069-80bb-ae526ec01269,49,Female,2,Month-to-month,Mailed check,88.03,161.36,2,Yes
84a2576c-1fc9-45f8-94d6-07350e2f8958,42,Female,65,Month-to-month,Mailed check,50.89,3321.39,8,No
2976aab2-2a26-4770-8ddb-1b36272c0588,38,Male,65,Month-to-month,Mailed check,33.93,2177.88,0,No
39b86bb2-b596-4a7c-af4a-fa885299e505,57,Female,3,Two year,Credit card,41.71,126.34,5,No
84d67c4f-f0df-4684-b28e-41225894f7f1,22,Male,11,Month-to-month,Bank transfer,34.99,504.31,4,No
143029a9-d88f-4c94-88b7-63d5e519dd7e,48,Male,2,One year,Bank transfer,113.23,285.67,6,Yes
f4d375c1-a293-49fa-b240-d7a14027ab7d,22,Female,45,Two year,Credit card,69.9,3156.03,1,No
a0017720-200b-4903-8642-6c458d03f17a,43,Female,41,Month-to-month,Electronic check,73.65,2995.23,4,No
17eaec83-8892-442f-9d4b-2bf94d85e9c7,29,Female,25,Month-to-month,Bank transfer,71.84,1805.67,8,No
9780c215-2b2b-48e9-a417-c09380a8a23d,20,Female,53,Two year,Electronic check,65.5,3438.94,5,No
2bd3cdcd-2779-4685-94a5-3fdef10d27c8,41,Female,16,Month-to-month,Credit card,49.69,800.77,8,Yes
e6e987ca-b87b-4384-9fdd-de2ea8a2b7ad,40,Female,50,One year,Bank transfer,110.29,5523.54,3,Yes
ec86a890-d7b0-4bdc-966e-3cbe9aea622f,22,Female,41,One year,Mailed check,32.68,1352.94,6,No
dd20c3bf-d342-4f08-8a8b-b5b490494583,43,Female,29,One year,Mailed check,78.13,2316.93,0,No
f2d3f761-0ba3-4279-94cb-056407437c3b,34,Male,57,Month-to-month,Mailed check,73.57,4247.42,6,Yes
43c07d43-93a7-4792-8561-b8dca4364fcd,35,Male,62,Two year,Bank transfer,75.42,4659.65,8,No
92779574-c457-4cc3-b5f7-89bca6b07458,34,Male,70,One year,Electronic check,72.78,5113.74,7,No
07c0d116-a394-4d54-9e3c-5a886aa56e6d,44,Female,61,Month-to-month,Bank transfer,41.05,2506.35,6,Yes
8baaf744-a08d-421b-a395-4cb17f7f6c0a,33,Female,12,Month-to-month,Electronic check,116.55,1328.83,8,Yes
4d560a3d-f4e7-469a-a454-09374a27ebf2,44,Female,25,Month-to-month,Credit card,86.4,2124.6,5,Yes
ceae71cf-ce00-4af0-beb0-51817ba24588,23,Male,55,One year,Mailed check,111.71,6090.74,8,Yes
741b77f5-4c24-4053-a7f5-ae02af5b8f47,24,Female,31,Month-to-month,Bank transfer,48.18,1612.53,0,No
2877f5d9-0f56-45f8-b048-faa112ae5c22,53,Female,58,Month-to-month,Electronic check,78.33,4499.16,3,No
76e5ae78-7bf7-41d3-aa66-2fce7089fc6d,35,Male,26,Month-to-month,Bank transfer,118.91,3149.51,3,No
24c778a5-9b4e-464b-9716-dc2e343ada2a,39,Male,30,Month-to-month,Bank transfer,58.34,1755.79,6,Yes
51beb80e-b7e6-414c-9c8a-49225005680f,40,Male,12,One year,Bank transfer,57.6,696.36,1,No
586a346a-dc5b-47d1-bcef-1972bbf483ce,61,Female,15,One year,Mailed check,113.32,1758.12,7,No
c2baf0e0-2179-43f0-a612-4ab4f9b21e6e,25,Male,11,One year,Bank transfer,29.52,351.27,5,Yes
1b2ededb-8fc8-4fc0-83d5-bceb5edbb8ee,26,Male,11,One year,Credit card,37.34,412.87,6,Yes
1f5d988f-776a-4f09-bde2-885951b1943c,27,Male,15,Month-to-month,Mailed check,69.35,1129.62,3,Yes
24108e9a-3f77-4cae-b318-b96d44790612,67,Male,13,Two year,Credit card,68.9,905.25,4,No
f204be89-4a4b-4563-8cf4-77ef18c8a616,35,Male,43,Month-to-month,Mailed check,72.7,3124.28,2,No
6b0ae0e3-9d89-4047-9d39-d7936257a4a2,29,Male,66,Month-to-month,Bank transfer,70.78,4621.6,0,Yes
e6fdd7af-dd84-4acc-b672-94643f8ea40a,23,Male,6,Month-to-month,Credit card,89.74,538.33,7,Yes
ef0a573d-53d2-456d-9040-158728e213bc,57,Male,24,Month-to-month,Credit card,29.36,710.69,6,Yes
3098f7b2-500e-45c0-b89b-df7f93e34c35,51,Male,35,One year,Mailed check,45.86,1629.93,1,No
fef7d9ea-7f8e-4483-a8ca-aa1dc35bec2c,45,Female,8,Month-to-month,Electronic check,89.25,699.05,7,Yes
e10b1a47-7fae-4748-b781-321e83c501cb,64,Female,57,One year,Bank transfer,90.72,5145.58,6,Yes
170d7507-05ee-41d4-bf53-a88e4efc8248,45,Male,53,Month-to-month,Credit card,27.04,1435.56,5,No
750d112e-8164-4eec-a4ab-851bf1fac6e7,20,Female,20,Month-to-month,Credit card,85.07,1590.2,2,Yes
95560a2d-3713-4466-bda0-6476f778c676,40,Male,71,Month-to-month,Mailed check,92.92,6464.14,8,Yes
4806f804-0cf0-474c-8c74-dc0f5a575539,59,Male,25,Month-to-month,Bank transfer,48.72,1218.46,7,Yes
d7c4fe9c-e1e0-4ffc-98f6-fd7f7eb162f1,21,Male,19,One year,Electronic check,87.31,1755.77,4,No
4926ce5f-7878-4140-ac2a-4f71a77d95f1,28,Female,2,Month-to-month,Mailed check,29.74,0.0,7,No
1b84edc3-d8e0-49de-8217-ea0e896490ab,47,Female,2,Month-to-month,Mailed check,79.09,95.23,0,No
43b47ee5-e1e8-4e7e-a249-8f666e51484d,61,Male,19,One year,Electronic check,91.36,1775.19,0,No
673ba8bd-c38c-4dec-9da3-9a73ba3df7ff,49,Male,17,Month-to-month,Electronic check,28.51,537.77,1,No
0d18ab95-668c-4477-8b95-017c5dae1201,37,Female,25,Month-to-month,Mailed check,28.33,665.47,7,Yes
5cce5ba9-31d4-4e09-8fd3-3afc91fdfa4f,39,Male,48,Month-to-month,Bank transfer,83.12,4001.52,4,Yes
62e7c1a6-12d2-4a06-89e1-cd138da00495,57,Female,17,Two year,Mailed check,87.07,1419.87,8,Yes
8cc36f3b-c3af-4cfe-b34a-6ca38116e3fc,66,Male,21,Month-to-month,Electronic check,22.93,491.16,0,Yes
9f8cc29f-fd35-4c5f-9347-9a3b479bc637,64,Female,8,Month-to-month,Electronic check,51.54,531.93,9,Yes
20f0156a-1e6a-4628-9c6d-52d5ae2e9af9,66,Male,11,Month-to-month,Credit card,70.87,819.97,7,Yes
5f89ed12-64d6-4fbf-98c0-1e2bf99f0704,21,Male,30,One year,Bank transfer,84.52,2493.2,5,No
8ece1128-56ce-4b42-bc9e-1dcbcb7e6268,21,Female,7,Month-to-month,Bank transfer,89.79,649.29,9,Yes
24eeb4a6-c145-45c7-9d98-6115f05eeefe,58,Female,55,Month-to-month,Electronic check,66.57,3634.92,0,No
66c14dca-8255-4a61-9a3b-031932f57510,48,Male,28,Two year,Bank transfer,36.43,1084.44,4,No
09f64405-0b99-4034-8a4e-255280051b10,25,Female,14,Month-to-month,Electronic check,91.81,1286.07,4,No
cdd0b4d4-5542-47de-b6ad-f48b2314d0c8,60,Female,5,Month-to-month,Bank transfer,22.78,101.04,5,Yes
2620f9a9-74fd-43d1-84f2-fd0f79474bfa,62,Male,37,Two year,Mailed check,28.81,985.3,0,No
23c8afdb-83f8-4f16-a4a4-474c9b33e3a4,50,Female,42,Month-to-month,Mailed check,69.82,2899.23,9,Yes
518b2f21-9cf2-4859-ae6e-2e7253f591dc,46,Female,20,Two year,Credit card,108.86,2081.89,7,Yes
9dd2f9de-fd98-4e33-a498-abe92999bbef,55,Male,31,Month-to-month,Credit card,38.95,1188.55,8,No
97fe56c5-4c9a-4f24-97b4-c294bd44089d,32,Female,6,Two year,Bank transfer,33.73,164.95,1,Yes
827c9f8c-d40a-45e9-81df-6517561c9210,22,Female,16,One year,Credit card,69.29,1137.23,9,No
901bcdef-b56f-48ce-bd66-971e88476c56,29,Male,70,One year,Electronic check,57.87,4012.04,9,Yes
044251db-d0d4-4a67-b992-8faa4cbf131d,33,Female,46,One year,Credit card,92.28,4249.2,1,No
1c0f0bdc-ac7e-437c-94cc-1e2a5e4cb287,57,Male,31,Month-to-month,Credit card,104.11,3206.2,6,Yes
4ec3f970-956d-40e4-aaa2-6216fada98f5,40,Female,56,Month-to-month,Electronic check,92.12,5195.61,0,Yes
df41e335-b9ae-48e4-a615-99c8cbf81f86,61,Female,17,Two year,Bank transfer,101.15,1665.85,1,No
98cf1188-06d2-4913-a117-3719b023a0ea,44,Male,62,Two year,Credit card,92.63,5729.66,5,No
a7d4cf50-f791-41e5-83f9-cd6b797ebe87,64,Female,17,Month-to-month,Mailed check,94.96,1540.53,7,Yes
9416e4dc-c6b2-4def-b8d8-b7f1c86c6544,35,Male,64,Month-to-month,Mailed check,31.24,1996.48,6,Yes
0d259caa-b8ad-4d87-ba40-45dd93dfd907,66,Female,10,One year,Bank transfer,41.77,330.03,3,No
86341718-2ba6-4db3-bafe-b1149561c813,69,Female,55,Month-to-month,Bank transfer,72.43,3988.75,6,Yes
c64c9647-9ea7-417c-b89f-7039a107cc46,28,Male,12,One year,Credit card,97.15,1187.72,8,Yes
d25864f2-25d4-40fc-a154-2765d756ba9c,36,Female,39,Month-to-month,Electronic check,104.55,4079.48,1,Yes
9293f705-0815-4147-be00-980eae441e21,28,Female,68,Month-to-month,Mailed check,115.98,7958.27,6,Yes
30d73df7-1c22-4cea-b355-56a5f2bd92f2,34,Male,44,One year,Bank transfer,56.54,2497.34,7,No
6b352f85-504e-4687-b0e7-e75604d9145e,43,Male,70,Month-to-month,Bank transfer,65.99,4679.23,2,No
34323ec6-b0c4-401c-a9b7-c0fa26c432f6,23,Male,57,Two year,Credit card,71.9,4040.91,9,No
9c89d374-c664-45a7-8077-3e33690e7e62,50,Male,65,Month-to-month,Mailed check,22.59,1506.41,0,Yes
d92f3c1e-df70-4b2a-b8bb-22a5eba742d2,46,Female,26,Month-to-month,Mailed check,80.79,2184.22,3,Yes
b4adaf89-0ff1-4a9f-ba37-0623bc5fd4dd,69,Male,26,One year,Credit card,65.24,1650.41,7,No
8f964685-3514-4890-84c8-6c4623595fa4,38,Female,16,Two year,Credit card,47.07,805.14,8,No
7a768555-a987-4218-bf84-faef5336723b,19,Male,22,Month-to-month,Bank transfer,91.9,1924.05,4,Yes
f4e95734-5052-4700-a077-96a38685abaa,44,Male,24,One year,Bank transfer,105.44,2488.24,0,No
887b03e5-e980-4808-b5ac-824c2c55aef7,38,Male,64,Two year,Electronic check,67.47,4364.36,9,Yes
ad05b912-5ab2-4d4a-8bd8-8fcd57a2be4e,23,Female,43,Month-to-month,Bank transfer,96.41,4160.18,7,Yes
ae455cc6-b88e-430f-9e1e-994ac5a11f5c,32,Female,51,Month-to-month,Mailed check,60.64,3067.29,5,No
43ad3d62-b17c-4b21-8dbc-2c1ca4afe7bd,18,Female,46,Month-to-month,Credit card,27.11,1309.75,6,Yes
f5141058-3138-4975-bbf3-3a349c2dfa97,69,Male,33,Two year,Electronic check,83.94,2730.25,7,No
4c6a70f4-8ede-444d-876c-f68c3f1be0d0,48,Male,10,Month-to-month,Mailed check,42.67,506.71,7,Yes
fb756923-f910-4bb3-b105-32523990e2c9,32,Male,10,Month-to-month,Electronic check,105.9,1100.32,6,Yes
b4746349-49fc-4cd8-856b-ad4c4c3077c4,35,Female,2,Month-to-month,Mailed check,72.12,166.0,7,Yes
7d2f4e58-b47a-4c5b-b0b3-901535102852,19,Male,20,One year,Electronic check,95.68,1997.2,5,Yes
8f7c1d59-594b-4a3a-bad4-65a15129950d,18,Female,24,Two year,Electronic check,24.16,593.02,7,No
b8beff3d-cb9f-4f6d-af3a-6f27ef06fccb,43,Female,38,One year,Electronic check,95.23,3679.85,2,No
92cf6021-1f33-442d-89ac-908746015028,54,Male,58,Month-to-month,Mailed check,55.17,3161.07,9,Yes
e5508ea2-6133-434d-8b0e-8eb1ad371d9e,64,Female,32,One year,Credit card,91.96,2946.67,0,No
585abefb-d181-4f77-a500-1423faebcd19,59,Female,30,Month-to-month,Bank transfer,57.9,1717.75,0,No
257f7595-cdfb-4db9-85e7-8b23f4613f09,37,Male,40,Month-to-month,Electronic check,43.21,1635.0,5,Yes
f48f709c-49a2-4441-8ac4-de854a5b1aff,59,Male,39,Month-to-month,Bank transfer,90.54,3521.18,0,No
ec8be537-58ab-4778-943b-45e3b6d1f6bb,56,Male,37,Month-to-month,Credit card,28.97,991.22,7,Yes
bf519362-41a6-4fed-a7ed-c8d8713f8f8c,50,Female,30,Month-to-month,Credit card,42.36,1261.11,3,No
d3f4a49b-33ba-4a88-b6c7-d6fa7aa4f052,30,Male,18,Two year,Credit card,113.84,2076.13,0,No
8fe069b6-eeda-4802-8568-f42689e03e22,26,Female,35,Two year,Electronic check,93.74,3272.31,2,No
1bf645f6-2324-4211-8588-fc1bb2384849,58,Female,22,One year,Bank transfer,28.65,679.95,6,No
3d4196fe-963a-4617-bdab-07e79d9d028e,44,Male,6,One year,Bank transfer,66.52,406.41,5,Yes
e7ba26ac-ab7a-4d1c-8cfe-f6833e11bafe,51,Male,62,Two year,Mailed check,72.01,4432.19,4,No
3b9b2d45-a350-45e4-b9c5-9df987f255d6,43,Female,48,One year,Credit card,83.61,4000.68,7,Yes
548e1f6b-69ce-4e4e-99a6-92c90d700ea4,54,Male,10,Month-to-month,Mailed check,62.61,565.9,4,Yes
ae62990c-19bd-4f93-b8ef-7666b7a4c719,21,Female,61,Month-to-month,Bank transfer,113.87,6966.47,1,Yes
f6eab3a0-0153-4221-a331-0a28c550eca8,27,Female,65,Month-to-month,Electronic check,66.74,4355.85,0,Yes
286ed390-edd9-4a1a-ba58-5b278ce3e7c3,40,Female,17,One year,Electronic check,77.98,1253.48,0,No
e1721c83-ef5e-4376-a723-fb72682b163a,27,Female,21,One year,Mailed check,97.4,2113.88,0,No
a689b424-7a3a-40e1-b9c7-73a0e0decc3d,65,Male,2,Month-to-month,Credit card,73.55,154.45,5,Yes
4988e418-f6c3-4218-8183-6315330f8be1,27,Female,43,One year,Mailed check,41.53,1818.6,1,Yes
0f25477d-a559-40e7-8910-fade52380bf2,49,Female,16,One year,Electronic check,48.99,767.22,7,No
a6fd0cb1-16e6-45c0-84cb-294fe86e8e63,22,Female,19,Month-to-month,Bank transfer,87.04,1705.95,3,No
bd1a8f4b-88ff-4d40-bb72-c86d92fa675f,35,Male,50,Month-to-month,Mailed check,71.45,3619.92,6,Yes
098c60b3-efc9-409e-99af-6e09b91e3d6e,23,Female,68,Month-to-month,Credit card,58.61,3961.73,2,No
6afa828c-2cd1-4b9f-abe5-841fe9c96c52,66,Female,63,One year,Credit card,47.52,3005.74,9,Yes
ef158d5b-2d00-4d05-966d-4627e1dace6a,42,Male,31,Month-to-month,Electronic check,40.06,1278.51,8,Yes
d61169a1-ff46-46bf-894d-916deb6d2fed,33,Male,28,Month-to-month,Electronic check,28.29,715.54,7,Yes
2fb21e66-7ed1-4aab-89b7-c9bc65a16fa9,65,Female,54,One year,Credit card,22.98,1298.43,0,No
df4e713e-f64e-4dfc-bfbe-ac7aefc59738,21,Male,10,Month-to-month,Mailed check,40.69,357.91,1,No
0997623a-e072-4d96-8a1a-81f5ed10f004,58,Male,29,Two year,Bank transfer,95.59,2752.3,0,No
9a4ffc0c-9165-42ed-8c63-6e95025f5543,57,Female,58,Month-to-month,Mailed check,68.16,3995.07,7,No
55c551fc-fba5-4cc8-adaf-37661b780ede,20,Female,17,Two year,Electronic check,68.31,1182.3,4,Yes
a42d0cd7-fd35-4f6a-b450-388748d90846,49,Male,20,Month-to-month,Bank transfer,57.96,1198.19,7,Yes
e3a68a70-7e71-4b55-8639-bd418b15bd94,47,Female,48,Month-to-month,Electronic check,105.05,5100.11,3,No
811414f8-d9df-4d0e-a25a-ed6cf0458043,26,Female,48,One year,Mailed check,85.41,4037.92,7,No
cf0e6d2b-315c-467a-85d8-a6ad77d0359e,30,Male,58,One year,Mailed check,69.79,4049.92,5,No
bb2aa146-2999-494c-94a7-b69b1cd66b09,26,Male,14,One year,Credit card,27.24,413.82,1,No
b7f60cdf-41dc-4c60-a5f6-0735757b6b29,60,Female,3,Month-to-month,Credit card,55.98,150.14,4,Yes
564cfbd2-bc92-4d81-839b-058c2faabe0b,60,Male,51,Month-to-month,Mailed check,115.37,5815.18,6,No
aca58d95-915a-4c30-8b86-b5a1ca6fbff8,50,Male,62,Month-to-month,Bank transfer,39.89,2521.54,5,No
9c678393-2ced-4c0d-b173-04b5c1dd484a,61,Male,29,One year,Electronic check,55.36,1624.82,5,No
67ce378f-e5a4-483b-a383-889adb2c6ac8,25,Male,46,Month-to-month,Electronic check,50.32,2273.38,6,Yes
53f30073-83e9-4ef4-ad7d-f5d0d3b59af7,25,Female,48,Two year,Electronic check,44.07,2104.0,3,No
186b2880-ab54-4a15-a69d-01ff1634725b,58,Female,67,One year,Bank transfer,82.15,5496.96,8,Yes
7a3a6e96-23ff-43d3-bb4f-b88a2f4dd219,66,Male,71,One year,Credit card,57.68,4057.98,2,Yes
01bf9e73-3f80-4385-af92-40b652d78f10,58,Male,26,Month-to-month,Bank transfer,22.11,541.78,8,No
725d4259-3c4b-4eec-a231-ee7342c2d2eb,44,Male,64,One year,Mailed check,94.0,6056.3,7,No
546252e7-f43b-4052-8459-bd6ec0f63229,32,Male,44,Two year,Electronic check,20.29,871.39,2,No
92a81713-b90e-444b-951c-25d54d4c5280,27,Female,20,One year,Electronic check,64.57,1265.89,4,No
5c0b9b10-a757-4b10-82f5-25b902ed73ce,42,Female,21,Month-to-month,Credit card,21.8,494.28,1,No
aaf407f7-0fe7-4149-bc7e-5368b1594847,42,Male,49,One year,Electronic check,68.71,3370.57,2,No
28e333b6-4e8a-4c4b-b724-20411e43fbd2,26,Female,50,Two year,Mailed check,44.7,2287.44,0,No
ec50ace4-80a5-4e65-afa2-855967c96204,42,Female,47,One year,Mailed check,83.38,3819.51,7,No
c5144d98-b41c-404f-a346-f415e5267a2b,44,Female,23,One year,Bank transfer,42.15,938.85,0,Yes
a38295d3-1e0e-4546-b0b6-dedf4f9c4027,49,Male,64,One year,Bank transfer,66.01,4258.18,5,No
5e175b66-4b87-459f-b0cd-7f05ea87855e,58,Male,60,Month-to-month,Credit card,88.93,5460.95,0,Yes
f5159494-3818-4fd3-b889-936a9d5817e8,27,Male,47,Month-to-month,Electronic check,116.77,5480.84,8,Yes
74797b61-2737-4b52-ba6a-210722319050,65,Male,39,One year,Electronic check,111.83,4262.68,1,No
5fa5e0aa-9b11-4530-bd24-7c11bf6b8cdf,38,Female,56,Month-to-month,Bank transfer,26.58,1521.46,7,Yes
e9ad0e9b-8c9a-41e9-b3b2-63376a74dbb7,41,Male,58,Month-to-month,Electronic check,27.05,1657.23,0,No
cd4f8b2b-899a-4252-81e1-b94a78883058,67,Male,71,Two year,Credit card,87.13,6183.72,9,No
c3093b6e-37e9-42e2-935a-c07aaa0217d0,62,Male,31,One year,Electronic check,97.43,2957.83,2,Yes
98874bfe-c136-4c65-ae2a-e3413f59e4f2,48,Female,34,Two year,Bank transfer,82.61,2809.46,4,No
86879aa9-14f5-43d0-8991-2032df85c777,69,Male,28,Two year,Mailed check,102.05,2906.92,2,No
5c9deee0-b42a-4456-8736-5a84725e134d,32,Female,38,Month-to-month,Credit card,69.96,2760.91,4,No
1cb9b73a-906d-4c8c-aad0-8c8913fe8a29,23,Female,58,Month-to-month,Electronic check,101.79,5847.09,2,Yes
e723ada3-8c32-4db2-942a-895e0fcf601f,44,Female,24,Month-to-month,Credit card,85.26,1933.6,0,No
89628f6e-929c-43b3-b3c0-8bf18167999f,62,Male,68,Month-to-month,Bank transfer,67.14,4517.15,1,Yes
dabf984e-53ff-4461-aa1f-1b61265cb9d9,66,Female,26,Two year,Bank transfer,68.64,1718.69,6,No
ae27d432-1dc1-47eb-b11c-767385351a69,21,Male,37,One year,Credit card,46.51,1721.88,2,No
7d23d479-9549-4a82-b787-ef8d3495311e,43,Male,10,Month-to-month,Electronic check,113.4,1105.17,6,Yes
720b274b-82a7-4586-a61d-9cde1747f387,69,Female,23,Month-to-month,Credit card,105.43,2387.99,8,Yes
21c71aa3-7414-43b5-8e3e-25f2cf0671c7,28,Male,57,Month-to-month,Bank transfer,111.23,6320.12,5,Yes
905c7bdd-74f0-4eae-aa59-43ce836435e3,46,Male,4,One year,Credit card,62.34,212.1,0,No
ac3a812f-765e-4cb5-8f0d-55400ec7d662,27,Male,59,Month-to-month,Credit card,34.28,1979.13,8,Yes
0592bfa5-b928-423f-8ee4-334ece920136,41,Female,64,Month-to-month,Credit card,73.19,4709.5,4,Yes
00c59f30-d103-4424-8124-1bb4655ce508,44,Male,63,One year,Electronic check,101.24,6400.64,9,Yes
12b2102d-940c-4503-b7c8-6152beed0af9,34,Female,56,Month-to-month,Credit card,112.5,6286.91,8,Yes
b34c6c73-5833-4b30-ac77-6e950b981ccd,23,Male,70,Month-to-month,Credit card,94.49,6514.9,9,Yes
0f6ce9bf-fe7e-4362-8a89-b0f0105291d3,53,Female,64,Month-to-month,Credit card,27.17,1643.71,0,Yes
fc737d92-11ab-4d11-a4eb-8000ef40d162,30,Male,65,One year,Mailed check,25.05,1693.42,8,No
497ec6d1-081f-46dc-b8d9-a88aef0bea4f,25,Male,47,One year,Credit card,92.24,4340.8,5,Yes
22ab7752-c4db-4a62-ae13-418d68ab80ea,42,Male,32,One year,Bank transfer,35.85,1033.73,1,No
bab2b77d-fa74-4cc8-a43a-fb7ac40d4874,34,Female,36,Month-to-month,Electronic check,24.06,855.69,3,Yes
5fdcabbf-6b9c-471c-b6ba-745ba55871e3,60,Male,50,One year,Mailed check,35.15,1832.67,6,Yes
72d35458-61ea-4f30-a42e-707afe2bd987,41,Male,64,Month-to-month,Mailed check,31.99,2031.21,7,No
60a399d4-e821-4716-aac8-0da1de9f6f5b,39,Female,17,One year,Credit card,90.29,1569.81,8,Yes
f6d22a7b-aec7-4a82-948b-4376602a4e57,52,Male,61,Month-to-month,Mailed check,98.36,5958.16,3,Yes
220b9ea9-8a0f-4508-9fe2-c0a0a96b3c42,42,Male,36,Two year,Bank transfer,68.93,2394.12,8,No
1e5ebe54-5907-4299-9c3b-bdd8a74e02a9,60,Female,27,Month-to-month,Electronic check,21.35,581.18,4,Yes
649f7d88-8989-45ab-be2b-34d82db0728d,53,Male,45,One year,Bank transfer,107.54,4818.77,3,No
fa8dae42-ba54-4920-a099-d18087623997,19,Male,40,Month-to-month,Electronic check,105.56,4313.34,1,No
c194f97f-00e3-4026-95b6-de85390239d9,25,Male,42,Month-to-month,Electronic check,27.87,1048.77,2,No
76876c62-4c61-445e-ba7e-5d9405d1fb63,36,Male,54,Month-to-month,Mailed check,104.13,5657.23,1,No
6c93a791-8b60-4511-b816-8aebac6a7c85,28,Male,33,Two year,Bank transfer,48.63,1697.85,4,Yes
3acb43a3-d2c7-4ffb-a118-433b882ccd1e,36,Male,6,One year,Electronic check,26.56,112.05,6,Yes
27b608dc-589d-4cb0-b5eb-89c23f5cf2f3,22,Male,59,One year,Mailed check,53.27,3045.57,0,No
e00da49d-effa-4002-b040-413c4690fb15,38,Female,43,Month-to-month,Electronic check,39.3,1645.19,9,No
083f64c3-1ce3-42f8-83f7-25feb99b2b5a,32,Male,68,Month-to-month,Electronic check,34.85,2434.73,2,Yes
9d6b9b62-6b53-4a19-a902-b73fcf39f648,59,Female,23,Month-to-month,Bank transfer,38.34,1011.7,9,Yes
e39836bb-e23d-4faa-afad-49e9c41c147e,61,Male,3,One year,Bank transfer,42.75,95.58,9,No
1139fa12-34c1-43ea-bd9c-4e6404015ced,66,Female,33,Month-to-month,Bank transfer,104.24,3420.59,8,Yes
7249f62c-0898-4462-980c-b95c19d45deb,38,Male,43,Month-to-month,Mailed check,63.71,2773.14,8,Yes
df495037-b40a-4181-ac09-bdb799086e47,20,Male,61,Month-to-month,Mailed check,67.95,4069.93,0,No
0b531932-bd94-49aa-bea6-e5b20c760d28,31,Female,16,One year,Mailed check,103.66,1718.08,0,No
8a2db2e6-3bfd-48a6-b05f-ddf566fadca0,22,Female,31,Two year,Electronic check,78.26,2504.67,0,No
c6ac1b04-dd1d-4cd1-811f-6bf5379ef467,27,Female,41,Two year,Bank transfer,29.51,1211.24,2,No
fe54ee4b-80ff-4173-a3df-ecd70e731dd7,49,Male,69,Two year,Electronic check,100.75,6949.12,7,No
ea98fef8-d0d7-4e37-bbf2-025f4a0d2b73,62,Male,23,One year,Mailed check,41.27,953.59,0,No
93d563ae-51a3-4c26-937b-f79bbb44badc,25,Male,52,One year,Electronic check,32.51,1815.89,4,No
d18183d1-ac2b-4cfc-85c5-1060991121e7,43,Male,4,Month-to-month,Credit card,80.67,335.37,3,Yes
e0527739-4d40-4f1b-bca5-be2952171bf3,18,Female,3,Month-to-month,Mailed check,70.58,166.88,2,No
8570b59f-a903-4e67-bc56-8b5324acb722,67,Female,3,One year,Mailed check,74.76,158.24,4,Yes
46707cd6-4ced-4164-a9df-14e9389641dd,64,Female,33,Two year,Credit card,23.66,819.35,3,No
97777f10-f2d2-493f-8e85-140d0f9aeb70,54,Male,25,Month-to-month,Mailed check,97.18,2505.92,5,Yes
2cd58759-e95d-4761-bc36-dc59e134edfc,42,Female,68,Two year,Bank transfer,30.53,2050.79,1,No
8e4c3ab5-6d5d-4477-adc2-9178a0411612,53,Female,8,One year,Electronic check,64.96,521.42,5,No
582b91ee-f8e8-435b-8c00-988a7ee1011a,49,Female,37,Month-to-month,Electronic check,49.27,1754.21,7,No
61935990-abdd-4a8f-a4b0-5c89f10bce9c,55,Female,19,Two year,Credit card,34.81,676.04,3,No
b2414482-5198-44d8-8643-3603c92a7d7c,36,Male,22,Month-to-month,Electronic check,90.57,1932.46,8,Yes
4cc57e0d-2633-4018-a883-ac6e6a944054,33,Female,33,Month-to-month,Mailed check,114.4,3751.44,9,No
89b5aab0-c121-49db-af12-b150605fb1eb,22,Male,40,Month-to-month,Mailed check,78.02,3179.48,0,No
39b02e2a-d96e-484f-bdb0-174e7938878a,56,Female,38,Two year,Mailed check,51.32,1878.39,3,No
24f43c62-b523-40de-9b87-d29c4cfd0fc1,29,Male,64,Two year,Electronic check,106.1,6761.43,4,Yes
0ec0713d-ea2c-4a51-b688-d11fce4758be,20,Male,33,One year,Mailed check,57.29,1876.31,6,No
6aa0426d-f7c0-45f7-a9a5-3b4f8ff8869d,62,Male,56,Month-to-month,Bank transfer,103.79,5758.4,2,Yes
636f6e5c-2253-4706-87ad-8b268eaa5841,47,Female,61,Month-to-month,Mailed check,109.4,6613.97,5,Yes
548c1d84-340d-4049-8147-65063e2bf9c9,40,Female,49,Month-to-month,Mailed check,97.9,4767.25,1,Yes
73253aa3-ec17-4298-943d-f5b3a58e83dd,39,Male,8,One year,Electronic check,38.99,328.24,8,No
891f6912-17ab-4863-9efe-ef4fd8ddbbc0,24,Male,69,Month-to-month,Mailed check,55.75,3818.01,8,Yes
0d31812e-30c3-4756-9453-f867b97e6224,38,Female,10,Two year,Bank transfer,96.49,938.69,7,Yes
9adf4709-ac75-4344-a08e-149e44b9e602,53,Female,10,One year,Electronic check,49.16,443.61,0,Yes
12a1fe7d-dfa5-4722-8a1f-c9df9a591974,20,Male,71,One year,Bank transfer,68.24,4854.04,0,No
966be275-c2fe-4954-8dfd-9531302b7831,57,Male,29,Month-to-month,Electronic check,34.15,976.7,2,No
378e6510-8f10-433e-abe4-2e7db96c1163,32,Male,41,Month-to-month,Electronic check,88.95,3583.03,0,Yes
e8334da5-de95-4695-b579-c1437ab99428,31,Male,14,One year,Bank transfer,23.11,278.77,5,No
e8b3d763-f4ff-4f3a-8d9d-baeb553d2625,36,Male,9,Month-to-month,Mailed check,63.72,603.7,4,Yes
30a5648e-efe9-43d0-b639-08bf03ece8ff,23,Female,66,Month-to-month,Electronic check,25.47,1599.61,2,Yes
bf337a15-1e08-4f20-bdd1-51b0f64ab6ec,49,Female,66,Month-to-month,Credit card,62.16,4086.12,7,Yes
ea18d32c-7a9a-4ef5-811b-d1c4ffe3f366,28,Female,9,Two year,Credit card,107.46,1058.59,4,No
b42a2d93-9aba-4f15-b214-90623e1a963e,36,Female,14,Month-to-month,Credit card,36.39,464.69,1,No
3d44cb2c-ea45-4a41-a589-ada1345af934,42,Female,61,Month-to-month,Electronic check,32.86,2057.6,8,No
48769153-c688-43fe-9255-5c758d55119e,45,Female,33,One year,Mailed check,46.2,1547.71,7,No
a6129a1c-889d-4b76-b75c-30b561730c48,60,Female,57,Two year,Mailed check,48.25,2688.62,6,No
5c11ab6d-42f5-43f5-8ef4-c34d5bf86f3c,30,Male,62,Month-to-month,Mailed check,44.89,2724.6,6,No
774c0afa-7f4d-408c-a1ff-f6c08347f1da,54,Male,46,Two year,Electronic check,113.26,5147.93,5,Yes
b8f0188e-fb37-4fae-8d85-63ca193e638d,42,Female,60,Month-to-month,Bank transfer,68.92,4164.74,4,Yes
51facefa-d6f8-4f7a-82fa-1da878308631,36,Male,60,Two year,Mailed check,85.23,5102.79,3,No
501ba851-5ee6-4495-b400-29c3ea11905b,45,Female,70,Month-to-month,Credit card,38.66,2747.98,4,No
dd34aa18-9001-4ed4-8bb4-01e769f753f1,30,Male,69,Month-to-month,Credit card,44.76,3056.39,1,Yes
0426fcc9-255b-40e2-bdc2-b74b38a56b49,52,Female,60,Month-to-month,Electronic check,42.99,2495.6,0,No
95831d58-ef4c-4119-8da5-d39b42c21797,60,Male,63,Month-to-month,Electronic check,74.1,4673.72,6,No
4b91b8cb-6ae6-4582-b852-b3cd9442b5e6,52,Female,35,Month-to-month,Credit card,76.07,2595.29,5,Yes
3ae28023-5472-4d2d-b239-9ffb27046f25,64,Male,3,One year,Mailed check,103.85,291.77,8,Yes
3ee82983-d557-4241-91dd-b9bf613d2de9,30,Male,43,Month-to-month,Bank transfer,104.25,4507.12,1,Yes
f186e47a-a794-4320-8cf6-e8b87fd238c3,53,Male,42,One year,Bank transfer,103.66,4335.66,2,No
c36b9a0a-41e0-4a89-966a-9ce7af521b94,19,Female,55,Month-to-month,Electronic check,108.19,5869.27,9,Yes
b93b17fb-f76d-45fd-bd16-45a0d253d966,61,Male,6,Month-to-month,Credit card,39.37,201.21,1,No
75f8e3a8-7d97-4c0f-bd56-09c4a4461663,26,Male,8,One year,Bank transfer,114.02,916.57,1,No
5a2837b2-cb83-43f2-bb96-f6022b115c36,39,Female,6,Month-to-month,Bank transfer,29.38,224.98,7,No
8bea75c1-b866-47aa-a3d4-526b2b54ff7a,48,Male,35,Month-to-month,Bank transfer,114.5,4141.66,0,No
e3ad64d4-eab9-4b02-af1d-c1217d024c6d,52,Female,45,Month-to-month,Credit card,109.65,4899.97,5,Yes
f50d7a37-a44d-4fec-bd85-d7fa8ac97b01,32,Male,52,Month-to-month,Electronic check,42.11,2231.19,0,No
d6cd3155-08a8-4c7f-8621-38ad0f09105c,41,Female,25,Two year,Credit card,69.22,1698.92,7,No
d1682e09-f1f7-4904-9307-5157d8c128e7,20,Male,1,One year,Electronic check,44.48,6.68,3,Yes
01a25ed1-c3ab-45f1-8c6b-7074ab102c9b,24,Female,32,Month-to-month,Bank transfer,114.04,3667.3,3,No
a175a9c3-d7b1-42a9-a332-a50e6992896e,67,Male,40,Month-to-month,Mailed check,92.82,3709.67,2,No
26a9e100-b509-409b-9166-58ce3b3f3800,46,Male,70,Two year,Credit card,56.35,3918.1,9,No
74bd0c93-8177-4661-b7fe-032c02571851,58,Male,17,Month-to-month,Credit card,116.88,1925.6,2,Yes
a3422e50-9e2a-4324-8f79-a8a75f8a14bd,32,Male,38,Two year,Bank transfer,111.38,4297.47,6,Yes
e9aa144b-9dd4-4675-af14-5064aab07015,24,Female,24,Month-to-month,Credit card,109.79,2679.39,2,No
0406ff44-7ce4-4679-a8c6-dbc07bb3447b,44,Female,53,Month-to-month,Bank transfer,23.59,1330.62,6,Yes
694d7b00-8d38-4327-883f-13c601b158e9,26,Male,41,One year,Bank transfer,100.47,4188.83,7,Yes
b8e19f56-8787-4a21-8448-2a220308aa5e,27,Male,63,Two year,Electronic check,99.22,6282.51,8,No
49646b96-fa3c-4628-8926-21df465568b7,38,Female,11,Month-to-month,Electronic check,116.11,1208.29,6,No
b2a6e468-d02b-4243-8091-3ac10463750e,37,Male,30,Month-to-month,Bank transfer,29.58,923.92,9,Yes
f090f5a0-ce61-4199-ae3a-0ba8ac8d6c7d,40,Female,52,One year,Electronic check,29.23,1499.5,3,No
eb053fc4-1b65-4dab-ade4-6e91e8e6e840,53,Male,66,Two year,Mailed check,65.63,4339.61,4,Yes
3db02235-261e-4555-863e-1f2a18a806ef,40,Male,32,Two year,Electronic check,65.44,2053.71,3,No
409e7a80-86c5-41d6-9ea9-f50831227592,25,Male,70,Month-to-month,Credit card,84.22,5929.95,9,No
cb80f288-446f-44dd-9abc-a6e5d0b1e3eb,42,Male,21,Month-to-month,Mailed check,46.91,992.4,6,No
f5948a54-5f80-4eeb-943a-9aff659b0105,67,Female,15,Month-to-month,Electronic check,30.08,519.09,2,No
3e42df5b-90a3-4bbf-b580-e05067f1698c,29,Male,25,One year,Bank transfer,89.32,2211.39,5,Yes
4ccb2355-39d1-47ff-b27e-1442fd7fe973,22,Male,39,One year,Credit card,63.35,2534.29,4,No
14a34f7f-d90d-419b-93fb-e043af1d5a1a,58,Female,59,Month-to-month,Credit card,64.91,3743.05,1,No
a65f7b8a-dbb4-4021-bdde-64afa75b395a,19,Male,63,Two year,Mailed check,75.52,4852.82,9,No
67c0518b-17ef-4621-881c-79d4c27437eb,46,Male,17,One year,Mailed check,30.55,575.29,0,No
79db7862-8d7d-4772-a08e-2f5c61177270,23,Female,68,Month-to-month,Electronic check,64.33,4438.16,5,Yes
b3eda8f1-026b-4383-a301-ec030e5d8c6a,41,Male,3,Month-to-month,Electronic check,94.82,269.02,9,No
d867888b-7ff6-4824-952a-eaec2bdfcb41,31,Male,68,Two year,Mailed check,39.85,2686.15,9,Yes
54ce26be-c8cc-42c2-a518-a4186f14b3f6,43,Male,50,Month-to-month,Credit card,98.65,4931.82,3,Yes
f94d8fcb-dba3-496f-ba32-3f6990dbfad6,56,Male,19,Month-to-month,Electronic check,99.39,1869.41,6,Yes
eb4d8f42-8735-40a2-a511-09611869a217,28,Male,68,Month-to-month,Credit card,30.79,2129.3,3,Yes
e6b9d31a-361f-4d90-bad1-fa330ae4ac11,26,Female,2,One year,Mailed check,57.36,89.76,5,Yes
9118c400-e336-4243-b139-c476de3ce88b,21,Male,9,One year,Bank transfer,48.79,457.34,2,Yes
ec95b3ac-0beb-4c34-8566-7c4879ba630a,66,Male,70,Month-to-month,Credit card,98.13,6835.09,8,Yes
47c68688-ecf3-4053-af36-b8cc13087974,67,Male,4,Month-to-month,Credit card,30.56,122.03,1,Yes
a879d8f8-9042-4eb7-8b04-0f53e63949d4,60,Female,16,One year,Bank transfer,32.67,616.74,0,No
d9b59f84-edc3-41c3-adea-2d2d086c405f,64,Female,54,Month-to-month,Bank transfer,30.82,1608.08,2,Yes
3508507a-f622-4842-8402-2b3c508211a5,23,Male,8,Month-to-month,Bank transfer,24.03,220.4,8,No
d218c9d6-c093-4fb0-a4e9-bcfd9647ff9f,60,Male,10,Month-to-month,Electronic check,72.35,692.99,9,Yes
edcabf94-65f6-4a53-9226-a8b3b674410d,23,Male,50,Month-to-month,Mailed check,43.07,2098.96,5,Yes
905f9096-2996-46e2-8c9d-690713b22cec,41,Male,29,One year,Credit card,26.59,752.07,1,No
d9750f00-d5ab-48ae-9112-fbc03d8f95f4,27,Male,64,Two year,Electronic check,50.54,3171.09,9,No
8a624cbd-e582-4678-ad52-29dd639fc471,24,Female,37,Two year,Credit card,57.95,2287.21,9,No
bd5ff093-c16f-4bcc-a243-bed754ec3f33,38,Female,61,Two year,Mailed check,36.31,2229.82,2,No
b076a7dc-fd0c-4433-8a5e-151b23d3cd4c,43,Male,25,Month-to-month,Bank transfer,96.15,2417.76,4,No
bed63da0-8033-45c2-9413-d64db962c8a7,22,Female,4,Month-to-month,Bank transfer,91.02,266.35,1,Yes
1901ef87-0dbf-4caf-988a-3f87f96d40f8,19,Male,62,Month-to-month,Electronic check,55.99,3457.43,2,No
1375ee90-d6b3-41e4-bb6d-ca0d6fe5040b,45,Female,18,Month-to-month,Credit card,61.28,1108.14,9,Yes
9d264599-c4dd-4df5-9aec-56a857311609,34,Female,7,One year,Credit card,41.02,113.79,2,Yes
f80b2cea-658e-44a2-9879-cf35f4719986,56,Female,20,Month-to-month,Electronic check,89.6,1775.29,5,No
a255e1bb-0795-4c1f-938d-6b8cc607b1e9,28,Male,29,One year,Electronic check,84.92,2478.24,1,No
735741e5-fe1a-4ba9-8896-9c5b45f8c28d,26,Male,16,One year,Mailed check,78.78,1209.16,9,No
8d93e14a-5b16-4158-ba67-470c7d98302f,29,Male,20,One year,Credit card,29.33,649.28,9,No
2f8c83e5-6e8d-4644-a01b-fbcbf0eebcce,57,Female,2,Month-to-month,Electronic check,98.83,201.55,8,Yes
614c721d-a921-4b4c-95fb-e976ae007b7e,39,Male,5,Month-to-month,Credit card,96.43,507.13,1,Yes
4b9dfd58-9e5d-4c7a-85ac-c35415f00cb4,35,Male,3,Two year,Bank transfer,37.19,174.56,3,Yes
12d15585-b68e-47fa-bf17-5534cc4d5819,41,Female,9,Month-to-month,Mailed check,41.09,430.25,4,No
6147adeb-277b-4667-8499-d0a615007170,56,Male,62,Month-to-month,Electronic check,100.31,6270.27,9,No
277eb0aa-a247-441d-88ad-0899b630794d,21,Female,17,Month-to-month,Electronic check,77.58,1349.76,1,No
5c56d9bc-5111-431d-a3be-441dbd5a0c9e,31,Female,43,Two year,Mailed check,74.84,3237.33,5,No
f165d779-0154-4950-976d-e21f1b46ebdc,58,Male,29,Month-to-month,Electronic check,119.97,3458.64,5,Yes
c2e79a98-5c23-4d8d-b1da-35b94eea9db8,21,Female,38,Two year,Electronic check,81.83,3160.42,5,Yes
16591c89-21eb-4aa9-9a2b-d69c450f69ee,46,Female,30,One year,Mailed check,78.07,2285.04,7,No
8e969227-72e7-4b51-ae54-ac6d2ff8e87e,25,Male,18,Month-to-month,Credit card,86.29,1533.83,0,Yes
1a7167c7-6875-4545-832f-52c48e0370cf,45,Female,44,One year,Electronic check,79.5,3508.22,5,No
8de1596c-5a9a-406a-96f1-42a206b919aa,36,Female,9,Month-to-month,Credit card,78.97,671.22,7,No
c8d0f9e5-9919-45ea-98d0-0c2c17d30f32,22,Male,54,Two year,Electronic check,104.63,5702.15,5,Yes
0328c136-629e-43d8-9d1c-a267530ddda6,35,Male,38,One year,Credit card,118.06,4463.76,2,No
c777a07f-6346-44ef-a9ef-74e34ab6821c,43,Female,8,One year,Credit card,94.59,731.35,9,Yes
8f3dc97f-e6b0-4a0a-b98f-5dbe15aede0f,53,Female,51,One year,Electronic check,50.86,2478.76,0,Yes
3e245fbf-fa69-4cd2-be23-90f3e7bbaefc,28,Male,8,Month-to-month,Credit card,116.15,913.48,3,Yes
af70de70-2b69-495e-8567-1b58926bffa5,44,Male,45,One year,Electronic check,46.01,1990.67,0,No
44d7df9a-238b-45b7-ab64-777c6177a771,25,Female,14,Month-to-month,Mailed check,87.35,1240.23,6,No
255bfc1c-7e3d-4ee4-84b6-4ec14d16f049,32,Male,58,Month-to-month,Electronic check,40.38,2307.78,6,No
46a56fe8-6f46-41b1-aace-1aa9103246b3,57,Male,54,Two year,Bank transfer,115.33,6212.69,2,Yes
c85cd714-7bf6-4552-8cbc-90446bcd5ce7,50,Female,18,Month-to-month,Credit card,37.11,636.41,7,No
f1b88d65-406f-44d6-9c72-aebd13b11e59,47,Female,22,One year,Electronic check,35.56,770.94,8,No
7eece88d-a002-452a-b88c-ddde3f2086c2,53,Male,44,Month-to-month,Credit card,71.39,3018.09,9,Yes
75366b9f-320f-42c0-9dde-01889803b22e,69,Male,40,Two year,Mailed check,38.58,1480.68,8,No
01bb819c-4dfe-4117-a2af-711f1b628a9d,68,Male,54,Two year,Mailed check,35.34,1918.9,5,Yes
d773f98d-550c-4fe9-a54c-11d9f2e61828,39,Female,51,One year,Credit card,105.72,5366.71,2,No
dcb9075e-cdd7-4460-a140-77d39ec4ea48,22,Male,51,Month-to-month,Bank transfer,35.68,1690.1,5,Yes
6e3cdd4f-55b1-45e4-b0b2-7304545cd88d,59,Female,8,Month-to-month,Credit card,59.17,490.68,4,Yes
a6aa59e5-dc08-4f29-92d3-3488d0c30018,60,Male,37,One year,Bank transfer,37.66,1397.93,3,No
4ce953a7-22d9-4db3-982a-2277f966d59f,51,Female,24,Two year,Mailed check,100.43,2357.12,5,No
b1fead13-f280-4f1d-9a6c-0db952171c88,32,Female,23,Month-to-month,Credit card,116.94,2772.67,0,Yes
2d79a2d1-506e-40c7-baa0-61e9336b00cb,31,Female,15,Month-to-month,Credit card,97.2,1438.93,8,Yes
51b30182-f7fe-404f-a5f3-0779f6ee5cdb,69,Male,43,One year,Mailed check,68.78,2976.54,4,No
a205e54f-b1e8-409d-bc20-b9f24a9c589e,58,Female,41,Month-to-month,Credit card,39.87,1590.61,4,Yes
c82f78fd-936c-431c-b7bf-52447db2a7aa,45,Female,3,Two year,Credit card,21.86,5.88,0,No
47c1c017-6045-4909-936d-47d73e0f84ce,40,Female,69,One year,Bank transfer,104.74,7226.94,4,Yes
5d71a898-6497-4593-892e-8c93d105c8d6,34,Female,65,One year,Mailed check,69.71,4530.57,9,No
33261887-9058-41df-ae9b-f3e11d27c09a,27,Female,64,One year,Bank transfer,44.99,2922.97,6,No
2e0fb5b3-8bae-491e-bf4c-c10f979c30cf,18,Female,58,Two year,Mailed check,115.04,6688.52,9,Yes
06e3f949-8cd3-4c62-8482-9b71ae84b81c,32,Female,1,Two year,Credit card,70.25,0.0,9,Yes
f166cdcf-762c-4fbc-ba2a-a7baf3f81c31,36,Female,22,Two year,Mailed check,60.92,1375.95,2,No
cc351e4f-703e-457f-b5ab-8466b5578b00,20,Male,10,One year,Bank transfer,80.43,790.19,4,Yes
11b461e9-b15d-472d-94ce-e27c4a94ae9f,26,Male,37,Two year,Electronic check,91.86,3460.36,4,Yes
cb881c32-cbb0-4a8b-9908-a121d1a7ba20,68,Female,44,One year,Mailed check,64.08,2867.34,9,Yes
23a13e20-7fd2-45ee-ac48-436668bd80d7,62,Female,35,Two year,Bank transfer,23.56,822.07,3,No
40afbf3f-3df5-4967-8d86-70bda2224f96,31,Female,67,One year,Bank transfer,85.38,5723.86,6,Yes
6c521d13-b719-4b68-a775-ee42a89e22f2,24,Male,31,Month-to-month,Credit card,34.84,1003.78,2,Yes
72f60958-12ef-4101-a082-786fca00ef58,37,Male,43,Month-to-month,Bank transfer,59.47,2518.61,5,Yes
950df1a0-7aaf-4001-9912-316afd9e8e20,54,Male,34,One year,Mailed check,85.83,3004.57,1,Yes
ec6a37ad-81b1-4db9-88cc-4d49669b29b8,27,Female,67,Month-to-month,Credit card,67.12,4534.08,9,No
6b15c11b-b113-450b-9ea0-50c6eb9ed274,55,Male,37,Two year,Credit card,70.32,2608.19,7,No
f7eae66e-ca6c-4f9b-8969-71018b2c550a,61,Female,48,Month-to-month,Mailed check,104.66,5045.77,3,Yes
cff2b1c4-e53f-4644-b39e-4df25c0a1feb,38,Female,31,One year,Mailed check,106.57,3290.36,2,No
ea163354-a35f-49c1-9804-95628972abbd,69,Female,24,One year,Bank transfer,37.61,859.57,3,No
3f8c1097-c4da-4c2e-9bff-a27915c1604f,24,Female,28,Month-to-month,Bank transfer,28.98,853.71,4,Yes
2a9528c3-5ae1-4bad-aa29-60fda85894df,52,Male,46,Month-to-month,Mailed check,93.41,4301.28,3,Yes
902f3465-0b57-4720-9cd8-758ba5a1c825,20,Male,47,One year,Credit card,39.65,1845.89,5,No
a590fd3c-ad6e-4c57-a520-c3d0fbcdbf5e,45,Male,54,Two year,Credit card,58.51,3132.74,6,Yes
54e38579-c0af-4193-b780-ef2f664d5922,38,Female,31,Two year,Mailed check,79.04,2528.21,4,No
1b1f2eb1-6e32-45a8-8bd5-cc86f73936e9,30,Male,46,One year,Bank transfer,45.47,2111.23,6,No
38d5101f-423c-4d9d-993e-478302b34254,33,Female,5,Month-to-month,Credit card,97.16,403.24,9,Yes
8ed8a80d-84cf-4e39-bf31-c29f82bbad84,69,Female,53,One year,Bank transfer,65.23,3453.06,9,No
38958939-9342-409f-b00a-c64c949cd8d4,34,Female,52,Month-to-month,Credit card,33.7,1749.04,1,Yes
768b4f7e-6421-4e66-9fc6-4cd0721e8b1f,46,Male,44,Month-to-month,Credit card,34.69,1605.99,3,No
b0c07fcc-96ad-44df-adf7-5924c5b8386b,22,Male,40,Month-to-month,Credit card,40.31,1628.83,6,No
ff69723d-584f-485b-a697-384d801e8690,31,Female,33,Month-to-month,Credit card,78.62,2644.85,2,Yes
4ba17233-1ac3-4f31-bb96-e2d10649bcf6,41,Female,70,Month-to-month,Credit card,90.29,6226.94,5,Yes
15fa9483-f633-4c2d-aba9-00e16a7d5d96,28,Female,45,One year,Credit card,46.21,2029.55,5,No
baeb286b-f0d0-470f-94d1-3d551db6b844,62,Male,64,One year,Electronic check,99.83,6301.41,4,Yes
57d337d3-4fd8-4bbb-992c-11072444d301,69,Male,34,One year,Electronic check,107.63,3669.17,8,No
8567c805-34f5-41c0-88c5-eb2a7490adeb,27,Male,49,Month-to-month,Bank transfer,34.42,1713.45,7,Yes
18fdd2b9-79e5-49aa-992a-35497ba109d0,63,Female,37,Month-to-month,Credit card,30.48,1049.33,9,No
73d39457-b25f-43df-b8d4-9848702ba49f,63,Male,14,Two year,Credit card,76.56,1058.1,6,No
0b705933-4cde-4b6b-9132-567c51a40d2a,30,Female,47,Month-to-month,Bank transfer,112.47,5229.78,0,No
05c8234b-1d76-4a66-b5f5-9cb0cf685878,42,Male,62,One year,Credit card,88.97,5441.77,5,Yes
1bff3142-a5e1-4b55-97d3-f4ddd963dc72,42,Male,4,Month-to-month,Credit card,59.55,254.08,6,Yes
ee0f65a8-2a13-4c1f-8cd0-15c1ad5900dd,58,Female,33,Month-to-month,Bank transfer,52.51,1718.02,1,No
84182d35-3e71-4433-bd90-b81afbe0e6b8,21,Female,50,One year,Bank transfer,107.19,5324.86,5,No
54bbbcf8-28fe-4761-8d49-fe3f2ca8f783,19,Male,56,Two year,Mailed check,21.95,1245.91,0,No
76492e64-f55d-4e6d-ad26-8b378f5242d3,49,Female,13,One year,Credit card,106.21,1403.08,8,Yes
a137f8e4-67b1-4040-8c39-b9253b5ae288,66,Female,14,Month-to-month,Bank transfer,55.69,829.21,3,No
a84554c3-a3f6-4c61-afb7-0dab2f383b43,23,Male,38,One year,Mailed check,99.69,3797.06,0,No
bcc57be0-0779-450a-a544-e3136ea05d13,32,Female,60,Month-to-month,Mailed check,112.93,6755.08,7,Yes
7317591a-3283-4aa4-a212-ab7c9d361cb6,68,Female,5,Two year,Credit card,75.69,343.25,6,Yes
0123a348-638a-4df6-adf7-2cd3979aa051,24,Female,37,Two year,Mailed check,84.49,3049.1,4,Yes
47419b48-34ae-4abd-b6fc-e0acb4698db3,59,Male,15,One year,Electronic check,85.46,1289.17,5,No
cbc72f1a-cf08-4a54-b429-9924c0986750,40,Male,68,One year,Electronic check,59.4,4109.06,3,No
ccac2fb5-1a0c-4c04-93cd-129110042d82,61,Female,7,Month-to-month,Electronic check,95.49,732.97,2,No
5da49cb9-2fdc-4992-8971-8eeadf3a098a,67,Male,17,Month-to-month,Electronic check,40.37,756.11,3,No
1d2c2721-7522-4646-b273-75bf5373bf4d,33,Male,53,Month-to-month,Electronic check,57.39,3011.97,1,No
7d4ed26e-dcd5-4fae-abb3-16a743299780,66,Male,34,One year,Credit card,50.12,1708.2,3,No
503b4078-a39c-4ec6-b746-4c02871854c1,22,Male,33,Month-to-month,Mailed check,65.83,2204.54,5,Yes
647dc392-9c7e-4575-a37d-dcd698d3148b,50,Female,23,One year,Bank transfer,107.15,2476.82,6,No
5a1baf0e-5911-46dc-9d3e-503a9645f0e4,36,Female,57,One year,Credit card,31.45,1858.35,5,No
2c2ac34b-9e0b-4b01-b536-59efd873dad9,37,Female,50,Month-to-month,Electronic check,90.24,4464.56,9,No
ccf4ffb0-b4bb-473f-ac70-51d1d051267f,47,Female,21,Two year,Mailed check,61.71,1289.37,4,No
97154633-9d4e-4b71-ab2e-c80e4c255823,53,Female,34,Two year,Credit card,74.71,2645.49,1,No
502cf0ee-224a-46a6-ac0f-680115b24e1d,57,Male,15,Two year,Mailed check,114.16,1661.69,2,No
1df05d18-4e2d-4255-bd13-1a3d1e2c2e7d,41,Female,63,Month-to-month,Credit card,37.8,2433.79,5,Yes
243012da-b185-4eb8-9f90-fc872edc017e,30,Female,47,Month-to-month,Bank transfer,108.66,5083.55,5,Yes
98af5cca-6b11-47cb-a372-542482c56b21,41,Male,34,One year,Bank transfer,24.51,909.92,0,No
6c4c450b-623a-40fc-9326-7d25234b4562,40,Female,45,Month-to-month,Electronic check,64.11,2922.55,5,No
8991b01a-a2b0-4c4b-bc96-6b552f8d8ded,49,Male,21,Month-to-month,Credit card,27.1,639.36,5,No
ee4205ee-a52f-43ec-ab4e-2281b184d1fc,57,Male,60,Two year,Credit card,113.66,6878.92,2,Yes
2ab7b2ef-8e0e-4033-ac59-1da8fff96acf,40,Female,2,Two year,Electronic check,101.12,107.67,4,Yes
2fe5b140-23ea-4956-89f1-137d7d592e19,67,Male,12,One year,Bank transfer,24.18,341.16,2,No
9e91a71c-7374-4cbf-978c-57d3508850d3,61,Male,2,Month-to-month,Mailed check,85.74,272.56,0,No
f3abea0d-5be9-4db3-9d92-dd7c0db977a9,28,Female,59,One year,Bank transfer,115.06,6829.2,6,No
31f3f0c0-22f3-4068-bc0f-549d02740f73,27,Female,28,One year,Mailed check,67.51,1848.09,1,No
8fc3d7d3-f6bd-40c7-a24a-2a50d0b1fde0,27,Female,69,Month-to-month,Electronic check,93.39,6355.4,8,Yes
68bd075b-7eb6-481e-a72f-947d816462cb,19,Female,42,Month-to-month,Mailed check,101.83,4222.51,3,Yes
b5cbe3f5-6a66-4184-bde1-bf5daf4847f0,28,Male,42,Month-to-month,Electronic check,85.95,3650.33,1,No
2ad11fe8-7d1b-495e-b1a0-449dd703262f,31,Female,17,Two year,Electronic check,47.7,801.19,7,Yes
cbbed980-07e6-4cb0-90bd-e9001529e6f5,53,Male,5,Month-to-month,Mailed check,27.61,95.36,9,Yes
085eb489-4ac6-4780-b874-9f3cc2d49b56,65,Female,13,Month-to-month,Electronic check,39.15,476.79,8,Yes
49e64c22-89a0-47eb-b98f-569b465cc2cb,34,Female,34,Month-to-month,Credit card,92.85,3178.74,7,No
90ce77e9-7513-43b9-87de-96ea2b0fbe44,69,Female,67,One year,Mailed check,114.56,7695.58,6,Yes
7eccdaf4-c413-4dc2-85c5-ae8abe15ad12,65,Female,3,Month-to-month,Mailed check,70.11,261.3,5,No
929d6377-1cfb-455f-82c4-2e488cbadae5,58,Male,13,Month-to-month,Bank transfer,22.35,323.19,5,Yes
8b0901ab-c66d-4eb3-8494-5e091d3ca5a4,36,Female,40,One year,Credit card,29.3,1215.65,7,No
8ac35ac4-5dea-4737-bdab-3441d2c2a960,60,Male,43,Month-to-month,Mailed check,64.84,2909.43,8,Yes
c28fa16b-0aa6-4cb9-81bc-be59d296a12d,20,Male,28,Month-to-month,Bank transfer,93.45,2612.55,4,Yes
37f25d36-8bdd-4ee3-b0fd-6672b80f16c5,67,Male,35,One year,Credit card,69.25,2422.63,1,No
bc69c155-1a37-46bd-acd6-f011fd61f13b,63,Male,21,One year,Bank transfer,24.23,442.56,2,No
3f5e3b8c-c058-4da5-a757-075bd47f83b1,55,Male,27,One year,Mailed check,45.48,1263.15,2,No
0840405a-ffd2-4491-9ff3-89aa4c36a70c,33,Male,11,One year,Electronic check,34.6,330.21,4,No
dcb91d5f-593c-472b-8347-dbca7321a8b2,33,Male,56,Month-to-month,Credit card,84.47,4674.48,0,Yes
dd83ad03-7066-4289-9644-84a0d1151fff,23,Female,38,Two year,Mailed check,28.81,1118.51,3,No
cfd7f3b9-c68f-4ba5-9e0d-02b5fe7402cd,59,Male,13,One year,Mailed check,77.37,1041.19,5,No
bcd4344f-cf8a-468e-b5ba-93573ca87f31,23,Female,67,Two year,Credit card,22.64,1483.16,7,Yes
dc6dafff-59c2-4153-b06b-0f0c96822e22,49,Female,26,Month-to-month,Mailed check,36.47,988.9,3,Yes
6d9c5b50-a1fd-4187-9c3a-1e0bb5f3f8aa,55,Female,11,One year,Mailed check,75.53,903.33,3,Yes
c8ebe27a-23a4-470e-9dbc-15c02a7dc57c,39,Female,66,Two year,Bank transfer,38.23,2459.67,0,No
ce315937-34fa-42b6-9043-7e4c34e50699,68,Male,50,Month-to-month,Credit card,54.07,2742.21,8,Yes
88438de2-59cf-4b0d-91f0-647d0f321333,46,Female,60,Two year,Mailed check,89.53,5360.09,3,No
2b1ac76c-89ec-4c51-98cb-aa5247f53019,42,Male,3,Month-to-month,Bank transfer,80.42,223.57,5,Yes
4aea1b8f-b43c-4e0a-ba9f-c10e52daf681,65,Male,55,Month-to-month,Credit card,90.54,5018.03,8,No
f3d04ffb-4470-4848-929e-cc924a11be44,61,Female,8,One year,Mailed check,72.01,561.33,7,Yes
e67093a0-fc48-4615-83b0-b35cdba6fdf8,36,Female,66,Two year,Credit card,81.52,5440.65,6,Yes
22b5f457-1860-4d28-90af-b235ade68f51,64,Female,8,Month-to-month,Credit card,89.53,765.44,3,Yes
695e5ea9-c923-4c64-8006-2b5bf67839b2,68,Male,9,One year,Electronic check,81.46,721.3,6,No
46feacd4-fe13-43cd-8f2d-5c15eb346d3a,25,Female,67,One year,Mailed check,74.91,5058.07,5,Yes
b390b059-207b-4e21-a7e8-d18eddf6d4ac,44,Female,4,Month-to-month,Credit card,59.57,192.7,2,Yes
257035db-3fea-490a-a1f8-072dddb7570e,45,Male,31,Month-to-month,Mailed check,29.6,904.49,6,Yes
3f5fbf4f-d417-4230-9274-ee11b61df906,42,Female,57,Month-to-month,Electronic check,31.04,1763.31,2,No
64880945-ad1d-4537-97f3-4368c2efeecb,47,Female,6,One year,Electronic check,41.31,171.91,8,No
a1e518a2-93d2-48d4-a465-5c397d4d2add,38,Female,58,Month-to-month,Electronic check,102.29,6003.5,6,Yes
600b4b35-6a0a-47d5-a0b8-575544caa5a2,28,Female,45,One year,Credit card,42.98,1903.26,3,Yes
cb6ad0c7-a235-4dd4-9355-08d073b5bad5,61,Male,32,One year,Electronic check,35.09,1055.48,8,No
67213a70-17d5-4f59-84d5-98f7e14fe093,57,Female,22,Month-to-month,Credit card,105.94,2296.22,4,Yes
b1d81887-4739-4c7b-bff3-0c8d83ff3e96,50,Male,21,Month-to-month,Credit card,68.7,1372.59,3,Yes
7466ef02-5e7b-42c8-a097-dedbefb3b939,47,Male,45,Two year,Electronic check,103.53,4716.06,0,No
94fb09f0-53c9-4ae7-bcf0-7bb3f343d9eb,55,Male,5,Two year,Bank transfer,27.78,92.35,1,Yes
d8dff535-c62d-4aea-9e70-bd3000a21367,64,Male,24,Month-to-month,Electronic check,100.43,2422.85,0,Yes
f8ded777-bb1e-4ae8-97d8-21b8bb93cd40,69,Female,53,Month-to-month,Bank transfer,49.61,2669.76,4,Yes
b28187c4-aa05-4442-a284-e8fd755cee2a,45,Male,69,One year,Mailed check,62.77,4417.41,0,No
cbb18c79-1036-408d-99a0-90075bb47c18,55,Male,7,Month-to-month,Electronic check,48.82,347.83,4,Yes
f7d7465d-37c3-43c9-a5d0-b51788d00abd,60,Male,48,Month-to-month,Bank transfer,102.25,4872.83,1,No
7ea5a387-363b-45cb-9329-37246dfd171a,69,Female,13,One year,Bank transfer,103.22,1303.38,5,Yes
48998e5f-d40e-43ce-92a7-4a4144bed486,45,Male,44,Month-to-month,Electronic check,55.75,2430.65,0,No
216e9fe5-93f3-4596-8c1c-8b0556771f36,26,Female,9,Month-to-month,Bank transfer,26.92,214.05,3,Yes
c9ce44bd-7c3f-4add-9a38-5db590eeb067,45,Female,60,Month-to-month,Bank transfer,61.64,3762.01,2,Yes
c3231466-aebb-490e-a4e7-51de57ff51d9,20,Male,18,Month-to-month,Mailed check,84.53,1511.99,0,Yes
a04d4d14-197d-4ae1-8bc2-ea720c648ca2,47,Female,5,One year,Mailed check,103.28,526.82,4,No
042b03ca-75a7-4686-9632-1d31c8acffcf,44,Female,33,Month-to-month,Credit card,69.62,2274.09,1,No
28719b9b-db8f-4e32-adef-50031fce01e3,19,Male,44,Month-to-month,Mailed check,91.3,3993.15,2,Yes
fde91c42-002c-4c22-b4de-5f7070f81dba,38,Female,6,Month-to-month,Bank transfer,33.39,167.1,1,Yes
fee5ce69-33cb-402e-ad84-414df54191ea,41,Male,68,Month-to-month,Credit card,85.98,5772.06,1,Yes
e1d46f82-21c5-4e41-a8ce-e951b0478ea4,62,Male,30,Month-to-month,Mailed check,25.5,750.36,8,Yes
dfda35b2-28b2-4f21-8d47-0ed6a6663769,41,Male,34,Month-to-month,Electronic check,97.39,3309.85,9,Yes
17e52113-4626-43be-a068-8849eec71a30,25,Male,45,Month-to-month,Credit card,64.95,2990.97,0,No
1519830c-4019-4303-9c45-7e4da79313b8,54,Female,62,Two year,Electronic check,112.14,6870.43,2,No
a61f0b96-e75f-445a-aa1d-3fc65f31273d,30,Male,3,One year,Bank transfer,79.54,210.02,5,Yes
a0279a18-6576-4410-8d41-ee472a5fda18,21,Male,19,Two year,Mailed check,30.57,518.65,2,No
c156e501-b30e-46e8-b9da-5f8c4e35da80,55,Male,42,Month-to-month,Mailed check,99.17,4213.07,7,Yes
1758d47e-a7cd-4143-ade2-14293bf0d9c1,27,Female,44,One year,Mailed check,87.23,3846.26,6,Yes
36a2c52b-0047-4139-985d-f528b4258e19,54,Male,8,Two year,Credit card,42.49,414.67,4,No
97fb613a-21f8-4d06-93f3-cade7a10013f,64,Female,53,Month-to-month,Mailed check,113.07,5959.58,3,Yes
71efe72a-ae13-491e-84fa-4c7239e7a4f1,58,Female,42,Month-to-month,Bank transfer,77.89,3195.06,5,No
57f479b5-b212-46ee-8210-63710260a123,36,Female,26,Month-to-month,Credit card,78.0,1924.58,6,No
dc3f42e0-fcf7-4842-9edf-3bfad12e0eb5,21,Male,14,Two year,Electronic check,116.24,1631.83,9,Yes
7a4a902f-21d6-4b0f-b1ac-040d6c1cc405,31,Male,3,Month-to-month,Credit card,116.72,247.52,1,No
16de66c9-6210-4ef6-ba9c-43081221cddf,43,Male,51,Month-to-month,Credit card,31.45,1544.91,0,No
1a6b6a7d-1a38-4ad6-8e53-2ffdbb134f02,50,Male,52,One year,Bank transfer,54.61,2737.18,1,No
4c9bff5c-e188-4eaf-9e18-85c35037cd6b,34,Female,58,Month-to-month,Electronic check,21.74,1226.8,2,Yes
d038e153-c601-418b-a1fa-01ba231ae7c7,53,Male,11,One year,Electronic check,66.23,778.25,4,No
a43e558c-2215-4f00-9fdf-0e05c0cef31b,41,Female,57,One year,Credit card,32.57,1901.6,2,No
11836c4f-2492-44c7-ad58-db1bfe31537a,54,Female,19,One year,Bank transfer,71.01,1279.82,7,No
9c3de1b0-022b-4683-9033-da6587cf63fd,29,Female,63,One year,Mailed check,87.03,5563.75,8,No
59e7703a-70aa-4b0d-aa03-8ad4a667b982,54,Female,4,Month-to-month,Mailed check,96.85,351.06,9,Yes
bf8e8bfa-a0c9-4a72-b68a-cd40b8f14e3c,34,Female,9,One year,Electronic check,20.19,137.83,8,No
9db7284b-6965-41d1-ab7e-2e6426c0747e,58,Male,66,Month-to-month,Credit card,83.41,5532.53,1,Yes
379d58f9-dc26-4108-b140-11a1afc2ccfc,36,Male,31,One year,Mailed check,119.52,3672.12,4,No
23d7e6a1-19b8-44fc-a587-1d8916312fc6,53,Male,37,Month-to-month,Mailed check,63.17,2399.45,7,Yes
bae1e137-96ee-40e5-9f87-3b46c0a0473a,34,Male,9,One year,Credit card,21.5,260.62,8,No
6dec6bbd-f697-47a1-99fe-3d53624fea4b,55,Female,1,Two year,Electronic check,61.47,44.14,8,No
3f6eed9d-23cb-4943-8a84-000350834fef,27,Male,7,One year,Credit card,21.57,136.91,8,Yes
3f87dfc2-1591-42f2-a505-da9c46e75a2c,31,Female,27,Month-to-month,Electronic check,89.68,2373.56,3,Yes
b89f3a92-999a-4d86-99db-13028dab66d3,32,Female,16,Two year,Electronic check,99.16,1702.44,1,No
f0f7ad22-c76a-4e0f-88f0-91f09b8b38ae,33,Male,2,Month-to-month,Bank transfer,91.88,221.7,3,Yes
d8d994b8-d90f-44e9-86dd-f6cab0c30a59,18,Female,64,Two year,Bank transfer,98.73,6328.16,3,No
34981735-4d38-4415-a036-35fca88d4108,29,Female,65,Two year,Electronic check,56.77,3695.45,6,No
304b2370-8270-4238-9b5f-8f39848b34f0,43,Male,12,One year,Bank transfer,114.96,1509.86,4,Yes
a56b61e0-4ba8-44ca-a449-cb6fbf72ae52,25,Male,70,Month-to-month,Electronic check,72.16,4984.18,7,No
cb35097a-e5dd-48f1-88a7-38ab0df83e12,35,Male,38,Month-to-month,Mailed check,46.16,1738.09,6,Yes
62c965b2-7eb0-462a-bd45-74ebf4655a21,28,Male,66,One year,Credit card,76.58,5083.13,7,No
a3595d1f-7fe4-442e-bdb7-88a61cdcc4c2,30,Female,31,Two year,Bank transfer,75.25,2323.85,7,No
e3837348-873d-48bd-922d-d7be980bc81e,45,Female,52,Month-to-month,Mailed check,77.33,4044.7,3,No
5c70ee97-fca4-4567-8316-d2d6fa4a58ef,31,Male,57,Month-to-month,Bank transfer,104.5,5938.32,5,Yes
6307d4d1-21c9-415d-9104-5a16ef15ab72,37,Female,56,Month-to-month,Credit card,29.7,1613.21,1,Yes
6bbdb66f-9181-4091-96c6-f45cdc5e4e78,61,Male,15,Month-to-month,Credit card,74.32,1224.48,0,No
2c3aacdc-aed5-4a46-8bde-005b5d8babd7,44,Male,16,Month-to-month,Bank transfer,88.69,1383.32,0,Yes
fcc4091b-f457-47c6-b894-6a15c34201db,35,Male,60,Month-to-month,Bank transfer,98.69,5973.74,8,Yes
965d744f-0445-41a8-92af-97e4c536c66e,56,Female,45,One year,Credit card,25.39,1092.52,4,Yes
373aedf8-431e-430f-8387-f74d1149d096,51,Female,50,Month-to-month,Bank transfer,112.81,5597.75,2,Yes
f2dcb12b-0f7a-4302-ac2e-28150a3217d2,37,Female,61,Two year,Electronic check,43.4,2723.74,5,No
495743a2-81b1-4b80-a5e1-b0f5ca0ee8c4,41,Female,28,One year,Electronic check,79.97,2334.29,1,No
c4615234-8044-4eb2-b66e-dbf4a0ea0251,22,Female,43,Two year,Bank transfer,26.04,1053.72,2,No
66fba71d-b3a9-4caa-ac6f-6d2e6a59c043,39,Male,19,Month-to-month,Credit card,86.51,1631.75,5,No
89a3c811-895c-4fde-a3fa-40691519fd38,36,Female,48,Month-to-month,Bank transfer,49.34,2271.55,9,Yes
15669e36-4708-403b-a716-10c19db54283,23,Female,17,Two year,Credit card,90.82,1516.48,8,Yes
ebc1bb52-82e4-4d4a-943a-c1c54f560ed5,57,Male,55,One year,Mailed check,37.62,2042.88,8,No
27c6cbb1-cedd-469d-b96c-9a0a3404c02a,36,Female,68,One year,Bank transfer,90.35,6264.11,0,No
9620bee6-6406-4ace-93a5-e8508950ddd6,51,Male,31,Month-to-month,Mailed check,76.02,2380.62,9,Yes
a65be22b-d5a3-46d9-8362-a810a2611b8d,25,Male,8,One year,Bank transfer,93.61,745.24,8,Yes
4f67448e-10ec-4b1f-a4a5-c736ae59aa52,29,Male,22,Month-to-month,Electronic check,118.49,2543.95,4,Yes
f413db19-bade-4d5d-afff-15ccb2dc6c34,47,Male,8,One year,Electronic check,34.08,337.1,2,Yes
3e9639ba-0ed2-4c9d-bd17-5712d8b22277,48,Female,43,One year,Credit card,56.78,2444.26,8,No
1db14bfc-6f3a-4115-acb4-678c16120aa6,37,Male,5,Month-to-month,Credit card,72.49,353.4,1,Yes
0e165b12-9bdc-40d1-9cbf-7b8c74102d5d,65,Female,34,Two year,Electronic check,45.82,1562.31,7,No
a8761e85-bddf-403a-aa84-30f84f2da233,62,Male,16,One year,Electronic check,94.29,1484.02,2,No
033e02f7-1e93-4127-acf7-2140bd9bc648,36,Male,37,Month-to-month,Mailed check,50.37,1850.17,2,Yes
02e7df89-b395-4a98-a320-4ff5b538f96c,19,Female,25,Month-to-month,Credit card,69.7,1673.01,5,No
58c1aad6-f3f8-4ea4-bf14-eafa29f0ef7c,31,Male,18,Month-to-month,Mailed check,42.7,740.64,8,No
d28fcf68-c871-47b3-8468-b74d85e3ade5,69,Male,63,One year,Electronic check,50.26,3143.36,3,No
5f32d5d8-2abe-4585-825e-0259b88416d2,69,Male,13,Month-to-month,Mailed check,90.3,1137.46,8,Yes
df9b141e-c7f7-4da1-bff1-5840207e863f,51,Male,46,Month-to-month,Bank transfer,48.49,2188.21,8,Yes
1e38f711-e2ec-43f4-bba1-aed944cdbfdd,56,Male,18,One year,Bank transfer,29.42,552.52,7,Yes
55c34853-0783-443c-a65f-ad87c57c7498,64,Male,56,Two year,Credit card,80.07,4469.19,6,Yes
861b4f5b-45a0-4539-ade8-370ace9e9ebd,58,Male,41,Month-to-month,Credit card,82.52,3409.26,7,Yes
f99cea5c-b65a-40f1-8350-ab061059ea28,30,Female,8,Two year,Credit card,57.01,503.61,3,No
7f0386fa-13ba-4c91-a0a5-fde6939f71a2,67,Male,25,Two year,Electronic check,108.87,2681.68,3,No
0e3141ec-5c31-4464-82c2-99f07487d772,45,Male,16,Month-to-month,Credit card,63.42,967.36,8,No
2ab8bd33-911f-430b-9bff-00b07fe670f3,69,Male,12,Month-to-month,Mailed check,111.55,1327.62,0,Yes
c5f8e2f8-414f-4994-a845-77805e20c957,25,Female,25,One year,Bank transfer,42.75,1018.34,5,No
ac93281a-92eb-4ab0-a4ee-c67c1a57f9e4,68,Male,15,One year,Mailed check,66.93,914.18,6,No
bda3c162-3a78-464a-9d86-80cbb90800f3,34,Male,39,Month-to-month,Bank transfer,29.66,1055.89,8,Yes
dbd30aec-0b46-4173-80a8-547382425912,35,Male,65,Month-to-month,Credit card,28.58,1940.68,4,No
0bc57207-3e9a-4c86-8325-4fbddce8e1c5,36,Male,50,One year,Bank transfer,41.18,2045.69,2,No
eb93f78c-620a-4158-9d2d-904f78c59073,22,Female,41,One year,Credit card,36.72,1509.47,6,No
f5d8fb91-ee60-41ac-add0-622e266bf2ea,64,Female,7,One year,Electronic check,117.65,809.14,5,Yes
cd98f9e2-8d88-4beb-890d-9655db842660,37,Male,29,Month-to-month,Bank transfer,48.29,1424.89,7,Yes
a7dc2bc0-bd9c-4693-b6ca-1127e9f87970,46,Female,50,Month-to-month,Credit card,57.96,2880.92,4,Yes
3f8e2d0d-5261-4dec-b979-d5f56b5bc975,44,Male,6,Two year,Credit card,97.31,632.57,6,Yes
51e744e4-b864-4a08-aa75-752d6a8fcacb,46,Male,44,Month-to-month,Bank transfer,46.67,2028.89,8,Yes
92502e59-13f0-4822-9374-8a1145712959,54,Male,13,Two year,Mailed check,89.9,1201.72,1,No
ac5f12ef-8085-4147-9e91-0f365f705b25,47,Female,13,One year,Electronic check,91.35,1180.18,5,Yes
3922a7e4-2de9-42f8-8d7b-ec04e6e59b32,61,Male,12,Month-to-month,Credit card,81.16,1010.08,8,No
0bc1f9e5-fb3d-4063-8409-c5eacde918b3,43,Male,49,Two year,Electronic check,100.04,4948.04,9,No
e0827f76-11a5-49b4-a6a3-02d6f43e8c48,34,Female,25,Month-to-month,Electronic check,91.32,2260.37,5,No
c605e58a-4845-4343-9db4-49dc77106966,29,Female,66,Two year,Bank transfer,107.41,7097.68,5,Yes
161d5c87-53c9-4e59-8f89-e3b2d847dc53,32,Female,11,Two year,Bank transfer,56.8,635.38,8,No
5e717fca-020a-4497-b4ed-51458d9765c7,61,Male,13,Month-to-month,Credit card,49.75,625.82,0,No
c8d57717-9055-436f-8aa5-f9d3335f2f59,66,Male,56,Two year,Credit card,67.79,3832.65,6,No
3e19fc1d-9f6a-4a65-bd54-da044dcd0009,66,Female,49,One year,Credit card,44.23,2118.3,9,No
f8cbab4c-9779-4e84-9e47-2e2276c3e642,32,Female,21,Month-to-month,Credit card,78.0,1651.19,8,Yes
c6a07656-c5c9-4b91-bf6e-f9ed7e4ce29f,23,Female,30,Month-to-month,Mailed check,76.56,2268.86,8,No
8beb4e78-e683-43a3-bb82-b7963207343e,66,Female,16,Month-to-month,Mailed check,20.8,493.24,0,No
268b84b6-3ec0-4285-8bc4-ec0ec2aef674,31,Female,25,Month-to-month,Bank transfer,82.26,2015.99,5,Yes
061efb95-68f8-4063-aeb1-9ad201a1fb0f,55,Female,68,One year,Mailed check,108.78,7373.5,5,No
a2cd1590-58af-493c-8aa2-b4c93ba5bd76,38,Female,6,One year,Bank transfer,33.12,254.78,2,Yes
0274ce40-e090-46b6-b186-a5a8d6ee526b,46,Female,26,One year,Mailed check,98.86,2519.72,8,Yes
c2492e5e-005f-40e6-95c3-b2dbf374190d,32,Male,60,One year,Bank transfer,108.64,6561.26,8,No
bcf2fc3b-d958-44c2-a053-8c1ba84510a1,38,Female,51,One year,Credit card,62.33,3106.72,5,Yes
34879e41-1a9c-472a-8eb9-047dba2ac3d9,68,Male,34,Month-to-month,Mailed check,46.93,1638.3,5,Yes
6b790d01-3cf8-4d20-bbad-793f87a1ec02,57,Male,41,One year,Credit card,115.03,4706.26,3,No
f8f9a45d-0f55-4896-b610-396b7df59abf,19,Female,26,Month-to-month,Credit card,75.93,1953.37,2,Yes
47a2a10b-b62e-4b49-a472-96a4ff38b918,52,Female,53,One year,Mailed check,54.61,2927.01,3,No
3b41c943-ebd8-43b1-8b3d-0c3617d09810,53,Male,45,Two year,Mailed check,67.19,3046.79,1,No
69be173a-850e-40ad-9872-f72ee5b4a1ae,41,Male,39,Month-to-month,Credit card,54.44,2175.97,5,No
755d814b-5f5b-4255-a544-9887b36ab3ed,25,Female,27,Month-to-month,Electronic check,87.71,2407.58,8,Yes
94ad6252-15bc-4a3e-bf76-55d7f97c6c3c,39,Female,12,Two year,Electronic check,108.05,1236.34,5,Yes
a3209116-222d-46a4-8163-b6ce1877bc06,58,Male,9,Month-to-month,Electronic check,72.53,603.26,8,Yes
97867b12-1328-4726-a4f4-34d6d1e91691,57,Female,3,Month-to-month,Bank transfer,37.91,214.2,7,Yes
a995ecc3-6f5b-49a6-8ff1-c51f915cb31b,68,Female,28,Month-to-month,Credit card,55.54,1502.94,2,No
4aab47b2-3c9d-428a-a176-1930f6d70248,24,Male,43,Month-to-month,Electronic check,104.88,4436.01,9,Yes
ed1115d7-50a4-4c85-99d5-7b0242d04d55,66,Female,16,Month-to-month,Mailed check,50.38,858.97,9,Yes
d4f76322-b362-40d2-a498-8bdecd0254db,62,Female,23,Month-to-month,Electronic check,41.52,957.68,8,Yes
73e7f042-516c-4b0a-9385-3918bc4015fa,58,Female,55,One year,Bank transfer,47.35,2567.1,6,No
f18cccdc-131e-4723-bbcd-f203459ee674,66,Male,45,Month-to-month,Bank transfer,53.01,2416.14,5,No
c5285425-c7a9-433c-a2d8-39d333e4f986,43,Female,40,One year,Bank transfer,107.36,4200.06,4,No
1b0c62eb-27c8-4c6c-9be5-a4c395af6d0c,35,Male,3,Month-to-month,Bank transfer,109.21,334.05,4,Yes
50647c59-774f-4354-b316-ce642a147a96,68,Female,57,One year,Credit card,30.46,1706.65,3,No
5bb8b9c8-8932-49f3-9ee8-9a4c681134e2,26,Male,58,Month-to-month,Bank transfer,82.31,4699.9,6,Yes
73b0d676-3527-45c8-8534-ca08f6f24d1c,69,Male,62,Month-to-month,Bank transfer,95.0,5888.61,6,Yes
da3c45ca-43d7-4f2b-b69d-e1e34eed4124,51,Male,50,Month-to-month,Bank transfer,39.04,1953.69,8,No
cebeabaa-2859-4b34-9725-d2c71eb2a7b8,26,Male,22,One year,Mailed check,54.34,1230.73,5,Yes
b46788bd-d38e-43e4-8de1-087bafa14a55,53,Male,56,Two year,Credit card,85.28,4753.52,0,No
370b9a29-0a53-4df9-9a72-083cb266986c,25,Male,2,One year,Electronic check,67.72,172.51,0,No
25f88c74-53ea-4919-9b48-62c2d5ff2a1f,52,Female,6,One year,Electronic check,60.91,396.06,5,No
f7e9101d-3f8b-4433-b60e-695c1759ba96,69,Female,2,Month-to-month,Credit card,39.37,57.81,1,No
0c880714-8372-47e0-a570-46ea5b11f51f,18,Male,50,Month-to-month,Mailed check,61.73,3139.91,2,Yes
d1f16485-429a-4a7c-8c80-d33aad5be3c8,54,Male,52,Month-to-month,Credit card,107.43,5524.12,1,Yes
f3bc9a71-07f4-4ee5-ac82-989ffd9cfbb0,21,Female,39,Month-to-month,Credit card,110.28,4306.01,5,Yes
8e52fc42-73c3-44a6-9ac7-26b667863fb3,29,Female,56,One year,Credit card,60.52,3404.44,4,No
183fea70-3ff6-479e-8cd4-b90abf8211bc,69,Female,54,One year,Electronic check,96.46,5194.31,0,No
cb371d97-cdcc-4d6a-9a16-998c7648776e,33,Female,28,Month-to-month,Mailed check,109.15,2996.24,2,Yes
0fc98d2e-030f-4be9-9f17-8f9323c97a1e,22,Male,34,Month-to-month,Mailed check,104.44,3452.72,3,Yes
38e7e019-fb89-46c8-87ec-fe71d49347fc,32,Female,24,Month-to-month,Mailed check,103.25,2535.74,9,Yes
668c879b-d2dc-42c8-b2b8-d8aa21768dd7,31,Female,27,Month-to-month,Credit card,45.9,1232.18,6,No
f004e897-a15b-4e18-afb0-64065f4b1a97,44,Female,71,Month-to-month,Bank transfer,63.71,4488.0,3,No
960be0f4-9513-4c22-9583-9b99a50a13dc,57,Male,70,Month-to-month,Bank transfer,55.29,3858.27,7,Yes
13325c31-d010-418a-aadc-9960424211e2,35,Female,60,One year,Mailed check,32.83,1927.37,6,No
329fc417-1081-4d45-bf45-f8a20594b24f,29,Female,55,One year,Electronic check,33.3,1822.73,4,No
cf2e3296-7184-4713-a55f-65b7e709fba6,63,Female,49,Month-to-month,Mailed check,75.5,3694.74,8,No
d8e70aeb-e7b3-4085-978b-e96820f87ba2,67,Male,26,Month-to-month,Mailed check,48.51,1300.19,0,Yes
1f5df912-54e0-4431-8f13-3b65d450afa2,37,Female,10,One year,Mailed check,36.55,309.39,7,No
0cf697a5-7603-436c-b139-4e3c0aee2557,50,Female,71,Month-to-month,Electronic check,80.39,5725.39,8,Yes
6ee35607-92ea-4324-ac93-e5962b015723,41,Male,52,Month-to-month,Electronic check,59.39,3067.25,3,Yes
7f0223bc-651e-4252-b974-4cded259f960,49,Female,56,Month-to-month,Bank transfer,21.85,1204.67,4,Yes
6d39da75-aee7-4ab2-a1fa-8e7a078c26ce,39,Female,29,Month-to-month,Electronic check,84.65,2474.17,4,Yes
e886a011-36f7-426c-9a9c-06792c3d17e2,36,Male,17,Month-to-month,Electronic check,60.79,984.05,2,Yes
722dce13-47a4-4c42-8665-34972fe922aa,34,Male,37,Month-to-month,Mailed check,42.48,1608.83,8,Yes
9d3616a1-08de-4921-a60c-b547e2280fe3,22,Male,31,Month-to-month,Mailed check,47.0,1509.5,3,No
a5b40983-3eeb-404a-9df2-372e9e825aae,59,Female,34,One year,Bank transfer,51.75,1788.28,8,No
e1fdc6d1-6978-4221-bfb7-5c574b8c031f,63,Male,59,One year,Mailed check,70.91,4084.52,7,Yes
1674eb65-0f9c-4300-baa1-c5678cf9eea9,59,Male,62,Month-to-month,Credit card,96.36,5920.56,0,No
6b52f93c-2321-464e-a20d-4a1f479f6628,23,Female,11,Two year,Bank transfer,85.79,962.12,3,No
cc152a1b-e278-4642-a484-e035330faaa3,42,Male,35,Two year,Mailed check,114.89,3927.99,2,Yes
fe7c80e9-a179-4e93-bfc8-25ac869bc00f,25,Female,20,One year,Credit card,25.52,513.44,3,No
04ffeab2-cb7b-4b3a-8b2d-158acd5ae324,62,Male,38,One year,Mailed check,39.96,1614.79,2,No
b69f75c5-c82b-41be-a1eb-64e6fd498e20,67,Female,16,Two year,Bank transfer,76.69,1296.08,7,No
c80c2195-8b65-44ce-bacc-99705beec570,18,Female,69,Month-to-month,Credit card,33.23,2267.03,6,No
90ce82e8-e9a5-4368-9812-9eb27c13f47a,19,Male,14,One year,Electronic check,57.5,866.52,4,No
453b45fe-636c-4499-9254-aad3809cd839,49,Female,19,One year,Mailed check,66.03,1280.94,8,No
98dc9e0b-51a1-45df-86ac-10102e0869c1,27,Female,18,One year,Mailed check,104.6,1970.6,0,No
cf89569d-e550-4736-8780-6e713811b519,51,Female,69,Month-to-month,Bank transfer,103.35,7120.39,2,Yes
cf03f0c8-0eff-45bd-87eb-340dc74e48ff,21,Male,18,Month-to-month,Credit card,60.52,1110.94,2,Yes
5b80b8d1-8788-4fed-b8c0-4ed8fdd4ff21,21,Male,66,One year,Mailed check,105.55,6899.14,1,No
3b964c74-ffe6-4994-9580-4c2ac44fc4b8,41,Female,33,Month-to-month,Mailed check,41.59,1353.26,7,No
3f738f50-19a2-476f-a8dd-2bfdf956be95,59,Male,52,One year,Mailed check,50.0,2561.89,8,No
889fe107-443b-4d0f-bdbc-3093a8284442,57,Male,61,Month-to-month,Bank transfer,63.36,3834.32,1,No
bcaff931-ead1-4464-8a8e-858cd0f81063,61,Female,10,Month-to-month,Mailed check,84.3,888.62,1,Yes
f2a32efd-ff13-4c80-8398-c3320e500785,35,Male,20,Month-to-month,Bank transfer,112.32,2216.39,3,No
fb8fe8c4-d8b4-4ead-9360-8edf382b5b86,20,Female,40,One year,Credit card,116.93,4711.11,1,No
ef69a980-5ad4-49ef-a36f-a890cc21cbdb,45,Female,36,Month-to-month,Mailed check,44.28,1599.69,0,No
2c78644f-d860-45a2-bdd5-b0f8d6d744fd,28,Female,35,Two year,Bank transfer,119.97,4196.83,8,Yes
5168bbf2-97af-4bde-bc8e-9d782d14e9f4,42,Male,1,Month-to-month,Mailed check,60.77,84.97,2,No
5bd93609-b297-4782-bcf4-74aace63cb1a,19,Male,62,Month-to-month,Credit card,34.95,2216.66,5,No
b4157cea-0738-4ba4-9770-a3dbe9fa97e2,27,Female,22,Month-to-month,Electronic check,86.84,1892.68,3,Yes
91519998-f293-4585-9a07-d758b357f3f9,31,Female,36,One year,Electronic check,76.11,2822.35,9,Yes
f2c84743-9027-4770-a460-d0d2904883c1,57,Female,4,Month-to-month,Mailed check,107.01,485.35,7,Yes
cf767343-fced-4994-9631-c383303014d0,53,Male,7,Month-to-month,Bank transfer,95.29,730.72,4,Yes
8ac8ad93-7e02-421d-b86b-543ae1b243cc,23,Male,57,Month-to-month,Mailed check,70.6,4036.28,9,No
09b7fdf7-7d8d-4ddd-acf1-49cb4f1e1a37,20,Female,3,Two year,Bank transfer,71.27,138.92,5,No
9a069295-3b8d-4447-8e61-065f171b1b80,32,Male,10,Two year,Mailed check,87.04,862.4,6,No
7a5d7c82-86c5-447c-851a-00393803dcee,48,Female,67,Month-to-month,Mailed check,104.25,7018.54,8,Yes
9d37efb6-eafb-4e90-94ec-84ce002ccb25,24,Male,44,Month-to-month,Bank transfer,21.57,908.8,5,No
573bfc17-2167-435e-8e73-34f233932b6c,61,Female,38,One year,Credit card,45.92,1736.99,7,No
cd6bb03b-eb35-47a0-ad6e-0291b7893986,56,Male,37,Month-to-month,Bank transfer,36.84,1401.21,0,No
0f3f0f48-52d6-4779-9e43-79cbd8230076,65,Male,36,Month-to-month,Credit card,36.7,1362.09,7,Yes
b466fab6-962c-44dd-a5d0-7461059c1574,24,Male,22,Month-to-month,Bank transfer,29.11,633.5,5,Yes
1c654aa2-c63c-421d-a443-5958eacf33a9,66,Female,21,Two year,Bank transfer,116.35,2424.48,1,No
5d696bc8-dc54-459b-86bb-42c7d8b2f8b6,37,Female,36,One year,Bank transfer,33.13,1139.19,8,No
b45c9a54-5fa3-4531-9291-6e60f5e72daf,53,Male,3,One year,Credit card,96.9,213.68,0,No
96053035-6545-4030-a981-fa54f121e129,58,Female,14,Month-to-month,Bank transfer,73.66,1036.24,4,No
52961fb3-4d40-4b28-9628-ddcd19dd3e8c,21,Female,16,Two year,Mailed check,55.3,910.67,5,No
bb7b6c05-2852-4ca2-b9d2-014a22ee7f07,46,Male,3,Month-to-month,Mailed check,85.58,197.36,3,No
a3a6ef83-cab6-4107-afd6-9b3af2dd9456,29,Male,44,Two year,Credit card,60.33,2683.47,4,Yes
51397c06-a630-4d9d-bcb9-23f5f5edf382,38,Male,51,One year,Bank transfer,21.82,1151.62,0,No
8fddbebc-f7ff-48d4-b509-f08a2c988bca,31,Female,65,One year,Credit card,94.24,6151.32,9,No
9d1c0838-edc8-4ca8-a3bc-d6f3b18d2c8c,23,Male,20,Month-to-month,Mailed check,110.0,2233.96,4,Yes
aa604892-3926-42e9-9b58-eb49c9784b52,66,Female,44,Month-to-month,Bank transfer,105.43,4603.41,4,Yes
60ddc7f1-2ce3-4822-9080-12b896c56fe7,60,Female,47,Month-to-month,Credit card,82.14,3888.12,1,No
4b657bcc-b041-4f19-bbe7-18354e8bf78a,66,Female,48,One year,Mailed check,103.48,4932.57,9,Yes
0075d3d5-ba94-4a66-ad7e-4a452099e71f,39,Female,63,Month-to-month,Bank transfer,68.58,4330.15,9,Yes
92a54d04-f2dd-41f5-b3b6-d344f2e3c6f0,59,Female,11,Two year,Electronic check,37.47,416.89,2,Yes
c55523ed-fe89-46c8-99cb-3540643ffdae,53,Male,8,Month-to-month,Bank transfer,29.07,171.11,8,Yes
2e9ce8ff-084a-4c4b-9146-8cdcf7164b73,61,Male,48,Month-to-month,Credit card,32.82,1622.81,5,Yes
cf0df860-ebc9-4914-9176-a9d19a3624d6,28,Male,50,Month-to-month,Mailed check,42.71,2210.97,5,No
a3bfe403-388c-4751-9c83-79aef7b02805,22,Male,70,One year,Electronic check,31.99,2161.05,5,Yes
7f05fbf5-efca-4577-9aa6-f7cb90c7e6ac,37,Female,34,Month-to-month,Credit card,103.66,3503.39,4,Yes
13eb22c9-bece-421a-94c7-743b2401342a,48,Male,17,Month-to-month,Mailed check,96.48,1562.14,5,Yes
51cbf9e5-fb7d-4ba1-98c8-8c483ced4d1f,62,Female,19,Month-to-month,Bank transfer,64.01,1239.76,6,No
f68c62e6-e2a4-4909-a2dd-22d52afaab7b,62,Male,51,One year,Bank transfer,66.28,3443.87,5,No
ab86bafd-b57e-4883-9258-6d9016b6bf61,52,Female,67,One year,Electronic check,37.1,2421.03,5,No
55f3ad50-e2fb-4984-bab2-7bcea39c3bd5,38,Male,62,Month-to-month,Mailed check,75.38,4658.24,8,No
35adde88-43e4-4668-82ea-d2df725656e3,56,Male,30,One year,Electronic check,57.68,1715.29,2,No
59b9222c-115a-4fac-b173-fcdf3fe1e8f3,36,Female,59,Month-to-month,Bank transfer,79.38,4709.96,4,No
b86d066b-1ba8-47c6-897a-24ad41b455b8,47,Male,13,Month-to-month,Credit card,86.44,1151.44,6,Yes
702f31e5-62cc-4604-8c53-644b0053f649,45,Male,7,One year,Mailed check,34.74,223.97,3,No
2a9527f6-f817-4ebf-ab6e-64c5bb8aa843,57,Female,26,Month-to-month,Credit card,54.23,1498.13,5,No
e1bbb8cd-7e3a-4f07-a9fd-28e6e271fff9,19,Female,43,Two year,Electronic check,21.12,882.77,8,No
6016c743-8bc8-4a02-99ea-493660f34ebc,24,Male,54,Month-to-month,Credit card,31.64,1641.6,8,No
c9ea356a-7abf-4ebf-942c-b1ae19f738cb,25,Female,63,Month-to-month,Bank transfer,30.82,1986.32,4,Yes
c21c3fb3-a6a5-40ff-93fb-71d0dd326d9c,59,Male,18,One year,Credit card,65.5,1202.82,1,No
7387928a-29a3-4b6d-b9bf-ca38afe9be90,48,Male,64,Month-to-month,Electronic check,90.69,5796.5,2,Yes
088dbd82-d883-43f8-8c98-03de12de9e5a,20,Male,46,Two year,Electronic check,34.03,1582.02,0,No
42d943ee-5197-4e75-8523-d4fd4b7f2183,43,Female,34,Month-to-month,Bank transfer,94.3,3234.19,9,No
5780be17-12fe-4c2b-9acf-42c5f3a02120,29,Female,16,Two year,Credit card,69.35,1101.64,8,Yes
29310971-601e-4211-a34f-76b42b8c03bf,54,Male,42,Month-to-month,Credit card,60.41,2487.9,7,Yes
f11c0ac5-8c0b-493a-9333-5bc9bb635ff5,40,Male,31,Two year,Credit card,78.98,2428.83,5,No
5683ede0-17d5-4563-ba60-ede1e5eb772d,52,Male,38,Month-to-month,Credit card,45.39,1798.79,0,No
e4aa786d-9d17-4218-bc3b-0de5981262ac,67,Female,38,Month-to-month,Electronic check,63.31,2400.84,2,No
6e6b34b9-07ef-4ba8-b45a-6ab37b94a34d,69,Female,44,Month-to-month,Bank transfer,95.55,4245.52,1,Yes
9b792afa-2a3d-418d-a754-a29ff143e545,18,Female,61,Month-to-month,Credit card,63.62,3803.31,5,No
0db5d441-2837-4418-af27-c1b9e3c6dedb,40,Male,26,One year,Credit card,64.86,1733.23,7,Yes
f9722cc1-349e-44a9-94c2-9d5c19ec0829,25,Female,41,Month-to-month,Credit card,104.76,4285.08,8,Yes
8dda4ff2-b27b-4bb4-a8c6-90b230a2cee8,37,Female,62,One year,Mailed check,27.28,1806.98,8,No
8a45a905-badf-4397-acf2-6429b8d77d2f,62,Female,27,Two year,Bank transfer,79.46,2094.52,4,Yes
4c2272f3-4811-4562-a91c-f19243e8644b,63,Male,52,One year,Electronic check,56.5,2892.41,0,No
64953d5f-0cb4-4891-988d-f23b3ccff6eb,21,Male,62,Month-to-month,Credit card,100.82,6292.98,1,Yes
7daec949-d700-4461-8cb6-b0ba925f8199,54,Female,5,Month-to-month,Bank transfer,83.31,431.23,7,Yes
00fa0eb4-5c5f-48d4-8df4-07b82751ab86,62,Male,67,Month-to-month,Mailed check,37.43,2494.33,4,Yes
d2eaef18-4b67-47a1-966e-cfe36d779595,31,Female,64,Month-to-month,Mailed check,66.98,4290.18,0,Yes
7af6cd41-99a7-499b-a005-f5e1a97a2846,45,Female,32,Month-to-month,Mailed check,113.14,3563.91,9,Yes
34fadee1-0696-4d48-98d4-2238331de35c,65,Male,67,Month-to-month,Electronic check,63.31,4285.43,9,Yes
fa207403-4ab4-47e3-a360-76812bbba89d,62,Male,71,One year,Electronic check,102.89,7225.31,4,No
1d91fe39-d801-4004-b93b-ed1b14f9c394,48,Female,52,Month-to-month,Mailed check,96.11,5072.23,9,No
788fd0cd-65c0-4b93-88ed-abdd4ef03f80,40,Male,50,One year,Bank transfer,74.6,3697.42,0,No
43d75413-a939-4bd1-a516-b0d47d3572cc,39,Female,21,Month-to-month,Bank transfer,52.39,1103.62,3,No
6334fa2a-8b4b-47e7-a451-5ae01754bf08,39,Female,58,Two year,Electronic check,68.84,4111.72,6,No
61a66444-e2af-4629-9efb-336e2f546033,55,Male,29,One year,Credit card,57.82,1679.51,6,Yes
0b6c03c8-721e-4419-afc3-e6495e911b91,54,Male,45,One year,Bank transfer,26.95,1289.37,7,Yes
436e3c49-770e-49db-b092-d40143675d58,32,Female,49,Month-to-month,Mailed check,28.37,1411.16,7,No
907276ea-44c0-4a9a-964a-cb1f39eb038a,49,Male,4,One year,Bank transfer,79.41,359.35,3,Yes
b24beb96-c092-4b74-a6b0-7ff60fc79913,64,Female,1,Month-to-month,Electronic check,70.92,97.01,2,Yes
ab0b4cc5-15f0-4a19-98c1-80d2aadf3692,43,Male,55,One year,Electronic check,66.38,3658.43,4,No
69fb0763-8a9c-46f7-8ee4-e5125802b640,37,Female,21,Month-to-month,Bank transfer,32.28,757.87,5,Yes
3a3e46b0-96f8-4ff7-81a7-2883f8802878,60,Male,42,Month-to-month,Credit card,38.81,1635.85,6,No
6319629b-d73e-4bb9-8f9c-a17b8db8dadf,36,Male,3,Two year,Mailed check,84.72,261.49,1,No
f7336094-6b2b-48b9-85c7-f3bed183010f,31,Male,28,One year,Mailed check,109.45,3109.08,3,No
efb56207-ddec-440b-afe3-af13891778e8,53,Male,24,One year,Electronic check,109.98,2708.08,7,No
3c53090e-e1b4-4171-929d-674d798e175f,22,Female,64,One year,Mailed check,35.11,2194.63,4,No
6511e61a-1436-45f5-8c81-926079ec533c,57,Male,34,One year,Credit card,98.87,3404.99,4,No
08e3f771-b6dc-4d05-9a9b-ccc1e71c681a,48,Male,30,Month-to-month,Mailed check,105.55,3189.15,2,Yes
844e250b-e684-490c-923b-78208089b8c5,56,Female,30,Month-to-month,Credit card,33.96,1043.88,7,No
fb95d0fc-ad72-4d05-924c-de09ccea5031,42,Female,24,Month-to-month,Bank transfer,77.3,1767.8,0,Yes
f3025d16-1eca-4ae9-a5bf-213d9eca381b,33,Female,18,Month-to-month,Credit card,91.57,1631.94,5,Yes
f2f5b176-2c41-4bd3-b2f4-44abc1d71f4a,29,Male,38,One year,Mailed check,60.07,2365.87,7,Yes
363e6ef4-f8df-4c3a-aacb-4fbdfbff8a7d,56,Male,36,One year,Mailed check,101.48,3629.48,9,Yes
0aeccec7-204d-49da-b156-7f2acef74829,62,Male,2,One year,Electronic check,80.87,89.18,4,No
aee14f87-fcff-49e3-940f-f5896c624c2c,58,Female,45,Month-to-month,Mailed check,77.43,3438.14,3,No
d2938e6e-ff4d-4930-b3b0-fb536f75ee8a,20,Male,14,Month-to-month,Electronic check,94.81,1266.78,0,No
98550b1e-d588-4c1c-a5db-5946a091e5b4,57,Male,66,Two year,Bank transfer,70.25,4620.99,3,No
ba236c22-e92a-4b97-91db-1a374204d733,42,Female,44,One year,Bank transfer,64.69,2808.37,4,No
16476e3f-1127-4207-8eae-1325ea074d80,43,Female,9,Month-to-month,Electronic check,66.43,625.07,3,Yes
8d536c75-65b9-4e94-8e6d-e263635a775d,44,Female,44,Month-to-month,Bank transfer,30.66,1302.01,1,Yes
850a48d4-46b5-48de-9b4b-b8eb537d0bd1,21,Female,56,Month-to-month,Mailed check,39.68,2201.42,2,Yes
032a461a-df9b-4c1f-aacb-1f6d7549c9f9,31,Female,57,Month-to-month,Electronic check,27.6,1519.9,3,Yes
966b62ea-9f80-496b-b34e-356ac95b61f8,45,Male,52,One year,Bank transfer,39.34,2087.8,9,Yes
1cce08e9-6b6a-4061-881c-8d3185c69fbf,28,Female,63,Month-to-month,Electronic check,110.42,6925.26,3,No
910c4cb7-25f0-4b0a-a64e-f59d6a18e5af,30,Female,63,Month-to-month,Bank transfer,79.17,5029.94,5,No
f6ff3521-c225-4530-952a-53459682d9ff,18,Female,21,Month-to-month,Mailed check,26.06,564.23,3,No
1b0ae22e-ecc8-47a6-99a6-f80ef08ce6c2,50,Male,65,Two year,Mailed check,103.91,6784.65,5,No
c926a021-19da-4262-8790-3dc5900c0af7,21,Male,23,Month-to-month,Electronic check,106.85,2418.78,2,Yes
e1509425-891f-4683-9e12-dbf1493d6196,44,Male,69,One year,Mailed check,43.95,3135.53,2,No
439e754c-6930-46ea-a0bd-a1ee5807cf74,27,Female,5,Month-to-month,Electronic check,105.8,470.0,8,No
92701d60-7c4f-48e4-a7a0-2a3d620f230b,45,Female,57,Month-to-month,Credit card,107.01,6151.09,8,No
2c154804-0997-49a3-b919-955c9be4f19f,34,Female,14,One year,Bank transfer,67.02,921.71,9,No
9e45455e-24d3-4751-a729-4d3c46818a88,21,Male,40,Month-to-month,Credit card,109.59,4406.02,5,Yes
66d71d97-b193-48b8-ae49-c0799bd0d4c7,36,Male,29,One year,Bank transfer,30.53,862.92,7,No
e1035e1c-e3bb-42ae-a552-ac5309eda6f5,30,Female,31,One year,Credit card,29.24,886.13,3,No
0c9e5550-3cd1-4f3f-b0c5-827854dccba5,53,Female,55,Two year,Electronic check,33.06,1778.5,5,Yes
44c1f1b5-ebbb-4763-b9a7-e63bbee975da,47,Female,18,Two year,Bank transfer,93.97,1651.49,6,No
567e642e-052d-4b9a-9f58-4603e5a3d8e9,18,Female,18,Month-to-month,Credit card,21.23,428.59,8,No
4f9a5f98-4d95-4273-8b2c-c805d1403430,57,Male,15,Two year,Mailed check,112.47,1698.3,7,Yes
dbb54645-7dda-41b6-97c4-caed47c4cc51,65,Male,32,Two year,Credit card,76.35,2447.56,5,Yes
f8f58a26-1924-4644-af52-7666b23909f4,42,Male,1,Month-to-month,Mailed check,67.95,16.08,0,No
4cec495b-2267-46e3-ba5b-6ac5de703b72,41,Male,4,One year,Electronic check,82.87,248.87,7,Yes
c626e38f-716f-4276-be64-ac2af96671a5,40,Female,59,Two year,Bank transfer,47.5,2752.39,1,No
ba92992e-44f8-453c-9224-6d05d3692867,58,Female,4,Month-to-month,Bank transfer,31.89,124.05,9,Yes
16db80db-a543-448e-9adf-e9816ab19e15,38,Female,64,Month-to-month,Electronic check,53.7,3464.53,2,No
e9d6bb7e-361d-4014-b114-56de301c8db3,60,Female,7,Month-to-month,Credit card,86.31,558.35,9,Yes
7c059799-bdae-4eff-a83c-510ed2efa93b,68,Male,52,Month-to-month,Electronic check,30.19,1572.91,4,No
5fb8944d-de00-48aa-8439-6fc0c26e2706,54,Female,62,Two year,Credit card,31.48,1956.16,6,No
ca9f1d59-83e8-4700-8e63-813ed22e3226,55,Male,53,Month-to-month,Credit card,30.24,1573.04,9,Yes
b5a6571c-4fa5-435e-90cc-460428b26b1b,31,Female,47,Month-to-month,Credit card,71.8,3412.31,7,Yes
c7cfeca8-22b9-424c-a744-3fb881bd55d5,44,Female,69,One year,Mailed check,90.44,6269.44,9,No
9194821e-e11b-40d4-8637-9f04d9ee7dc9,39,Female,32,Month-to-month,Electronic check,105.95,3329.18,7,No
e00bd534-3158-41fb-ac7a-0d3107692583,35,Female,43,Month-to-month,Bank transfer,104.44,4446.28,2,No
0ec0ad4b-d644-4a9d-b362-d476d53ae57f,22,Female,52,One year,Bank transfer,111.38,5742.86,4,No
0cf173f9-74d9-41f5-8877-58043fde9814,48,Female,49,Month-to-month,Electronic check,29.5,1414.88,1,No
32f8dbab-b462-43e8-9c41-8a83eb04159c,42,Female,51,Month-to-month,Credit card,60.13,3094.87,6,Yes
76d70561-d2d1-4ef5-9e4c-4fd1462363a9,37,Male,8,Month-to-month,Electronic check,78.93,684.53,5,Yes
ec4e8cbb-a2aa-478c-a59e-0258814ff657,26,Male,60,Two year,Electronic check,88.48,5334.03,5,No
3defa7ba-07d2-4d4d-ae61-716a1fb621ae,57,Female,56,Two year,Mailed check,113.86,6417.18,8,No
7233d5af-9813-4da1-bd21-20ad5f59fb4d,37,Male,67,Month-to-month,Bank transfer,28.5,1912.42,2,Yes
797e3984-ded7-43ef-b5e4-a9c12d761ffa,18,Female,62,Two year,Mailed check,107.42,6705.8,0,No
5820b3f2-5989-4d6c-8d24-34f9963dc8bf,40,Male,45,Month-to-month,Mailed check,52.9,2431.47,4,No
42378962-e4fd-4c34-9670-7a2129dc073e,28,Female,3,One year,Mailed check,76.52,289.15,5,Yes
1723ecdb-b058-4256-94b3-e8cfbfbbeab3,48,Male,1,Two year,Electronic check,107.68,29.16,2,No
0cb5ee5c-62f5-47c2-8706-fec248fa4e98,40,Female,7,One year,Electronic check,65.81,473.73,2,No
c7a2f280-927f-4103-9a94-08c029b44cb1,60,Female,3,Two year,Electronic check,30.82,110.63,9,No
38aa76df-db6b-439b-b6dd-9529f704d72f,63,Male,46,Two year,Electronic check,42.63,2071.44,5,No
34ec5264-ad7d-4f81-b9a0-f145a5bab050,39,Male,35,One year,Electronic check,38.96,1364.61,2,No
83666636-68d5-46b8-a6ce-6d7a44e2a94b,55,Male,6,Month-to-month,Bank transfer,61.79,368.02,6,No
f796611f-c7c1-4b1b-9d58-631b052226b9,52,Male,12,One year,Mailed check,74.79,989.87,6,No
795e6f2b-0247-4360-aea4-a441c47fa57e,41,Female,33,One year,Mailed check,45.26,1553.11,8,No
2c56e0cd-a5ba-4472-a1df-5609e959137f,68,Male,35,One year,Bank transfer,54.53,1944.38,9,No
3948fe22-022a-4dda-8d05-79e299e4704c,38,Female,60,Month-to-month,Mailed check,99.72,5968.86,2,No
f168c605-ce1a-4669-9bbc-6cbc409ca8f2,51,Female,62,Month-to-month,Electronic check,116.82,7251.69,5,No
b599277f-f78e-49e8-b676-291d4e329b4b,62,Female,10,One year,Bank transfer,107.76,1096.08,5,No
e53e5f4c-6c7e-4a2c-867f-358ba48aa108,50,Male,62,One year,Bank transfer,87.03,5509.87,3,No
7580e4e9-5945-4186-9a01-8d296060b1eb,19,Female,38,Month-to-month,Mailed check,23.56,858.59,0,No
4d59616b-7779-457f-b7dc-8c784082fcda,26,Male,10,Month-to-month,Mailed check,37.52,483.02,9,No
9fa4a627-d306-48be-8548-867bad5cba24,25,Male,32,One year,Credit card,68.74,2180.65,6,Yes
01e187d8-1a31-4044-95a0-f35665abc9ff,44,Female,28,Month-to-month,Bank transfer,98.27,2765.97,1,No
f76b9723-a990-4071-bfda-9a9382f29004,20,Female,44,Two year,Credit card,81.4,3639.87,5,No
8fbba749-5fcd-459e-96e1-8109d7e174e6,42,Female,50,Month-to-month,Credit card,54.76,2793.07,2,Yes
485d831c-9bea-4529-9801-7a2fa5b83693,18,Female,4,Two year,Mailed check,75.0,318.72,9,Yes
7b53359e-1bac-4d0d-af35-b30b4c68eb17,20,Male,1,One year,Electronic check,102.08,72.16,5,Yes
46c79b36-fd05-4963-9616-af7e1057a002,29,Female,64,Two year,Electronic check,49.28,3115.69,9,No
46e1ee40-dc8a-46a7-933c-2ed5a3fe0479,57,Male,5,One year,Credit card,107.21,547.3,0,No
f3c2944a-b60a-4dcc-a7f7-745142da8609,47,Female,3,One year,Credit card,83.5,266.54,1,Yes
30385dd7-4c7d-4313-a6c6-81b0e4729be5,43,Male,57,Month-to-month,Bank transfer,27.34,1554.97,2,Yes
3d846fc9-c3f6-4136-846d-5a3b2661c426,65,Female,60,Month-to-month,Electronic check,105.02,6230.86,8,Yes
db7904e0-ce30-461d-8e88-c8ece651e3e1,42,Male,54,Month-to-month,Bank transfer,116.86,6326.19,0,No
6772fe9f-999b-4859-8f5e-0f0bcd67b5df,53,Female,7,Month-to-month,Mailed check,87.4,622.55,8,Yes
23d26b8d-ae46-424d-91d0-5ef3a91883fc,23,Male,39,Month-to-month,Credit card,97.6,3748.15,4,Yes
7f53d344-a7c8-44e4-8684-3c86b8a60402,49,Male,48,Month-to-month,Mailed check,76.11,3683.8,6,Yes
e82b5b36-4269-428c-8bac-bedfff5a229e,42,Female,52,Month-to-month,Electronic check,23.94,1309.17,7,Yes
bc9a7998-6365-4c2a-a793-cb096b271eff,43,Female,9,Two year,Credit card,24.09,137.35,5,Yes
fea82e3a-b544-41cb-9541-0a9d090aaa93,50,Male,24,One year,Credit card,58.92,1428.28,3,No
57d9cbb0-309e-47ba-90e6-56e592715f6e,45,Male,4,One year,Mailed check,49.24,196.61,5,Yes
afb28b3d-38ec-4b4d-b69f-5eabb9ff2c29,66,Male,67,Two year,Bank transfer,69.11,4588.8,7,Yes
79c9c839-c8ef-4377-a368-84f588ddd880,44,Female,30,Month-to-month,Bank transfer,66.85,2015.7,1,No
5bc677ca-abff-4286-b0cf-9d73e8121ef0,58,Female,68,One year,Mailed check,81.45,5482.91,4,No
2b843ef3-d86d-455d-8cd9-916481df62f4,22,Male,23,Month-to-month,Electronic check,110.7,2613.35,1,Yes
8ee9581a-e061-465f-a859-6f8cd73418fe,48,Male,2,Month-to-month,Bank transfer,40.1,112.16,6,No
7885187d-18fc-43b7-8b35-6e9a2e5eeb6a,46,Male,52,Month-to-month,Mailed check,115.66,6046.99,6,Yes
b9a5d4d0-4237-41f1-bdac-dc5e20c0f275,18,Male,39,Month-to-month,Electronic check,85.97,3295.09,0,No
e9a1c6d5-c34e-4baf-8f1c-b2ccceef9fa8,67,Female,33,Month-to-month,Credit card,20.57,614.66,8,No
e64b9b37-ae01-4122-b269-921c2edd9141,28,Male,19,Month-to-month,Mailed check,115.5,2070.19,5,No
38e59b27-16dc-4a6e-a789-077055ec024a,58,Female,8,One year,Bank transfer,53.73,425.99,3,Yes
df162ec3-be84-4aa2-b92c-04da5af3da5a,25,Female,15,Month-to-month,Electronic check,55.54,871.78,4,No
e3082ddc-c9c0-4b7d-aba4-170b4e9d23e9,52,Male,68,Month-to-month,Credit card,113.54,7695.93,9,Yes
95e7f614-42b4-4281-9f26-946654d1332a,52,Female,21,Two year,Bank transfer,94.81,1979.27,1,No
1e26ed31-d9e9-4758-b6b9-04364b46ef33,66,Female,1,Two year,Credit card,115.85,95.88,7,Yes
a267d32f-ddcb-44bc-8dbd-c5da787515b9,68,Male,49,One year,Credit card,32.84,1674.23,7,Yes
9ee339ff-f1bd-4598-948f-664a9565257b,31,Female,48,One year,Bank transfer,83.76,3930.55,1,No
31cd9f6e-e3b1-4d36-b8e3-6397123b31cf,32,Female,19,Month-to-month,Electronic check,88.55,1599.8,1,Yes
ae423568-de14-453b-9eac-41d9801f4909,65,Male,34,One year,Electronic check,89.05,3051.18,8,No
69c165ae-4c61-4ae8-87a3-7f1061b512ed,22,Male,24,Month-to-month,Bank transfer,77.06,1943.88,6,Yes
26996aab-daaf-4529-9eef-f82a0dd70158,28,Female,71,Month-to-month,Credit card,62.44,4336.69,8,Yes
57b936b0-3346-4332-be0a-824e232a5e82,65,Male,15,Month-to-month,Credit card,38.15,605.45,9,Yes
e4917f7d-91c4-4efc-bcb8-96bb68c0cbef,30,Male,31,Month-to-month,Mailed check,77.67,2382.28,4,No
24aa5685-7523-46ce-bc95-0bbae8184f34,67,Female,66,One year,Mailed check,21.54,1392.99,3,No
2e2bdc6c-b736-4c4f-9cc5-d97550fe8199,50,Male,62,Month-to-month,Bank transfer,117.01,7300.13,4,No
55273407-7cd2-492f-94b0-0f62c768b07f,48,Female,35,Month-to-month,Mailed check,79.48,2715.43,3,No
503be788-2d44-4af8-bc94-76b1a18b5d15,47,Male,61,Month-to-month,Mailed check,87.78,5296.63,5,Yes
73b9c2ac-0134-476b-8ed9-fa95a26e865b,58,Male,15,Month-to-month,Credit card,28.83,445.87,1,Yes
c606ddc4-c2dd-401d-b59a-15334605ec0e,33,Male,30,Month-to-month,Bank transfer,104.0,3132.55,4,Yes
288f3435-c3b5-44db-9387-03c92b29bf36,37,Female,34,Month-to-month,Credit card,27.42,1010.09,6,Yes
c79ddb62-c379-44c1-8903-94ea7d54ec82,22,Male,2,Month-to-month,Bank transfer,42.48,97.3,5,Yes
6f07b60f-9d4e-4b5d-a120-bfba1689e0b8,68,Female,24,Month-to-month,Electronic check,35.77,931.4,6,Yes
6dd49c96-6744-4b9e-aded-cba5a22c3d4f,67,Male,55,One year,Electronic check,25.45,1403.82,2,No
0131ff3b-6221-4670-ba36-e788f71fb9a6,53,Male,18,Two year,Bank transfer,20.12,302.2,3,No
bb0c7919-330c-4ff5-88a5-fa0d09a85dc5,62,Female,30,Month-to-month,Electronic check,39.34,1202.58,7,No
e45a87e8-039a-4ed5-b337-b2615f8392d5,32,Female,45,Month-to-month,Electronic check,81.67,3602.17,9,Yes
87f1d48c-d54e-4948-81c0-c5e3527c8f50,46,Male,25,Month-to-month,Bank transfer,106.11,2697.85,7,Yes
010e4265-ad3f-4dd4-8496-26ba30c9a2be,38,Male,61,Two year,Mailed check,73.1,4512.19,2,No
39ec8ca1-3fb2-4f47-bbcd-6c18a06e8de5,40,Male,65,Two year,Credit card,86.69,5705.55,9,Yes
4fe54745-5827-4e80-a082-1918b18ad67d,66,Male,38,Month-to-month,Electronic check,74.76,2742.33,8,Yes
80daa8ca-6230-4d27-9a4b-160621019bff,30,Male,19,Month-to-month,Bank transfer,100.19,1900.81,8,Yes
10b6a662-2ac1-45ca-8e5d-8f1296b31f4a,49,Female,54,Month-to-month,Credit card,83.46,4524.68,7,Yes
f2ce7eeb-4c56-4b8f-8bb4-32b3d2e76deb,48,Male,63,Month-to-month,Mailed check,69.52,4477.19,6,No
85319f0f-ba53-4122-b4b7-96204a73b0bf,65,Female,60,One year,Bank transfer,67.59,3938.25,9,No
6f04af36-567c-4d44-862c-92fd98abb2e7,68,Male,17,Two year,Mailed check,97.73,1630.71,2,Yes
2240063b-fed7-47be-afd0-d2f7e3524444,25,Female,10,Two year,Credit card,28.17,350.54,9,No
7d7c59a5-e6c1-4650-bf02-f5b057bd56c9,52,Female,36,Month-to-month,Electronic check,67.9,2482.54,4,Yes
2a35ce30-303c-404b-8007-93365bf7dda1,55,Male,13,Month-to-month,Bank transfer,91.88,1229.54,7,Yes
cfdfc6f9-eb0f-427c-a82a-3879f2b5a7ea,58,Male,42,Two year,Credit card,96.4,4003.78,0,No
396d1ffb-3a79-4efa-84e5-5bd56744acd4,38,Female,50,Month-to-month,Credit card,105.53,5240.89,6,Yes
3610901c-2196-43b5-bc21-109bba27bc64,50,Female,18,Month-to-month,Bank transfer,112.42,2030.42,9,Yes
812faa38-96f6-4c09-859c-1ba0bbec721d,51,Male,67,One year,Credit card,63.51,4292.9,5,No
b60b4f87-5dd8-4ffc-9f87-8b322b429596,66,Male,31,Month-to-month,Credit card,75.86,2354.75,8,Yes
600c9c71-0990-4647-8ac8-d87ea689d07f,19,Female,35,Month-to-month,Mailed check,108.32,3766.98,2,No
c5709e30-417b-4634-a3ec-152ce0653245,24,Male,6,One year,Credit card,104.61,598.57,5,No
980b6853-0c70-41eb-9f85-c2dd88e44a48,32,Female,44,One year,Credit card,118.73,5314.51,3,No
1bad52a8-a976-4c4d-8c47-2187fea35d37,62,Female,58,Month-to-month,Bank transfer,68.82,4019.23,9,No
0c5921f8-050d-4bfe-960b-f603a750350e,27,Female,18,One year,Bank transfer,38.1,675.58,5,No
71be94c3-6ab1-4db6-9da4-66feb0937085,24,Female,31,Month-to-month,Mailed check,31.27,1040.02,2,Yes
40b374f8-8c1a-42c7-9fa3-ed1f61584f88,61,Male,25,One year,Electronic check,110.37,2773.03,2,No
349b5089-2733-4670-b3ad-a2ba797209c0,43,Female,17,One year,Mailed check,41.81,739.08,7,No
0261c87a-a15c-459a-af8c-a888b1f81ad9,49,Male,19,Two year,Bank transfer,43.31,860.2,7,Yes
19d9d0b5-a962-4996-abbe-3b5a4d15f7d8,63,Male,33,Month-to-month,Electronic check,74.52,2466.98,7,Yes
9f6facc1-451d-48fe-8532-fc74a9987bdf,24,Female,68,Month-to-month,Bank transfer,101.19,6903.57,4,Yes
6b382a0a-231d-460b-b362-cd559b0ada0b,34,Male,52,One year,Electronic check,41.33,2173.87,7,No
82f73861-1adb-48cf-a60c-1638d4a5a81e,53,Male,37,Month-to-month,Electronic check,63.34,2300.35,1,No
485f7888-1e23-4a4b-9e21-741fb8011026,34,Male,3,Month-to-month,Mailed check,54.29,108.18,1,Yes
7f6bd3c6-1b34-4937-88e6-09391d2fed2a,59,Male,30,One year,Electronic check,34.51,1050.36,6,Yes
c72850c1-3322-468b-9be7-8aec32da81f0,38,Male,15,One year,Bank transfer,118.4,1731.3,2,No
f91e5fcd-85ec-4729-94dd-1b56435391b2,51,Female,49,Month-to-month,Mailed check,115.54,5689.61,0,Yes
68e5c8cd-b414-4e4a-9ba0-c3e033a0daa7,44,Male,3,Month-to-month,Electronic check,25.8,72.03,4,Yes
8c52d271-0a16-4e18-a90e-3e894b9c22f4,40,Male,29,Month-to-month,Mailed check,67.29,1982.96,6,Yes
b02e21aa-352b-4ec8-a90d-21cb7f111a36,34,Male,37,Two year,Bank transfer,99.23,3742.35,3,No
3c088990-54a2-4051-bb0c-cad9eee13cae,27,Female,23,Month-to-month,Mailed check,81.12,1822.99,6,No
16c8e3d7-abf0-463e-8343-8b6400b3700f,36,Female,44,One year,Credit card,111.89,4909.48,1,No
92fbacf6-d5d1-4669-9c45-3357e8294a67,27,Male,15,Two year,Credit card,34.96,437.78,0,No
f30ee4fe-262e-4559-be7d-9a19ab450578,48,Female,12,One year,Electronic check,100.24,1183.22,6,No
13365c0c-82ff-4f2e-878f-07cf170fa87b,20,Male,63,Month-to-month,Mailed check,100.03,6272.94,6,No
e79f9f3d-19ee-4c3b-b93c-4b0bb93b770c,43,Male,40,Two year,Credit card,54.01,2273.29,4,No
74eda60e-3b2d-420b-a4f3-418541822509,44,Female,27,Two year,Electronic check,37.13,1004.04,4,No
439db29d-4bc8-4c16-ba2f-bd74fd1935cc,29,Male,15,Month-to-month,Credit card,95.51,1459.02,1,No
d02c75f9-198d-43a4-8cd2-0e4376dae194,32,Female,2,Month-to-month,Bank transfer,53.96,120.0,2,Yes
da2cf852-0a19-4939-9fc7-ab262cb941fc,66,Female,55,One year,Credit card,57.5,3157.46,1,No
ad409244-cd35-46ef-9c37-07394a629c5e,18,Female,3,Two year,Mailed check,53.85,180.15,9,No
1dabb10a-bd10-487c-ad0e-0597500d92a7,61,Male,5,Two year,Mailed check,101.31,490.91,7,No
e3ea2d7f-c219-4845-99eb-404c1851d1cf,42,Female,9,Two year,Mailed check,96.47,900.46,2,No
236dd176-da1c-46ae-8279-e2ab0bbf6334,23,Male,47,One year,Electronic check,62.64,2919.73,1,No
54231dbe-2ba6-4158-a5ae-cf37a9d1a28e,61,Female,46,Month-to-month,Credit card,32.53,1530.94,6,Yes
f480b91e-700e-4efc-a4ff-c31a5b86ea69,67,Male,64,Month-to-month,Credit card,75.8,4758.15,5,Yes
bbaa574f-e0e3-45ce-84af-ecb79f2ebefc,25,Male,57,One year,Electronic check,88.17,5013.06,2,No
57bcad3a-d0a1-4fe8-9f64-2a5317cba85d,62,Male,8,Month-to-month,Credit card,23.13,175.53,4,Yes
6676cc75-6699-4af5-9d24-181c2ed087d4,66,Male,7,One year,Credit card,92.59,707.62,4,Yes
d5f0fb6a-4596-4a75-b4df-b83ff659f188,49,Male,18,One year,Mailed check,43.71,909.7,2,No
7a6e43d0-d9c5-4cd9-b09d-721b62be4009,56,Male,49,One year,Mailed check,106.81,5250.16,5,Yes
e2d903c8-a61a-4d8e-abf7-240fccc62fed,38,Male,4,Month-to-month,Mailed check,112.12,402.53,2,Yes
21ec4754-1cf1-4654-aab2-02c2cc0243c6,57,Female,25,Month-to-month,Bank transfer,114.49,2861.54,2,No
fb481ded-0f03-4337-b9f6-143bb2383056,44,Female,14,Month-to-month,Credit card,113.49,1579.04,2,No
1a8cf13c-28ce-431e-9827-4fc3f1458426,21,Female,58,Month-to-month,Bank transfer,81.59,4761.61,7,Yes
7b90942f-973b-4977-a946-28206a80cac2,39,Female,67,Two year,Mailed check,119.47,8031.77,8,No
702b7014-adab-4c2f-91a6-46dacd613988,20,Female,30,Month-to-month,Electronic check,52.14,1517.33,4,Yes
c7774fae-6137-48c3-9c7f-aca62e671784,27,Female,20,One year,Mailed check,63.26,1223.81,1,No
dcd1c413-0760-401f-9c81-fc465bcd236c,51,Male,65,One year,Electronic check,56.01,3596.66,6,No
ba2eeeb3-d6aa-4382-a144-6b45af390a9d,65,Male,52,One year,Bank transfer,102.77,5335.33,6,No
7bab1baa-2172-40aa-a44a-913af933a9fa,26,Female,30,Two year,Electronic check,111.18,3354.3,5,No
e3395b1a-1ce9-4871-bcf5-9d5feb9f33cb,63,Male,26,Two year,Credit card,119.88,3098.51,5,Yes
1036ca81-0bc4-47ba-b0d0-ebcb6949ece5,36,Female,60,Month-to-month,Credit card,77.74,4605.05,3,No
032a09e0-5071-45f0-a7ac-590c42f90f92,58,Female,21,One year,Bank transfer,28.76,589.37,7,No
865a7766-ad8c-4fea-9e4b-061eb45e9463,34,Female,58,One year,Credit card,47.18,2682.5,6,Yes
b9493906-939f-44eb-be5e-215ec47cc30b,36,Female,15,Month-to-month,Electronic check,20.41,348.31,2,Yes
f4acc7e2-fa57-4cea-b957-134490a4a421,23,Male,23,Month-to-month,Mailed check,117.56,2718.03,7,No
84e3b774-569a-4ef0-9f86-5633ab7aeb66,62,Female,24,Month-to-month,Electronic check,40.48,988.07,1,No
9e44e98c-b359-490e-b030-9aaf85ea16e0,32,Male,32,One year,Electronic check,58.72,1853.54,9,Yes
ba05dd0f-a966-4a5a-aecf-1ed21861c9f3,41,Male,48,One year,Credit card,53.09,2518.27,3,No
a9e8f0d8-5883-49de-bb5f-be413fa2bde0,40,Male,55,One year,Mailed check,89.23,4907.82,6,Yes
260e37cc-6287-4624-a433-1510ad21b4cc,32,Female,24,One year,Bank transfer,104.78,2558.87,9,No
e45e2ad0-8eef-45dd-9391-6dcfd6cade2c,51,Female,69,One year,Mailed check,87.79,6113.24,7,No
02fb2869-0df8-4b89-9ce7-eed1fcdfe961,18,Female,71,Two year,Bank transfer,31.23,2190.85,1,No
816ce054-282c-4470-af32-f72aa4b5c723,40,Female,68,Month-to-month,Electronic check,55.06,3735.49,3,No
7eef09ab-da14-4a47-b823-51d9d94df188,65,Female,56,One year,Bank transfer,29.91,1667.63,4,No
c05db774-132a-4e58-aa57-e880de9205ea,64,Female,58,Month-to-month,Credit card,78.83,4668.58,2,No
54b58635-3dab-4614-9215-0ed87ddca413,46,Female,54,One year,Bank transfer,75.35,4106.04,4,No
81c61eeb-0ce3-48c8-8735-4e4ff85b6d0a,55,Female,22,One year,Credit card,38.71,911.54,5,No
60ee64ba-a4b0-418e-8ced-470739034b65,45,Female,14,Two year,Bank transfer,50.57,708.7,5,Yes
142e3df0-3c28-45dc-912d-aea8673d2920,61,Male,70,Month-to-month,Credit card,119.6,8263.93,4,Yes
92b26acd-cd1f-45a3-b1b6-5ca175873920,66,Female,38,Month-to-month,Bank transfer,70.46,2683.17,6,Yes
7f9ad277-db49-4e6d-9688-782f72b696ca,47,Male,55,Two year,Credit card,87.51,4791.46,9,Yes
fb0d3cda-1e63-4261-90e9-688872730e7b,51,Male,52,Month-to-month,Mailed check,103.96,5382.98,0,No
048c8480-a743-4402-bec7-fb117f53dc0a,38,Female,10,One year,Mailed check,20.59,131.3,7,No
092c4801-698f-44f8-a747-d24a1a46d536,29,Female,23,Two year,Electronic check,63.23,1416.75,1,No
d36ec1bd-000b-4f5e-8c91-bd138ea02346,44,Female,34,Two year,Electronic check,47.19,1676.67,0,No
f692641a-9aad-40ce-8ab2-4f241744ee3f,36,Female,46,Month-to-month,Mailed check,92.58,4222.94,6,Yes
e3de4ec0-4dfa-41be-a335-b2c89e7b1e95,65,Female,7,One year,Credit card,119.11,886.24,5,Yes
a7939a2e-34f4-4404-8ff5-070182226c16,45,Male,50,Month-to-month,Credit card,23.44,1162.27,2,Yes
57423882-f34a-4949-b4ca-0ad7abe5be96,51,Male,68,One year,Bank transfer,88.48,6025.87,1,No
d10bf4dc-0de4-4af4-9347-94cc5d04032d,26,Male,63,One year,Bank transfer,113.23,7066.42,1,No
54fc286f-7457-4d47-9825-301039112943,30,Female,29,Month-to-month,Electronic check,26.47,700.75,7,No
99966612-9ea8-4552-8475-66bf8f660bbd,41,Male,65,Month-to-month,Mailed check,114.49,7472.46,2,No
5d00df1b-a83c-4c2b-b776-e729791f49f6,43,Female,58,One year,Credit card,117.12,6749.97,4,No
18f1a1e4-1d30-4290-b3d9-2aceb7461b72,42,Female,38,One year,Electronic check,43.46,1716.46,5,No
008ffab9-38c4-4b38-a8ae-57b9c262cad0,21,Female,66,Month-to-month,Mailed check,71.27,4684.24,4,No
a2379e6f-d473-4534-9aea-635257632e1e,43,Female,2,Month-to-month,Electronic check,108.76,123.39,8,Yes
8c357321-4abf-4f5c-8cc7-147ff6e5203c,28,Male,58,One year,Bank transfer,77.14,4511.14,7,No
1b37ef19-b3bc-412f-9fb7-474e85a0d089,32,Male,71,One year,Mailed check,106.3,7485.14,9,No
7e0f60b2-2a06-4609-a599-bd3c0bb81d38,65,Male,41,Month-to-month,Electronic check,44.77,1807.43,8,No
be153187-b783-41d5-9264-04b923f47a55,57,Male,13,One year,Credit card,39.77,509.69,3,No
41191aa7-1b61-4453-a8c2-094db8b818cf,47,Female,59,Two year,Electronic check,22.03,1247.8,4,No
1ee93260-3002-4831-b227-e8d89c60c81b,67,Female,68,Two year,Credit card,36.43,2433.83,5,Yes
3730dfba-6494-4d5c-9a29-6905ee22a70b,65,Male,58,Month-to-month,Bank transfer,75.59,4363.98,8,No
30c9c51f-c80b-4af7-9315-fafa7500f785,19,Female,27,One year,Credit card,72.99,1997.77,9,Yes
c1d48a10-1b96-4925-9682-d038b77f69b9,61,Male,59,Two year,Credit card,38.52,2217.03,1,No
a21c0c06-ed37-4567-8be7-728e6a1aba9d,24,Female,64,Two year,Electronic check,92.4,5935.25,8,No
1f8b4af1-96bc-432d-ac11-7babd6642fe8,67,Female,39,One year,Credit card,118.81,4573.08,6,No
75175f39-7354-44fb-a44a-0371c5ab4e57,61,Male,47,One year,Mailed check,38.41,1876.68,0,No
811317a8-f4c8-4393-96dd-6c82a8909e31,43,Female,36,Month-to-month,Electronic check,40.56,1468.41,4,No
011c4544-7fb3-4be5-b6bf-2f7222778161,68,Male,47,Month-to-month,Electronic check,103.64,4855.46,3,No
8da03d88-0c6f-4051-bc78-842387c5f526,67,Male,10,Month-to-month,Mailed check,40.5,434.87,7,No
95ca788d-d6bc-4712-aecc-a931ef705d01,30,Female,21,Month-to-month,Mailed check,115.99,2528.0,7,No
c7f4f4f9-8222-4ad3-aca3-91d47ba16dd7,47,Female,45,Month-to-month,Mailed check,40.71,1864.49,1,No
b11af726-2d5d-4395-a901-a768ebd14b0c,59,Female,53,One year,Bank transfer,79.62,4286.72,6,No
d0b3d752-bb01-42a5-ac74-5800941c23fa,30,Male,18,Two year,Bank transfer,74.35,1245.75,7,No
a8535961-632d-4302-9a82-833c20dda0ff,22,Female,21,One year,Electronic check,40.84,869.11,3,No
52645a59-e1f8-4b33-9b2d-5a2a99bd6240,45,Female,46,Month-to-month,Bank transfer,45.05,2054.53,4,Yes
6b2d9ccc-6279-403c-a1a2-cfe7810d5c57,53,Female,6,Month-to-month,Mailed check,89.47,434.09,2,Yes
b148b2a6-ea79-47e1-9be7-02abfac08fc4,31,Male,48,Month-to-month,Mailed check,73.12,3454.93,2,No
65daced0-460a-4125-bf8c-93d4c32afc4a,63,Male,50,Month-to-month,Electronic check,107.16,5396.15,3,Yes
4b4ef503-f872-4413-97c5-982cf6ae10e8,29,Female,21,Two year,Bank transfer,42.6,844.95,3,No
235fc3d5-2224-4806-8e07-2a5273edb223,63,Male,66,One year,Bank transfer,88.73,5879.31,6,No
e2ed8686-b334-42cb-9a3f-0ad169a9aff9,35,Female,19,Month-to-month,Credit card,93.05,1771.24,1,No
d7d3b9d9-4c85-4233-8325-bd9ebf98e734,58,Female,28,Month-to-month,Bank transfer,114.62,3179.32,9,Yes
505c7527-dc57-446d-8c3d-031ab3952193,27,Male,39,Two year,Mailed check,107.43,4181.4,8,No
8db78572-ef7d-4821-bca0-258eb63d65d5,45,Male,42,Two year,Mailed check,45.18,1877.33,1,No
35afbb2d-336d-4786-b7a3-c30aa1f0fa7a,38,Female,50,Month-to-month,Mailed check,107.38,5403.24,4,Yes
afc5c20e-4a63-4af5-b6e1-e7ac9fc97264,18,Male,46,Month-to-month,Credit card,31.15,1379.05,1,No
21f6c63d-ac20-4f11-abd3-3927586528e6,39,Male,27,Month-to-month,Credit card,79.82,2136.26,9,Yes
f9a55cf2-a66c-4fa1-b5dc-8a9afb38cd91,38,Female,26,Month-to-month,Bank transfer,62.9,1640.22,1,Yes
8ae0b8a0-80ff-4909-ad85-2212f554e1f8,37,Female,58,One year,Bank transfer,113.35,6700.24,7,No
b5d9ad36-5287-464d-a30a-6658b1be6df2,55,Female,52,Month-to-month,Bank transfer,62.33,3330.19,3,No
8ff19886-5a2c-41bc-82c2-26ff1d8b32d9,35,Female,65,Month-to-month,Electronic check,36.97,2381.3,6,Yes
f1530f68-9215-483a-9532-caba7af985ff,37,Female,6,One year,Credit card,55.93,261.68,9,No
ac9b389a-6adf-4568-b5ca-a993aacad101,55,Male,8,Month-to-month,Electronic check,39.89,344.89,4,Yes
88addab1-d765-4a18-a4d4-66ebbf74531c,19,Male,41,Two year,Credit card,108.86,4479.56,1,Yes
6c21835d-d8e8-497c-a0a2-59014932936e,45,Male,12,Two year,Credit card,62.47,654.91,3,No
1b41a61e-85d1-41ef-8344-edb3ceed0ffc,24,Male,62,Month-to-month,Credit card,24.83,1531.46,7,Yes
0d95aaf5-2534-41bc-a180-b78a06783c34,20,Female,21,Two year,Bank transfer,86.14,1831.8,9,Yes
4458b006-332c-4e0a-8e7d-a698ab95c72f,46,Male,11,One year,Bank transfer,65.41,751.09,3,No
fbc8c77e-2933-4fc4-8918-a346c00c200c,19,Female,19,One year,Mailed check,116.82,2253.52,7,No
257c54bc-4024-4424-aef2-ab2f495fa2fc,46,Female,29,Month-to-month,Bank transfer,27.05,704.29,6,Yes
c8cba592-b0ca-42eb-8fe1-621ad6e1ba00,62,Female,42,One year,Credit card,64.38,2732.29,7,No
8a8a4105-c0eb-4875-b439-67294b8e5509,24,Male,9,Month-to-month,Electronic check,99.82,883.0,5,Yes
73dd3bc6-d064-45a8-9bd2-9cb108453b2f,45,Male,14,Month-to-month,Mailed check,68.18,941.11,6,Yes
acef45c4-de37-40fb-9db9-4eee1a3c2131,22,Female,23,Month-to-month,Credit card,118.38,2728.66,7,No
396c357b-dd66-4071-8fd7-b1a1bd4f6118,18,Female,62,Two year,Mailed check,83.15,5106.61,3,Yes
638e1388-8faf-4d4a-a5a9-9ebcbe0ec2da,45,Male,11,Month-to-month,Bank transfer,95.75,1016.18,1,Yes
cbfd4a31-c8c8-4ad6-82cb-cdc73cd30e99,40,Female,47,One year,Credit card,20.11,929.33,8,Yes
b1644235-49a2-4fde-b235-7a3ccc7f9517,55,Female,8,Month-to-month,Credit card,51.43,444.48,1,Yes
61af663c-ed2e-4bcd-8c06-df90aa1c4023,66,Female,48,Month-to-month,Credit card,114.72,5480.67,8,Yes
c9c1ad45-f4ea-4b97-aaa4-15b56336c815,63,Male,62,One year,Mailed check,33.59,2108.13,5,No
f740d87c-500a-474e-af65-e8ccf9cf8499,64,Male,30,Month-to-month,Bank transfer,47.22,1428.27,0,No
be6127a8-0351-409d-8dc5-fb068d5809b7,24,Female,38,Two year,Credit card,106.05,3998.71,1,No
de6cf36b-9edd-4182-b3fd-862d4057e470,51,Male,1,Month-to-month,Mailed check,77.48,127.22,9,Yes
716ca1f2-dec0-4f3a-9c46-1b34c7eab19b,50,Male,53,Month-to-month,Electronic check,57.57,3024.52,9,Yes
a23ff67d-e957-4bc2-b9bd-8bd6d479cc36,22,Female,40,Month-to-month,Credit card,39.07,1627.73,9,Yes
5e244824-a5cb-4c6e-b5a4-c55bb4629214,18,Male,50,Month-to-month,Credit card,76.88,3858.1,2,Yes
bd0b0fa2-8bee-483f-96a0-6bf2c14ebd10,52,Male,24,Month-to-month,Mailed check,96.85,2387.85,8,Yes
b993ff63-c6b1-4d94-b24b-cc3d9a7791a2,18,Male,59,Month-to-month,Bank transfer,45.28,2657.14,3,No
72e588e9-4b4f-4b2e-b189-10ecf6dbb2b6,65,Male,28,Month-to-month,Credit card,78.14,2186.43,8,Yes
13106665-aec2-4b19-bbc3-98d82d6bc882,31,Male,53,Month-to-month,Mailed check,32.33,1739.72,7,No
bc2e2b59-2c7d-4667-b664-c7202fddb26a,19,Female,16,Month-to-month,Mailed check,45.9,842.86,3,Yes
0a670143-6090-403c-9e8d-f8ad838b77ad,46,Female,21,One year,Credit card,73.75,1540.47,2,Yes
43a534d2-8e7d-4f5a-8773-e66a6db2b020,53,Female,31,Month-to-month,Credit card,75.93,2316.86,6,No
d89462e8-9580-4c3a-a932-a211214c0a4d,42,Female,3,Month-to-month,Bank transfer,118.04,446.74,1,Yes
77617d80-549f-434c-8171-f5a74148bd11,36,Male,69,One year,Electronic check,33.55,2284.44,8,Yes
0a398bf7-27a1-48a0-afff-a2f4b5ae329d,58,Male,20,Month-to-month,Bank transfer,70.95,1448.64,3,No
98cd2655-5297-41ad-adba-948427591ad4,60,Male,63,Two year,Mailed check,108.48,6880.13,4,Yes
a0180791-eeb0-43fe-860e-a4d50d04dcb6,29,Female,59,Month-to-month,Credit card,50.93,3065.38,0,No
4d187b75-a971-431f-97d8-05949d9887bc,60,Male,53,Month-to-month,Bank transfer,54.6,2911.28,2,No
8cd74c27-929a-4586-8a37-6c367d94bf10,45,Male,8,Month-to-month,Mailed check,34.76,284.75,0,Yes
b52a9e6b-c8b6-48e0-92a8-50c55bab7f4a,27,Female,14,One year,Electronic check,88.34,1263.61,0,Yes
f4fd25b7-384f-4e3b-8680-4a8a515f352c,28,Female,58,Two year,Bank transfer,36.01,2103.81,1,No
c948384b-1174-4357-8546-74262f120b9e,46,Male,67,Two year,Credit card,89.16,5976.08,5,Yes
8b074d1a-6a7a-4841-a8cc-812a8150e0c9,69,Male,69,One year,Electronic check,93.65,6456.76,4,No
597278c5-1789-4e63-a746-5743897b303d,48,Female,22,Month-to-month,Electronic check,94.59,2020.31,4,Yes
a9d049dc-369e-4af8-a226-49ee38a06ffe,54,Female,28,One year,Mailed check,55.81,1653.52,8,Yes
4b27b079-5c5d-4f1b-94c0-c6c254f6516e,55,Male,40,One year,Electronic check,48.59,2011.73,1,No
9e47a339-c0ae-4b1a-b347-673637ec07a6,49,Male,50,One year,Electronic check,105.07,5189.42,2,Yes
8fb3a134-ff23-46e9-b990-3d9687cec69d,50,Male,33,Two year,Bank transfer,60.19,1919.67,6,No
a6388854-fb2b-4b80-808b-d674d2dd3e26,37,Male,52,One year,Electronic check,42.28,2263.96,2,No
5893ef12-ab3f-4d22-9d5e-6aee0240f59a,22,Male,35,One year,Mailed check,94.42,3340.5,9,No
a46b6fce-e78d-447c-bd87-703472173fa3,50,Male,48,Two year,Bank transfer,115.99,5629.3,8,No
3e6b74fd-9f02-4cbf-ab29-d9129d1b83df,24,Male,8,Month-to-month,Electronic check,77.51,605.57,2,Yes
e2ba9fce-aebb-4f9c-8a35-653cf57a431e,22,Female,10,Month-to-month,Credit card,27.32,265.31,2,No
cbd431cc-ea7a-4c21-a1a1-a29c5228ed8d,40,Female,18,Two year,Bank transfer,93.69,1633.37,8,No
41afeb2a-62c8-43f4-9d06-149ef1eab64a,28,Male,31,Two year,Mailed check,89.08,2824.56,5,Yes
06531d47-4867-4b30-b956-77318a4cfe1f,36,Male,38,One year,Electronic check,71.34,2704.16,0,No
c53f1db3-d275-4d43-8451-7303e94d4fbe,22,Male,42,Month-to-month,Electronic check,77.44,3190.27,5,Yes
823c7ef9-cd85-45ce-83a9-c2355ffd4015,22,Male,46,One year,Electronic check,64.92,3067.04,5,Yes
4be318a8-0b39-4ccf-bc9f-3bc37210045a,20,Male,4,Month-to-month,Credit card,83.46,228.25,4,Yes
5200044b-3148-4df8-a6ca-8d50e5f5c891,25,Male,37,Month-to-month,Electronic check,78.87,2945.19,4,No
189099c9-f2be-429f-9514-9755838e9a61,34,Female,50,Two year,Mailed check,116.6,5808.5,2,No
c5f833cf-f4ce-4477-b8bc-a9ac2ada62ce,57,Male,59,Month-to-month,Bank transfer,52.46,3065.28,7,Yes
a07eafb1-01e0-4ad8-8880-2d4d89b8b7ee,19,Male,21,Month-to-month,Electronic check,83.24,1778.87,3,Yes
a127dc6b-ab9b-453d-b5f5-c65410c2c2e5,37,Male,18,One year,Credit card,82.86,1445.63,5,No
af76b6c2-dd6d-4b41-b692-a531c6097cd8,21,Male,17,Month-to-month,Electronic check,115.66,2008.36,7,Yes
34a0dcd4-1a9a-429e-95ee-25876c98fd9b,56,Female,40,One year,Bank transfer,72.53,2801.32,1,No
e0ee5e8a-b3e6-44c6-9428-df6c89aa4293,65,Female,3,One year,Bank transfer,76.28,159.69,2,No
6f6bbdf3-c673-42e0-bdca-c10ff9e9cf93,36,Female,21,Two year,Credit card,62.2,1303.24,5,Yes
12767d13-f093-4776-9116-d014a5850828,60,Male,35,One year,Bank transfer,33.34,1128.12,3,No
0614ac41-275c-45dc-afa0-8cbebf343ca7,43,Male,15,One year,Credit card,95.6,1342.67,0,No
09b2eae6-54eb-4c91-b784-ae08758fc8fa,43,Male,38,One year,Credit card,108.68,4138.83,3,No
2d90e4ee-0de4-433e-92c0-620c1667c518,43,Male,41,One year,Mailed check,79.04,3279.96,2,No
12087e20-8ede-4b46-807d-0affcb51a911,41,Female,4,Month-to-month,Electronic check,108.06,429.05,2,Yes
e9366a85-3a46-4be3-9255-a4de9330ba83,36,Male,63,One year,Electronic check,91.26,5749.05,2,No
737cf8b5-6356-4add-a85a-9f2b4236c0bf,27,Male,48,Month-to-month,Credit card,97.42,4637.46,3,No
50ffde64-6eda-4a8c-a789-e7d0a155eb2c,55,Male,15,Month-to-month,Electronic check,78.64,1171.58,3,No
1e494952-ac5d-4e57-a3b6-64f40452f779,57,Female,30,Month-to-month,Bank transfer,63.34,1886.19,2,Yes
b864a47b-a434-47fb-8182-978288eae7d4,53,Male,20,One year,Bank transfer,32.86,498.46,2,Yes
bef6a59a-c186-4221-9030-56b79e4c24dd,29,Male,45,One year,Bank transfer,34.69,1545.18,5,No
d926fe41-b36d-4121-8ba6-fe0995ea6825,43,Female,12,Month-to-month,Bank transfer,106.47,1309.73,5,Yes
80b9ec30-ed94-498b-9b92-3c67129538df,36,Female,25,Two year,Credit card,90.15,2234.6,0,No
af95be79-c971-4f51-8a32-bb221b2bb2ec,31,Male,39,One year,Bank transfer,88.98,3526.62,7,Yes
481186e9-1625-44ca-9b47-e6394d2551eb,58,Male,27,Month-to-month,Mailed check,112.86,3099.04,2,No
61a451ff-700b-4b43-ad3b-9d13c3e90323,53,Female,59,One year,Electronic check,66.61,3913.91,7,Yes
07e3c39a-a925-4745-9276-9c9665262474,30,Male,62,Month-to-month,Electronic check,62.54,3901.53,2,No
38491ecc-8891-47fd-a804-d0ac795741bb,42,Male,40,Month-to-month,Mailed check,114.98,4661.07,9,No
cbf925b5-6418-46b7-bf2b-43b422e9e527,65,Male,7,Month-to-month,Bank transfer,65.5,445.61,9,Yes
4b83b570-8bb4-495a-9976-b2bacc27f386,39,Male,12,Month-to-month,Electronic check,89.22,1228.42,7,Yes
4c4d6e40-24e2-426c-a250-d133f5cb5be4,34,Female,39,One year,Electronic check,77.03,3029.85,1,No
f7222fbe-ea06-494b-a310-ff72ad62d094,32,Male,13,One year,Credit card,103.14,1283.4,2,No
a5df6f85-bab5-43fb-9dfc-d1d5cb863dea,18,Male,67,One year,Mailed check,24.29,1604.67,2,No
02dabd76-f310-4525-b517-9e725f857b21,39,Female,16,Month-to-month,Electronic check,85.36,1350.35,9,No
243113fd-8e19-4d07-9ff0-b9bf8db3c2c1,48,Female,9,Month-to-month,Credit card,72.52,635.34,7,Yes
929daf9f-0149-42af-8ab1-a5041f8c56e0,37,Male,24,Month-to-month,Credit card,22.21,591.9,2,No
8c2aa0b1-8982-4bf8-a4e2-89c098be5ff0,34,Female,24,Month-to-month,Bank transfer,73.9,1865.31,1,Yes
35c606b5-4e00-4d55-95ca-dfaff26d3dd3,18,Male,67,Two year,Bank transfer,65.82,4409.47,3,No
b9d707a9-e74e-40b3-bdce-635fbf905d6a,36,Female,10,Month-to-month,Mailed check,62.19,593.98,3,No
e7d73d1d-69a3-4991-b634-646c5806a961,35,Male,47,Month-to-month,Bank transfer,25.56,1169.45,1,Yes
2477f047-8336-4758-99f9-3502a55bc44f,38,Male,58,Month-to-month,Electronic check,99.01,5782.44,3,No
9dec2b83-3885-4f7e-af1a-25a829344e15,64,Male,32,One year,Bank transfer,116.21,3739.44,7,Yes
1d57e734-31bf-4cf6-80b3-af7cd5b211a9,55,Female,58,Two year,Mailed check,98.5,5728.45,3,No
913a1734-ccb6-4571-abc5-35452e6d7a04,55,Male,19,One year,Bank transfer,40.67,824.21,6,No
c04446bf-d9f4-4bbd-8dec-644cda2d2156,66,Female,41,One year,Credit card,20.86,770.42,6,Yes
8c8181b4-fe8b-4ccb-bd75-a5f3eeafca83,37,Male,35,Month-to-month,Credit card,23.16,806.68,0,No
12b99a50-8cb6-41f0-a509-6396761579e7,61,Female,43,Month-to-month,Electronic check,27.87,1172.64,8,No
402d105b-113e-4f84-abf3-90964a68369c,40,Male,51,One year,Electronic check,82.09,4189.26,9,Yes
94a1eab0-b9c0-47aa-b289-f58b1923cafc,38,Male,61,Month-to-month,Electronic check,24.01,1496.02,7,Yes
5b6d6b7c-54b2-4582-b398-1e9e7cb882a0,65,Female,54,Month-to-month,Bank transfer,105.86,5705.11,2,Yes
3c0a584e-a7cd-43cb-abda-06b220d2b528,67,Male,25,Two year,Bank transfer,62.44,1593.46,9,No
11defebf-9e98-461d-88fe-bf6d199c8d94,54,Male,56,One year,Mailed check,34.38,2038.49,6,No
7c6166df-515a-4b43-b189-1f48e66e2c11,29,Male,66,One year,Credit card,94.03,6208.74,5,Yes
a8cfe589-9dc8-4e1a-940e-7d01735d88f3,26,Male,30,Month-to-month,Bank transfer,101.64,3067.38,4,Yes
27035b27-958c-4936-b186-78ce4e40bfba,39,Female,57,One year,Credit card,28.67,1684.98,5,No
cec56969-5d4f-4107-911d-dc7990c80420,20,Female,45,Two year,Bank transfer,33.94,1576.08,0,No
2b2bf58c-6da5-4dad-b56a-abc050fb35b0,67,Male,52,One year,Electronic check,60.52,3136.63,4,No
c921057c-3f05-457c-902e-d818013ca998,42,Female,37,Month-to-month,Mailed check,55.55,2016.84,8,Yes
a40dfea5-bd64-487e-b652-ae9938b5e89a,42,Female,19,Month-to-month,Credit card,95.17,1768.38,6,Yes
5c074653-d711-43e4-86d4-7d416fa5d3b0,38,Male,1,One year,Electronic check,88.95,134.09,5,Yes
54e14f3a-bba4-4ae0-adf8-f7672261ddef,67,Female,66,Two year,Credit card,69.49,4562.98,2,No
7202fae5-767d-4b27-bade-4367e0bd202c,69,Male,22,One year,Credit card,107.7,2368.4,5,No
7caa281b-4e33-4644-8657-20ae5bd67d4d,20,Male,11,Month-to-month,Credit card,64.04,630.96,0,Yes
a542deb9-2cff-45f8-9bdc-74a98d3a5d76,50,Male,65,One year,Electronic check,84.51,5523.07,6,Yes
47d6723c-d77f-4eeb-94fc-3a5d9b4bf377,65,Male,6,Month-to-month,Bank transfer,72.49,423.16,5,Yes
e42c0aea-23d7-463d-9391-d017dbd4a86d,20,Female,1,Two year,Electronic check,105.08,76.21,5,Yes
bbc99473-4363-489c-b249-5cff89e2df24,40,Female,24,One year,Mailed check,95.86,2225.14,9,No
ba388c8f-1393-49d1-a06a-187de2e6e7a6,47,Female,12,One year,Electronic check,97.13,1103.1,3,No
d97e8d3c-04c4-446a-a461-0160134d695a,64,Female,22,Month-to-month,Bank transfer,72.18,1570.48,1,Yes
d0095507-07fc-484e-a1b2-462781d67019,39,Female,14,Month-to-month,Mailed check,119.04,1720.83,5,Yes
c4ea4ece-67b6-4467-9432-d79794f6c67a,21,Male,11,Month-to-month,Credit card,41.32,442.9,4,Yes
09624ec9-e803-42eb-b677-7be4970c9eb4,41,Female,57,Month-to-month,Bank transfer,49.26,2826.69,6,No
e4dc4306-8b20-4e3e-82b7-c0488d3543be,24,Female,12,One year,Credit card,55.12,525.82,9,No
a7668617-78db-4de3-8a28-4792ffaca645,25,Female,62,Month-to-month,Bank transfer,54.64,3429.88,1,No
647ac591-5da6-4a3a-a60c-cfb4c6735380,58,Male,59,One year,Electronic check,51.41,3019.01,5,No
96f01335-c5ab-48da-a435-4021392a9fc4,40,Female,13,Month-to-month,Credit card,38.45,468.34,0,No
22460ac9-4a7e-4bc2-9b6f-1c33bbb4c0ce,51,Male,10,Two year,Electronic check,108.12,1002.68,9,No
172e8c68-82aa-4c46-8049-9bbf76f6a778,47,Male,5,Month-to-month,Bank transfer,31.54,194.6,4,Yes
02b622e9-808e-48d2-9d26-4b1b6593b659,60,Female,63,Month-to-month,Credit card,64.3,4036.7,8,No
f6c8b8b9-d915-4664-bd27-4ad5a9a54c24,61,Female,70,Month-to-month,Credit card,34.59,2522.42,1,No
af2537f5-9d31-462a-bb5a-bb36ce7968b7,45,Female,68,One year,Bank transfer,37.08,2557.5,9,No
23ef5561-839e-4623-81d8-41d32a74b90c,69,Female,1,Two year,Mailed check,24.2,0.0,9,No
90fcc9f1-2ddc-456b-a8c2-cce9723b80d4,24,Male,43,Month-to-month,Credit card,115.42,5017.84,1,No
df482e7c-a8cf-4f62-90d9-170cf2dec75c,63,Male,62,Two year,Bank transfer,100.69,6172.12,3,No
bb64a525-bc65-4d94-a56d-4d11f7bd8499,67,Female,14,Month-to-month,Mailed check,111.42,1598.11,0,Yes
0a58f43c-5bda-4655-b06d-ca247bc6e121,37,Male,26,Two year,Mailed check,60.87,1586.25,9,No
3b53f64b-7cd6-4da4-82ef-da8b38048786,63,Male,32,Two year,Credit card,54.34,1706.71,9,No
3be8a5df-5e93-4de0-83ac-e8751017ab44,42,Male,29,One year,Electronic check,72.03,2112.75,6,No
8494205c-34ef-4552-ab28-6d090af57e60,22,Female,18,Month-to-month,Mailed check,109.11,1918.12,4,No
635a11f2-5c7a-483d-8a9d-2704e860bcb1,21,Female,8,Two year,Mailed check,75.09,563.78,0,No
e1ad640c-7463-435e-aafb-9f20783c91eb,32,Female,70,Month-to-month,Electronic check,80.97,5636.55,8,Yes
a605b7c9-fb07-4e93-8a37-31ab0be3534a,30,Male,17,Two year,Mailed check,76.82,1320.84,2,No
f7ebc69a-b428-4f0d-9a6c-f45952f6531f,65,Male,66,Month-to-month,Bank transfer,73.73,4863.01,8,Yes
4603c9ee-d463-4183-a231-72118578b1c6,24,Female,46,Two year,Mailed check,21.69,1055.09,1,No
94213090-4368-4e93-bded-cb7ad5ba304c,54,Male,24,Month-to-month,Mailed check,97.48,2336.28,5,No
606cc2f5-2c81-4bf0-91f6-04068b5a8683,34,Female,43,Two year,Bank transfer,65.45,2778.43,6,No
96721e98-5d84-46e0-a0e6-96ffa75743f9,60,Male,7,Month-to-month,Mailed check,93.06,730.38,8,Yes
13ed280a-d5e1-4d1f-a5f2-2dfba741104b,68,Male,59,Month-to-month,Mailed check,42.98,2541.2,5,No
f9012b9c-6057-453a-8067-f79084440504,69,Female,14,Month-to-month,Bank transfer,43.92,593.86,7,Yes
67e54646-8430-40fa-b90f-ecf5e8410a39,61,Female,40,Month-to-month,Bank transfer,41.91,1742.12,4,Yes
585409d9-de22-4c3f-9136-6db15a578607,53,Female,26,One year,Mailed check,109.05,2834.96,8,No
e31db345-7b6b-411e-8aeb-99597ca2f582,66,Female,2,One year,Bank transfer,62.77,96.95,9,No
e1ccff0d-8078-436d-81b0-62c19aad9234,19,Female,3,Month-to-month,Electronic check,84.73,342.31,6,Yes
3ae0acdb-2a65-44af-b09d-338b23936d45,51,Male,54,Two year,Credit card,118.88,6336.46,8,No
47e321c2-a4ba-48bf-83b8-fa0513bc0dc6,67,Male,41,Two year,Bank transfer,106.18,4430.87,0,No
28489240-2fd9-4ce1-a676-27ca3625fc20,56,Male,35,Month-to-month,Electronic check,32.32,1186.47,1,No
d123f7c1-b7a1-467e-9a1e-00365cbaa496,47,Male,55,Month-to-month,Credit card,72.65,4041.07,9,Yes
6a241f46-3af7-4a21-a93e-7b5b1e4ae3a7,56,Male,40,One year,Credit card,61.32,2367.58,4,No
1d03c3d5-b862-4cc3-9489-9c37cfa9026b,26,Male,26,Two year,Credit card,106.87,2831.32,2,No
7aa1219a-7a93-48bb-acdb-d5f27b44acd0,49,Male,13,Month-to-month,Credit card,99.07,1226.63,7,Yes
a5b2c7ea-2947-4f54-973e-129c35f0b1be,46,Female,1,Month-to-month,Credit card,22.93,29.67,1,Yes
3e612d66-05bf-4618-a930-b0c4d5576899,21,Female,30,One year,Mailed check,45.76,1456.22,6,No
97a418b8-92d0-4319-a0bd-14220b0b81de,32,Male,53,One year,Credit card,93.61,4976.62,7,No
833c8f55-a129-4fa2-a27d-4660293fc266,54,Male,8,Month-to-month,Credit card,46.57,369.06,5,Yes
2598f383-9280-4da2-a40b-50e40a086989,31,Female,66,Two year,Bank transfer,114.35,7583.37,5,No
ec257a75-421d-4dca-aa95-59080e503fd8,36,Female,28,Month-to-month,Bank transfer,40.11,1105.7,5,No
67cbfc39-f54f-4b92-8442-906f2e16f0b6,50,Male,69,Month-to-month,Mailed check,61.88,4227.61,3,Yes
a33b3dfd-9048-45c6-b820-5aa7996f7e88,21,Male,21,Month-to-month,Electronic check,107.24,2209.95,5,Yes
ba5c865d-b834-4070-a0e5-f6e504c44853,31,Female,12,One year,Bank transfer,113.89,1347.49,7,Yes
f27f3ad7-4890-4b6d-9240-ef02a9681fc1,22,Female,67,Month-to-month,Bank transfer,104.25,7008.52,0,Yes
9b4547e0-72fe-4dc2-b772-aa9715f39d39,43,Female,13,Two year,Electronic check,89.53,1148.62,6,No
7b4e9ecd-de07-47b1-b8ae-8d5dfe268e77,47,Male,68,One year,Credit card,37.01,2551.8,7,No
6928043e-d492-451a-b828-3a052baa43c9,18,Male,28,Month-to-month,Mailed check,74.69,2074.7,4,No
95284c0a-cb6b-4562-a488-c84d99d090fd,52,Female,54,Month-to-month,Bank transfer,69.97,3798.6,3,No
9f8acdeb-2e8f-45a8-847a-3b7ed209383b,40,Female,32,Month-to-month,Bank transfer,87.11,2867.15,0,Yes
2aefcf3b-43b7-40ef-82c4-1c54a8debd88,50,Male,19,Two year,Mailed check,66.85,1363.91,6,No
ec1f41ce-57b9-4dfb-af82-e70cb9644e4f,63,Male,56,Two year,Electronic check,112.46,6302.99,1,Yes
119fb03e-9731-4c91-98b6-691b74169e82,57,Male,42,One year,Credit card,43.12,1802.28,2,No
21d8b96a-62ad-4157-a0d2-759a3ad51382,27,Male,8,Month-to-month,Bank transfer,106.89,893.92,2,Yes
85d0691c-33cd-4d56-843d-72db1bcb404c,28,Male,17,Month-to-month,Bank transfer,91.7,1504.52,0,No
af32baf8-811d-44af-a8ca-7483dc0e3375,60,Male,6,Two year,Bank transfer,73.96,456.35,2,No
9b02c535-2649-4478-9396-6f0a6b77af9e,53,Female,68,Month-to-month,Bank transfer,106.56,7231.67,4,Yes
e6cfcbd8-79d2-4001-ad6b-8a4e18a70609,35,Female,32,Month-to-month,Mailed check,68.75,2158.77,0,No
e0b4659a-09fe-4cdd-998d-65ba9d6022c5,21,Female,53,One year,Credit card,55.15,2886.0,1,No
c09c2ebe-80da-4ed7-880b-cb0ec8ab96ac,33,Male,37,Two year,Electronic check,66.99,2432.75,7,No
a8cdf44d-7b74-4440-97db-4c2f1e158e2f,47,Female,18,One year,Credit card,33.52,517.85,7,No
8a0ea57a-9a7d-409d-a6e8-790b215d3b1f,23,Female,26,Month-to-month,Electronic check,33.69,927.8,4,No
f00f63ef-e59f-41c2-804e-a81ad3d877a8,39,Male,45,Month-to-month,Mailed check,101.21,4561.78,6,Yes
6e76936a-a634-4d1a-adb6-10f4c65de86e,23,Male,38,Month-to-month,Electronic check,110.33,4115.69,1,Yes
dff47c51-5ed1-4e7f-abb1-f2bc85a4b0cb,46,Male,9,One year,Electronic check,60.84,540.19,0,No
6dd013f3-87a2-4e22-b298-b8110b1ec578,59,Male,33,Month-to-month,Bank transfer,69.81,2255.17,1,Yes
7b6c7129-cd63-4ba8-b03c-664b3abf9c65,59,Male,54,Month-to-month,Credit card,51.68,2738.02,5,Yes
59bb8900-6198-4718-84c7-aab4ca20508d,43,Male,37,One year,Bank transfer,84.73,3171.35,9,No
e869707c-bdcb-4ffc-8dfb-a4e996cbdafb,58,Male,14,Month-to-month,Electronic check,63.11,939.97,1,Yes
937ca77c-b25b-4de7-9652-1e08c2f43c10,52,Male,19,Month-to-month,Credit card,106.92,1986.89,8,No
412817eb-2246-49cd-acec-df821903f9b3,48,Female,68,One year,Bank transfer,100.5,6879.01,6,Yes
e8fb5a96-3b85-46e1-840f-54057a25ed81,41,Male,45,Month-to-month,Bank transfer,71.39,3174.09,8,Yes
9929afeb-4884-4a14-9575-11addbeae9f8,33,Male,18,Month-to-month,Bank transfer,24.58,456.58,5,No
41ff81d1-689d-4205-8b31-f4d8e073c1d0,42,Male,30,One year,Electronic check,40.22,1137.21,5,Yes
be5f902f-b58a-4738-8166-72213063ae7f,21,Female,31,Month-to-month,Credit card,60.12,1895.86,2,No
85c53910-93f6-4723-81d2-3a76ca179780,29,Male,11,One year,Bank transfer,107.83,1222.16,9,Yes
6001f54d-01d7-4831-850f-1cdc1e2a03f1,33,Female,10,Month-to-month,Credit card,46.43,486.04,8,No
cde5c35a-b011-4b0a-b496-51d6a79055b0,24,Female,24,Two year,Credit card,34.76,886.6,5,Yes
1b4909b6-5cbd-4682-a8aa-123650deef43,49,Male,35,One year,Bank transfer,111.74,3863.36,9,No
95dad216-a6cd-4e3c-ad13-0705279f91ab,30,Male,70,Month-to-month,Electronic check,109.24,7642.45,2,No
893e2b89-dadf-4499-82e4-bf0140ee131d,50,Male,15,Month-to-month,Bank transfer,26.58,348.65,2,No
9ca4364d-5d9a-49f1-908e-3a956c6e8796,40,Male,53,Two year,Mailed check,98.3,5190.12,1,No
65bf8e04-ae3c-4ce6-bde6-849b468b22af,20,Female,47,Month-to-month,Credit card,77.38,3746.1,8,Yes
8d56bff6-69c9-420f-b425-449cc145d6ba,39,Male,28,One year,Mailed check,20.06,534.5,2,No
2dc09158-7b83-41cf-8ebc-6d7ec8a65b85,28,Female,24,Month-to-month,Credit card,35.42,796.13,4,No
7bd7b4bf-8e0e-4bb7-8f20-c5e75ec646eb,48,Male,43,Month-to-month,Mailed check,28.72,1211.0,0,No
93e0f235-4e80-410b-bd0e-e0b640f7924b,40,Male,56,Month-to-month,Mailed check,59.25,3357.57,3,Yes
65ebd4dc-b49b-4b72-8631-9c165827bc1d,46,Male,47,Two year,Credit card,67.88,3137.04,8,No
dd23ff41-dae1-4586-a358-755cbc5c3cd8,22,Male,20,Month-to-month,Electronic check,54.85,1002.44,0,No
3ad24ac8-bf70-4042-9e7c-6795a8c6c2df,64,Female,4,Two year,Bank transfer,22.96,54.17,7,Yes
f301bb6c-b306-4300-8879-d93272540ab7,45,Male,36,Month-to-month,Credit card,109.25,3947.7,6,Yes
8222cd7f-36e6-4a85-99ab-dc15296b67bf,29,Male,63,Month-to-month,Electronic check,39.07,2386.25,6,No
cd04c001-56a3-4ccc-893c-9cc6668b28da,19,Female,9,Month-to-month,Electronic check,63.19,500.62,9,Yes
af3f9d9a-b272-4aa7-9d30-c42e8cf29000,40,Female,59,Month-to-month,Electronic check,103.38,6038.52,6,Yes
639c4c6c-2926-405d-8d53-551ab4f02f6f,59,Male,19,One year,Electronic check,27.88,486.93,7,No
cdeb2696-015a-4a1d-a2c8-cf62f6ee137d,23,Female,23,Month-to-month,Mailed check,73.31,1706.17,6,Yes
78bf46fa-2534-4e85-92c0-dec2175194d7,18,Female,3,Month-to-month,Mailed check,92.58,310.63,7,Yes
1690636b-6f74-455d-99a9-af6aed054732,35,Female,48,Month-to-month,Electronic check,24.05,1121.12,8,Yes
5eef0d1e-38c5-4f5e-8359-ff43106793b6,36,Male,67,Month-to-month,Bank transfer,108.89,7235.87,5,Yes
b9787c4b-09aa-4570-9be9-50c7147d7bfc,54,Male,33,One year,Electronic check,49.13,1655.9,9,No
6690a951-fc04-4a7a-ae41-5f166263307c,69,Male,27,Month-to-month,Credit card,98.55,2585.66,2,Yes
49560c36-8560-4e8a-a7fb-19979d2cd944,28,Female,33,Month-to-month,Bank transfer,48.47,1596.29,5,Yes
0eb5e5a7-98f3-4640-b6a9-e3e3b62bccb1,56,Male,1,Month-to-month,Bank transfer,50.74,104.41,6,Yes
2cde9187-d1fa-42a6-860b-340cf21a6f38,23,Male,42,Month-to-month,Mailed check,99.12,4203.77,0,Yes
02bdeabe-7060-48eb-be8e-ed12a3ea21a2,30,Male,12,One year,Credit card,27.66,364.1,0,Yes
ee462fcd-a829-407c-99be-ccff33a315f3,55,Male,9,Two year,Credit card,26.04,247.17,2,No
31dae817-4937-490f-84a5-b18bcdcd0a34,63,Female,46,Month-to-month,Credit card,89.35,4122.51,2,Yes
82b34384-9979-4f26-88b1-90e1089a9f4f,19,Male,32,Two year,Credit card,118.87,3799.13,5,Yes
9d7d1756-3b4e-49f5-b2cd-9a0a840c5cb0,56,Male,18,Two year,Electronic check,42.81,782.12,7,No
5c17ebb5-093b-4d72-ac8c-dcaf2b633b18,61,Male,57,Two year,Credit card,117.09,6697.99,1,No
f9c3ee05-0012-4399-a7af-55453d3fec1b,33,Male,37,Month-to-month,Mailed check,27.62,1040.48,0,Yes
46a3cc71-ff2f-4883-963b-5481284e4cd4,69,Female,59,One year,Credit card,80.6,4862.02,8,Yes
ab6ef8dd-5a66-4316-a641-4954c798a445,19,Female,63,Two year,Credit card,73.82,4654.62,8,No
33478a91-9609-498e-a7cb-a27a65281970,69,Female,62,Month-to-month,Credit card,39.38,2482.78,4,Yes
b4209103-bca7-46eb-83ef-0f77848ac924,48,Male,57,Month-to-month,Bank transfer,113.86,6537.18,1,Yes
8cb21aa2-1715-4c03-ab4f-36381190e515,40,Female,11,Month-to-month,Credit card,30.51,357.91,6,No
8f221604-d46b-4756-b9e4-39ef48d495a4,26,Female,11,One year,Credit card,25.69,250.55,1,No
58f42098-591c-4524-953b-0f1fea3e072a,58,Female,67,Month-to-month,Mailed check,73.5,4813.21,3,Yes
39ee80ab-46c9-47e0-90c5-9550f69a0539,67,Male,15,One year,Mailed check,105.42,1510.09,5,Yes
746b161a-31cc-4738-b68a-e9b79b3aa1d1,22,Female,7,One year,Mailed check,48.73,330.56,7,Yes
0130d66b-932d-4648-a769-b0f1ee01b9e0,63,Female,28,One year,Electronic check,87.07,2374.35,1,No
8198d1f5-6839-498f-accf-147242d7f112,23,Male,13,One year,Bank transfer,26.27,377.16,0,No
80cfb1db-1287-4313-8f02-6c2c1b414999,60,Male,17,Two year,Bank transfer,99.82,1664.9,1,No
1df44d3e-f26f-4b19-9708-013e4b541670,63,Male,54,One year,Mailed check,71.5,3812.13,8,No
41f83199-f4ea-4769-8366-c189cd8d9f75,31,Male,38,Two year,Bank transfer,109.53,4260.28,7,No
cb1b8eff-d02a-4cbb-89b4-094ae048f1de,25,Male,9,Month-to-month,Credit card,95.13,821.6,9,No
71594914-b1b6-4ecd-8009-45ce932c3ec9,50,Male,54,Two year,Electronic check,40.79,2157.6,6,No
7bcf2b31-902b-4154-a088-5550f74f6900,19,Male,14,One year,Electronic check,81.52,1129.29,2,No
56f401e5-c1e9-44fa-be47-27fdc51c91f4,61,Male,1,One year,Bank transfer,40.15,51.5,9,Yes
ae7cfd14-7577-4730-868d-a4b2f613bda0,65,Female,56,One year,Mailed check,88.59,4957.18,8,No
dcad8ec2-963a-4333-a582-95dc75f1c654,38,Male,57,Month-to-month,Electronic check,119.74,6826.7,4,Yes
420079f5-1dc3-426e-bb62-659e0700749a,27,Male,57,Month-to-month,Credit card,112.68,6441.86,2,No
c9e55c47-a237-48c1-a1f6-dfbe114b3c79,54,Female,20,One year,Mailed check,107.62,2092.57,4,No
b38046ef-ad4a-4b3c-b86a-f9ddfe83c32a,31,Male,44,Month-to-month,Mailed check,60.49,2540.05,6,Yes
6994bf84-50d3-4a03-8cd7-608f3adcb38c,65,Female,41,Month-to-month,Bank transfer,44.9,1816.79,8,Yes
89207bc4-8439-4ed9-9a64-845ef49816ad,22,Male,8,Two year,Bank transfer,92.91,768.64,8,Yes
436ae2bb-d509-4e07-b368-d836027d3808,21,Female,1,Month-to-month,Electronic check,49.2,127.83,8,Yes
66205167-17cf-475f-898b-cf673f8dcf96,37,Male,30,Month-to-month,Electronic check,81.89,2491.89,9,Yes
578cd875-d231-4372-bfb0-942cac777762,26,Female,62,Two year,Electronic check,57.44,3595.2,7,No
2db13deb-ee6f-4bea-8df7-164713769ff9,36,Male,31,Month-to-month,Mailed check,96.14,2959.64,2,Yes
37f3f32b-5a81-462a-9059-f77b79ff89d9,58,Female,35,One year,Electronic check,88.22,3045.47,7,Yes
2ecaf629-44e2-4691-92de-d495e4f1e8e8,58,Male,59,One year,Credit card,60.91,3596.78,5,No
ee25356a-aee0-4ec9-bf04-18a9f2765513,41,Male,6,Month-to-month,Bank transfer,66.15,415.31,3,Yes
bcb3636d-7fbe-4bb3-b0ae-d12de8f10194,51,Female,34,One year,Mailed check,27.09,1047.83,8,No
3df76a69-bc45-444a-bc1f-dff0331d58bb,63,Male,71,Month-to-month,Electronic check,77.46,5493.84,9,No
3aad5840-34ef-41df-83f1-9b58df6c0d60,25,Male,10,One year,Bank transfer,77.1,743.26,1,No
d61a080a-3fec-4a37-95be-a8dc33e88249,19,Male,62,Month-to-month,Mailed check,111.78,6912.87,4,No
c7688339-27ef-4357-9b24-9c2a9e5c5dcd,52,Female,49,Month-to-month,Credit card,81.8,4110.82,7,Yes
1417c2f9-eb91-431a-9eb0-5b4a1b4ffd5f,63,Male,67,Two year,Credit card,46.68,3111.53,7,No
7e1f48c4-a9d6-490d-b4ad-fa22ad0205f5,37,Female,70,Month-to-month,Bank transfer,85.69,5967.92,4,Yes
db6a34ea-c3a5-4237-81b2-16cf9d23c3cf,37,Female,55,One year,Mailed check,42.65,2378.79,6,Yes
d91738f8-0ad1-418c-b53f-091e8a9e0964,65,Male,50,Month-to-month,Mailed check,45.28,2275.7,8,Yes
50bf2995-9ee4-405d-9f06-bc767b777e71,49,Female,9,Month-to-month,Credit card,54.11,514.05,1,Yes
e1886146-fc40-43d4-a5eb-45497e0a04c2,69,Female,3,One year,Mailed check,108.03,306.69,2,Yes
4654e77d-de67-4278-9313-b3a7e5a1c6e4,37,Male,17,Month-to-month,Mailed check,37.81,616.04,7,Yes
c3a6b204-fc01-4a22-aed0-b0b27da56b6e,35,Male,68,Two year,Electronic check,87.97,5935.84,1,No
65db6e43-47bf-4db7-82d9-a774ea7f6c7d,50,Male,25,Two year,Mailed check,106.17,2666.11,3,No
20d4ba18-93a0-4478-800b-19de38db128d,53,Male,39,Month-to-month,Credit card,93.08,3616.21,9,Yes
6c5540f0-cc9c-441c-8696-99010ddca788,38,Female,37,Two year,Bank transfer,110.16,4111.21,2,No
08560684-8a6f-44b3-b08d-312e7a732f35,30,Male,44,Month-to-month,Bank transfer,49.84,2192.6,2,No
dc432ed5-64ca-41c7-98e7-edf880a23721,27,Male,49,One year,Electronic check,37.69,1799.14,7,No
750acc98-2cbf-4769-86a1-a468afb3e3ad,51,Male,37,Month-to-month,Electronic check,22.4,851.4,2,No
84a91789-b2c0-47e8-9ed0-72e9f9fc6034,68,Female,40,Month-to-month,Credit card,38.23,1529.49,4,No
0227b8d5-b070-4a53-90ce-857f75c72fb6,23,Male,14,Two year,Mailed check,85.14,1215.12,5,No
61223189-35f3-4e4a-ac92-04b40306a258,25,Female,16,One year,Credit card,27.33,337.83,3,No
5c91f845-534f-496d-99ca-9c1b94bcf47a,34,Male,63,One year,Electronic check,54.29,3421.79,2,No
2fe938e4-427b-4ffb-9ca1-adcc9cdf0664,31,Male,5,Month-to-month,Credit card,62.76,318.06,8,Yes
44f7f01a-3cb5-46d7-834a-130e8c6ea6ad,59,Female,18,Month-to-month,Mailed check,69.01,1189.16,0,No
57d52b78-9cf3-437e-b562-037b78aa16ea,24,Male,33,Two year,Bank transfer,95.57,3142.37,5,Yes
6c878546-7faf-4458-af14-f7775dad348e,23,Male,23,One year,Electronic check,81.92,1892.54,5,No
c08fe6d7-b361-470a-ab49-acc635e574e0,62,Male,45,Month-to-month,Electronic check,48.77,2191.89,9,Yes
668d3c8b-dab5-4d55-9d75-c03c5f4faf10,26,Male,65,Two year,Electronic check,37.26,2329.25,8,No
9247e851-2e0d-4860-b362-f9b74795cd1d,45,Female,16,Month-to-month,Bank transfer,34.21,563.3,1,Yes
af9e7a0e-936d-44a7-bab1-996a21925613,30,Female,47,Month-to-month,Bank transfer,51.95,2358.71,8,No
b8875caf-1991-403f-906e-ccbc3a8359b6,43,Female,40,Month-to-month,Mailed check,118.04,4732.81,1,No
8e2ac3ff-3c5d-4a42-8dd8-af09451b6267,47,Male,21,Month-to-month,Credit card,74.49,1585.93,1,Yes
323132fa-6181-42de-9b37-0ca76ea5e341,39,Female,16,Month-to-month,Credit card,23.44,412.68,7,Yes
bd1116ee-f58a-47c7-8ccf-4130255603d4,69,Female,6,One year,Electronic check,85.75,505.77,4,Yes
027e789c-ce40-483b-b915-ad7e2648c819,66,Male,32,Month-to-month,Bank transfer,42.08,1355.74,2,Yes
226cbc6a-7fe5-44b6-abe8-c7562d36226c,38,Female,42,Month-to-month,Bank transfer,77.27,3336.28,2,No
a1726883-d971-4e00-a4ad-5e9bfedd22d9,24,Male,49,Two year,Credit card,67.23,3286.8,5,No
50d3802d-b876-4455-88b3-152d845a91b8,47,Male,46,One year,Bank transfer,118.99,5397.59,0,No
403fd582-4ccf-4a4b-bc93-243ec90b9454,58,Male,14,Two year,Bank transfer,101.99,1417.0,7,No
0c36ad4e-915d-4a63-9bc6-c9288fe84e20,42,Male,50,One year,Mailed check,36.35,1773.06,4,Yes
29d0c613-b0c7-4002-9956-699065fdaadb,51,Male,39,Month-to-month,Credit card,95.03,3597.89,6,Yes
411920f6-d056-4199-b728-ddc20f5e8b47,67,Female,34,Month-to-month,Electronic check,23.55,844.73,4,Yes
18a73d94-a13e-466d-96c6-d99779fe7ccc,25,Male,59,Month-to-month,Bank transfer,96.44,5697.99,1,No
42803aa0-55ac-4d06-be9d-a9517329af6e,18,Male,60,Two year,Mailed check,56.09,3446.14,0,No
8eb7c306-8f73-498e-9c3d-0d5f5c6801d6,25,Female,26,Month-to-month,Electronic check,75.93,2004.15,6,No
581993cc-41f9-494a-8f5d-337fee8d5daa,68,Female,19,Month-to-month,Credit card,107.56,2052.51,4,Yes
59e110eb-1f09-4b9d-a969-29b20513eda8,55,Male,21,Month-to-month,Electronic check,32.5,679.6,5,No
9b0707e5-f68e-4e81-adf9-568bde0bde18,49,Female,42,Two year,Mailed check,89.01,3680.41,9,No
a65d958e-936d-41a8-93ac-b00e32eeeb38,36,Male,27,Month-to-month,Credit card,72.79,2036.44,7,Yes
fab8328f-2cae-43a2-89d7-16efa62d7221,18,Male,30,Month-to-month,Credit card,97.83,3032.34,2,Yes
53391df4-5ae8-4d18-88dc-1e26c7c2564a,53,Female,55,Month-to-month,Credit card,119.82,6580.9,6,Yes
c655a597-7ccc-43de-82ac-7e1dac565da6,66,Male,70,Two year,Credit card,70.67,4972.18,3,No
141283fb-e3be-43d6-b26a-030dbc8cfa8f,58,Female,1,Two year,Mailed check,35.9,0.0,9,Yes
76b874d3-4959-4bed-9d19-11a5618dde71,48,Male,10,Month-to-month,Mailed check,114.47,1192.36,2,Yes
de46222e-2514-47ce-b4e3-5f7ba1b7e3d8,34,Male,67,Two year,Credit card,33.31,2238.09,1,No
edb68b81-cec6-4cfe-a3fd-17f02ae63af6,36,Female,37,Month-to-month,Credit card,35.2,1241.55,2,Yes
9cc05b67-a19b-424a-abfc-2a47565f1491,30,Male,56,One year,Credit card,80.17,4412.06,9,No
e835f080-d951-4f98-a79f-2f429256d707,28,Female,27,Month-to-month,Mailed check,84.96,2369.13,4,Yes
57f7d71f-2978-4c73-9440-adec12439b0f,18,Female,58,Two year,Credit card,48.22,2725.11,9,Yes
a72bdddd-511e-4eb8-9040-5c433a6c7da6,29,Female,52,Month-to-month,Mailed check,48.04,2607.66,8,No
9afa8267-4479-4214-b5de-f8074a965478,20,Female,8,Month-to-month,Electronic check,84.57,647.22,4,No
e33fc52c-4570-43e4-a53c-8f74a5076897,49,Female,2,One year,Electronic check,73.97,151.78,0,No
f0533851-dce0-42bb-87ed-ea0271e4dc42,28,Male,7,Month-to-month,Credit card,117.54,815.09,3,Yes
855c0a97-9640-4fcd-bf76-14495cf85eeb,58,Male,57,Month-to-month,Bank transfer,62.8,3595.54,9,No
2ad55c0b-69fb-4fe6-b346-1e07f72cb6c8,21,Female,52,One year,Electronic check,100.46,5205.48,0,Yes
20029d9f-05e9-4407-9aad-a0b12f132a6d,41,Female,17,Two year,Mailed check,110.3,1922.4,2,No
406bf02d-a97a-4f4e-bc10-871bba4f4b03,19,Female,71,One year,Mailed check,48.03,3432.58,9,No
bfeef19d-b360-4faa-be6e-9d47f0c0804b,45,Male,18,One year,Electronic check,86.45,1643.51,4,No
65a4c79b-2aba-44f9-b5e8-0364147f1f67,39,Female,52,Month-to-month,Bank transfer,89.05,4624.17,5,Yes
efd1b588-1054-42d5-9876-35761a5ed196,34,Male,17,One year,Bank transfer,93.66,1574.11,7,Yes
0dc78104-8c66-4766-b922-b440e0f1e44c,26,Male,51,Month-to-month,Bank transfer,88.85,4585.2,9,No
8623bc74-65a2-4cc8-855b-e95d06bfd9c4,47,Female,53,Month-to-month,Electronic check,53.75,2931.35,5,Yes
1a9b0d42-154f-437d-befa-c198c3d6cd54,49,Male,13,Month-to-month,Mailed check,37.16,491.24,7,Yes
15956c42-27c0-4f89-9e3b-f1b34330125c,47,Female,44,One year,Bank transfer,66.38,2847.32,1,No
63ccf604-e2ae-4f87-ae7c-a782a7a31d25,66,Female,36,One year,Mailed check,52.04,1899.87,0,Yes
bcd2e8eb-3f55-40cd-bab7-127e4f32ea54,50,Male,9,One year,Bank transfer,90.15,785.67,3,Yes
205c8491-a061-49db-b172-f63648bfb602,58,Female,35,Month-to-month,Mailed check,34.93,1164.1,6,No
2bacf712-d6a9-49e8-86d8-95e5219b606d,36,Male,62,One year,Credit card,62.97,3813.56,2,No
5b59f28e-a9de-4b26-88ff-eab0075072d6,68,Female,36,One year,Bank transfer,115.88,4183.83,6,No
dd3ee854-5340-44b0-aa4f-4a80dc412176,60,Female,21,Two year,Mailed check,49.44,1046.42,9,No
def3306a-f998-43f2-b799-fddb79e546e7,61,Male,41,One year,Credit card,54.47,2263.0,7,Yes
8c6d768e-45bc-43ba-af52-d36e8a63b93c,60,Male,64,Month-to-month,Bank transfer,54.5,3384.29,0,No
f2cffcae-f833-4bfb-a296-e3f171e15b9f,62,Female,65,Month-to-month,Mailed check,70.66,4584.85,3,No
9740b212-2d52-45f4-8a0e-c018b29769b2,59,Female,71,Two year,Mailed check,105.76,7556.57,1,Yes
bfb8abb9-a18c-4492-b4e0-079a98fb4727,19,Male,54,Month-to-month,Electronic check,78.81,4230.63,9,Yes
6f5aad52-9061-498f-a096-521ea2c723d4,48,Male,11,Month-to-month,Electronic check,43.78,555.81,1,Yes
88a613b4-a3b8-4f92-a3c9-0c6a86017633,61,Female,69,One year,Mailed check,93.46,6369.66,8,No
7b4d8646-58e0-458f-a8af-301f4f45f6f7,23,Male,42,Month-to-month,Electronic check,67.52,2852.4,4,Yes
16ed0330-ce01-4413-ba25-16fe8a27b0b0,69,Female,21,Two year,Bank transfer,115.1,2484.43,3,No
6986305a-5da3-49cf-8ed0-730d711dc1dd,28,Male,31,One year,Electronic check,39.92,1256.18,7,No
02b3c948-4db6-4475-a7dd-1ac44282b6e4,42,Female,15,One year,Mailed check,80.79,1217.19,5,No
c21f84fc-d0bc-4ad5-85f8-0d9b00060d5a,44,Female,32,Month-to-month,Bank transfer,114.97,3562.06,8,Yes
49694032-5808-4790-a2e4-9628d913057d,35,Female,31,Two year,Mailed check,46.94,1395.01,8,Yes
b011b125-0221-41e5-88fc-3da1781d5b6c,32,Female,9,Month-to-month,Electronic check,50.06,556.42,9,Yes
c166a8b3-f26b-4ebf-bdef-3b8eec0dfc3a,56,Female,37,Month-to-month,Credit card,69.99,2571.15,5,Yes
c4100108-0256-4389-8cb3-46637a211151,36,Female,2,One year,Credit card,98.49,236.89,9,No
98d53cf5-4afc-49e8-8c47-6b726e310234,69,Female,30,One year,Credit card,98.27,2859.43,6,Yes
8c57a277-01d9-49b4-8bf8-f29e3b30ee97,54,Female,15,One year,Bank transfer,94.93,1489.47,6,No
e1d55f85-6967-4586-b046-30085fa72012,47,Female,6,Two year,Credit card,104.33,672.46,9,No
3ff93134-650e-48e4-afe6-33f18f807d8b,61,Male,38,Month-to-month,Electronic check,20.12,773.85,9,No
a55fa725-bcb3-4168-b706-2cfa29cc0789,67,Female,59,Two year,Bank transfer,27.46,1645.44,7,No
3878becf-60dc-42eb-9413-c85063c4e76d,34,Female,29,One year,Electronic check,32.26,942.11,9,No
a0152b5b-6c17-4150-9447-16cc4352acea,35,Male,20,Month-to-month,Electronic check,43.9,939.38,1,No
ccca1e14-c3b8-480f-8440-8e983d53ec43,35,Male,44,Two year,Credit card,41.43,1735.63,2,No
b1a50a3d-cebd-4b2b-9cfb-bce7e8f2c584,32,Male,70,Two year,Mailed check,64.64,4466.71,5,No
a60147c3-48e0-4502-8598-f3c8af449605,23,Female,58,One year,Electronic check,83.43,4792.7,2,Yes
44d18524-cf0e-4567-882d-7fc1be3074f8,34,Male,30,One year,Bank transfer,67.22,1939.41,6,Yes
1186da93-da7d-4c53-b020-cf0669b41194,47,Female,42,Month-to-month,Electronic check,52.45,2124.71,6,Yes
1c405045-4a22-4ae9-a2f9-cafe2eb23ca3,59,Male,7,Two year,Bank transfer,27.46,122.43,9,No
73e88db6-9e23-43d0-b491-5c14a30b669c,55,Male,46,One year,Bank transfer,80.8,3719.35,2,No
7df37378-9f6c-4ab4-b352-2c1845aa9503,49,Female,38,Two year,Mailed check,94.45,3624.02,8,No
26f341c8-04f7-48c8-9215-b5033012f819,65,Female,48,One year,Mailed check,42.31,2053.89,0,No
05aa5eab-88f3-47ea-b83f-52740cb4afe1,31,Female,27,Month-to-month,Mailed check,82.54,2251.13,3,No
4838a888-1a2e-4864-b8ea-ca362f999b2a,58,Female,16,One year,Credit card,38.03,615.45,2,No
703c1286-b717-44cd-a002-91bb44e9f8fb,38,Female,33,Month-to-month,Bank transfer,40.49,1313.11,9,Yes
17172654-3b99-4815-8219-a9c7ba23b07a,34,Male,39,Two year,Credit card,72.59,2758.51,8,No
3799a376-7e5b-4ac9-83c5-01fe269334ef,52,Female,45,One year,Credit card,24.93,1127.12,6,No
c9254bb5-4fc3-4d4e-ab95-0c1d578799d9,29,Male,40,One year,Electronic check,69.18,2796.46,0,No
5f13e10b-ff7a-484d-bf96-dd35cca99089,53,Male,44,Month-to-month,Electronic check,56.13,2538.15,0,Yes
081fec82-ca9a-4f77-b26a-51a576b40672,64,Male,64,Month-to-month,Electronic check,67.65,4309.68,8,Yes
c02553ea-d7f2-4678-9489-8025548b2ce3,61,Female,16,Month-to-month,Credit card,109.16,1751.81,7,No
4439940d-0e58-4770-a566-0316f39ef1be,19,Female,71,One year,Credit card,65.24,4665.27,3,Yes
8b0ea0b9-1246-4474-a475-c0eec6913069,60,Male,51,One year,Bank transfer,72.27,3614.48,9,No
e54c8739-3133-439e-ae7d-952b785b8a07,29,Female,17,One year,Electronic check,94.88,1692.99,6,No
61af0e8e-d137-47e1-8005-353dd76f1e65,51,Female,34,Month-to-month,Bank transfer,113.05,3807.93,1,Yes
f97f4994-1f38-4f55-833a-c4d6d4085391,28,Male,20,One year,Mailed check,69.14,1393.66,1,No
62821d61-3fbb-4f57-b6f5-6f1cc4a531cd,29,Female,28,Month-to-month,Credit card,39.55,1088.08,8,Yes
3f46057b-7165-436b-b997-c779c56f05e6,58,Male,5,Month-to-month,Bank transfer,27.63,172.3,5,Yes
32fd73c5-0894-4176-be99-df69bcd49975,27,Female,16,Month-to-month,Electronic check,93.0,1515.89,2,No
180dc855-c55f-4de8-bc3e-1d1975f94230,36,Male,68,Month-to-month,Electronic check,89.21,6122.78,5,Yes
355cca9c-fb6b-41dc-aa7f-7e0685695f97,40,Male,26,One year,Bank transfer,38.33,991.15,1,No
f6121d2c-ae73-40eb-a39d-8fe7790b185c,26,Female,29,Two year,Electronic check,83.84,2501.71,6,Yes
289ac251-52b4-44e8-afab-cd734fe66636,69,Male,13,Month-to-month,Bank transfer,73.76,1004.63,3,No
bea6450f-0acc-423c-ba6d-bed8a110e887,42,Male,50,Two year,Credit card,107.48,5375.9,4,No
1f44aa88-855b-4c5b-8cb1-457eeffad15b,23,Male,43,Month-to-month,Bank transfer,35.38,1544.69,5,No
4c7f03bb-a376-4c2d-bb31-dcdc40d91a8e,63,Male,17,Month-to-month,Electronic check,41.55,670.31,1,No
0d559b64-e334-4bac-9c44-ebd132df8d45,67,Male,59,Two year,Bank transfer,29.13,1742.34,8,No
f9287d26-37c0-487a-aaac-826edd18ab28,40,Male,71,Month-to-month,Mailed check,69.43,4925.07,5,Yes
6f2537ce-a206-427c-bc68-41d61ce8e12f,26,Female,35,Two year,Credit card,78.36,2692.68,6,Yes
cb5d2b59-2ad8-40ca-83db-7a2e531350e0,56,Male,28,Month-to-month,Mailed check,74.08,2136.88,0,No
6553b15f-1ea1-4b0f-95ae-b18b46ae7e06,53,Female,60,One year,Credit card,63.91,3844.91,9,No
f80590f0-0249-4a09-be3b-1a40ca0553a2,54,Female,9,One year,Bank transfer,53.21,454.54,2,No
b0d515ab-c891-455d-94c1-76b90ac013d5,33,Male,12,Month-to-month,Mailed check,115.01,1341.17,9,Yes
27ad8d51-98a1-4e4f-b03b-693479ab56d1,21,Female,62,One year,Mailed check,92.23,5711.68,8,No
3fac4317-16e8-47b0-8552-f3c55f13fb98,45,Male,47,Month-to-month,Mailed check,94.08,4412.47,6,No
af9a1168-1766-4795-bffa-b493285eed0a,47,Female,30,Two year,Electronic check,21.71,619.01,7,No
f83b1806-ee4c-4b18-96a2-d49d9e5f8273,42,Female,14,Two year,Bank transfer,23.44,300.96,6,No
0f5f9707-a008-4c20-8272-88e6ff39a117,54,Female,30,Month-to-month,Credit card,108.64,3300.49,7,No
276732d3-a502-4c4b-9b03-34d80f4d6c40,44,Male,19,Month-to-month,Bank transfer,110.11,2208.74,8,Yes
1b7e0502-ca9d-4831-894e-7397b38a3db1,33,Male,47,Two year,Bank transfer,101.25,4778.95,3,No
5115d7ee-3b90-408e-bce3-456320363a73,66,Male,69,Month-to-month,Bank transfer,76.02,5203.96,4,No
a50784cb-c9df-401e-8ef0-0de1fb4f1972,49,Female,31,Two year,Credit card,81.91,2501.45,7,Yes
e44cbd41-ce36-492a-98e9-d0aac1b6edd4,66,Male,38,Two year,Electronic check,48.55,1836.01,1,No
05776108-3166-4c94-bbb2-4366704fe1a8,66,Female,45,Month-to-month,Bank transfer,28.01,1200.6,7,Yes
b972393a-5bb0-4d76-a0b5-7717b072afc8,29,Female,24,Two year,Credit card,39.97,958.53,1,No
0a1bebd3-e60e-4813-802d-a0fa227dcecc,22,Female,11,Two year,Credit card,99.47,1065.1,6,No
8f1c3fa0-7000-4009-b4e5-70ba7c3cc2bc,65,Male,10,One year,Credit card,36.7,358.04,2,No
7d76ab58-b271-415b-8af0-9ec34b726a7c,52,Male,36,One year,Bank transfer,36.67,1315.35,8,Yes
8b2ab759-2fc6-44e6-9113-5d7e30952621,60,Female,34,One year,Bank transfer,117.28,4019.2,9,Yes
77e8b762-bb7e-4979-92dc-bffd59008d65,68,Male,61,Month-to-month,Bank transfer,98.46,6002.05,3,No
994316bb-d4d3-43a5-9e1f-1619467ba9e5,57,Female,15,Month-to-month,Credit card,68.06,985.85,4,No
290c4414-8df5-4b01-9c4d-b762ea1af7d2,32,Male,35,One year,Bank transfer,50.97,1794.01,7,Yes
730ad7de-27af-4ff9-87f8-9f6211a1e557,61,Female,51,Month-to-month,Credit card,30.81,1737.19,8,Yes
8aa6b006-436a-4b9d-91c5-6a004bb13407,31,Male,11,One year,Mailed check,39.67,473.59,9,Yes
c6a28e4e-002f-4ca4-b43e-85315dfb1922,33,Female,53,Month-to-month,Mailed check,37.35,2005.39,6,No
bbd0fe6c-6108-4fcc-8186-722ba355ad05,69,Female,21,Month-to-month,Credit card,51.71,1022.86,7,No
9ea6ed4a-04ca-430a-a207-db202f7f2cd7,65,Female,15,One year,Bank transfer,87.85,1311.39,6,Yes
9ec5405d-c6a9-4598-9d34-0833db592a19,53,Male,53,Two year,Mailed check,91.52,4899.38,8,No
10372a5c-b893-408a-9219-02163d211daf,50,Male,4,One year,Mailed check,116.88,436.33,7,No
d1ad3e51-89f9-4de9-b798-0131a885a7b4,44,Female,17,One year,Credit card,22.18,363.21,5,Yes
aee7c7a5-8629-4fbe-b09b-48dd63329992,67,Male,53,Two year,Electronic check,37.98,2074.89,8,No
277529a2-8d2c-4e83-8407-26547f5f61aa,30,Male,49,Two year,Mailed check,74.29,3648.79,5,No
68e8f311-5295-4a96-887b-25d79cf023dd,58,Female,69,One year,Bank transfer,96.0,6656.81,0,Yes
18a440bd-1c47-40a5-9270-2b29a41247a2,63,Male,41,Month-to-month,Mailed check,40.38,1606.36,8,Yes
0b34fc84-1111-4e29-a8ad-153985f0786a,42,Female,61,Month-to-month,Electronic check,119.01,7234.23,0,Yes
2dbb45bd-2138-42e6-b013-a170d5cf3b4c,61,Female,59,Month-to-month,Credit card,74.61,4405.13,5,No
1b67f7bb-33bb-4382-8801-8e83df9d3910,51,Male,7,One year,Electronic check,103.67,682.97,2,No
08252b39-1947-4a42-b10d-c9d17c413a2a,18,Female,30,One year,Electronic check,81.91,2523.06,3,No
637b3648-d617-49c0-a449-d64f922ddab6,21,Female,28,Two year,Electronic check,28.96,817.86,0,No
9fbc879e-869c-4a8e-bd6a-b7c2a86d8706,40,Female,50,One year,Bank transfer,53.4,2672.77,1,No
0c90e028-4185-400d-971d-f5fdb38950ce,62,Male,52,One year,Mailed check,92.65,4829.37,9,No
b7c4b3ee-9b1f-46d1-b881-49dc5dc96097,68,Female,43,One year,Credit card,45.1,1960.01,9,No
ebc8f6b7-ee22-4f70-8359-9c6d1224cbd2,52,Male,56,One year,Electronic check,36.98,2067.18,1,No
edabddab-7dcc-4026-a7df-30b2356fdc0a,24,Male,11,Month-to-month,Bank transfer,105.24,1228.83,4,Yes
77d2b94f-1478-4c9d-9503-0b43e3c7ca9a,47,Male,22,One year,Electronic check,25.02,542.94,4,No
5c65a65c-0f8a-4c2c-a390-0bc0cd0fa4a6,38,Female,30,One year,Bank transfer,50.66,1471.12,2,No
e3f342a8-f030-4fd4-be54-898e8eda6433,56,Male,54,Month-to-month,Credit card,89.7,4865.17,3,Yes
cb53f0be-5e7b-4866-9270-54706a7be8b1,35,Female,30,Two year,Mailed check,37.25,1027.17,5,No
9def57b4-d2da-43ec-8eec-c013b55beaaa,68,Male,71,One year,Mailed check,43.84,3024.09,1,No
bbfb1b71-0a68-4eb8-876d-e8c5440c7e5b,55,Female,51,One year,Credit card,42.15,2114.47,5,No
13f39289-4dcc-405d-959e-f0fd1204f4d6,28,Female,57,Two year,Electronic check,53.04,2984.93,0,No
84fcfcb0-f5e9-4352-b745-39f2f1d188b9,24,Male,58,Month-to-month,Credit card,30.32,1756.29,9,Yes
3b23feed-b9a4-4e2b-99e9-e3a418dcceb6,42,Male,18,Month-to-month,Credit card,83.08,1489.42,4,Yes
317046b9-3080-4a5d-a2a5-0eec881af04f,21,Female,58,Month-to-month,Mailed check,34.39,2017.07,6,No
91ed554a-3fae-4f01-a829-0f3c86b4852c,20,Female,26,Two year,Mailed check,81.4,2103.7,0,Yes
8ef4d74b-2dcc-4095-b28f-9444a0154d65,47,Female,8,Two year,Bank transfer,27.73,217.91,1,Yes
bf00f56c-6a49-49a6-8ee2-5e54bfcb3388,49,Female,13,One year,Bank transfer,29.29,398.38,1,No
9399ad15-a37c-41c5-842b-266b1b02fa24,34,Female,13,Month-to-month,Mailed check,42.54,523.14,9,No
b3da5808-756e-467d-acab-8b695ba37cb5,47,Male,39,One year,Bank transfer,108.54,4218.92,5,No
1aa67474-e200-4157-ad54-c95aaa4d52a8,56,Female,2,One year,Electronic check,22.31,0.0,7,No
8cca8963-2e2e-47a4-8ade-c3792ab403f6,28,Female,63,One year,Credit card,69.91,4469.51,2,No
a854027e-5667-4e49-8133-8bdc66cc7376,34,Female,16,Month-to-month,Bank transfer,104.29,1732.04,0,Yes
999413cc-ff99-47a8-88ad-b388287e4086,56,Male,46,Month-to-month,Credit card,94.61,4337.39,8,Yes
e7094153-5a31-4916-aefb-2a2471693ed5,29,Female,55,Month-to-month,Credit card,70.19,3840.48,3,Yes
ff31950a-fdd0-44a1-8cd2-216f50adff63,57,Female,2,One year,Mailed check,44.35,96.62,4,No
698f546d-5f29-4290-9848-5a54531c8812,49,Female,62,One year,Mailed check,67.72,4248.37,9,Yes
d37ee471-6e3b-4507-a21c-1209c3a1962d,59,Male,35,One year,Mailed check,20.11,735.31,6,No
3d9ffe59-9bc0-4a93-92cd-adefb9d276f4,29,Male,66,One year,Mailed check,74.34,4824.99,1,No
60042231-36c3-4e85-8bae-295e902a405c,68,Female,67,Month-to-month,Electronic check,20.35,1345.76,7,No
be9cafcf-ed17-46e9-8cdc-718dc4057420,23,Male,56,Month-to-month,Bank transfer,46.97,2634.59,9,Yes
73d0b6c7-f62e-4f88-9c29-850b410bfc29,40,Female,16,Month-to-month,Bank transfer,118.96,1948.74,4,Yes
000cd21a-65a7-4a30-b5b7-0dd9728f5897,67,Female,69,One year,Credit card,63.78,4455.33,2,No
48d3d2ce-fba3-491f-88df-aaf8b9efaad6,64,Female,46,Month-to-month,Mailed check,85.58,3912.69,5,Yes
2294fa0a-8482-4c08-842c-65ad9883e9b1,65,Female,11,One year,Mailed check,94.4,1002.74,0,No
01ae7eb1-4d45-4ea5-a3ec-4f6afe503fdc,59,Male,27,Month-to-month,Electronic check,92.71,2470.8,0,No
36fea0b4-38cd-4122-bc01-45e14ce2afa2,21,Male,14,Month-to-month,Mailed check,54.2,727.92,5,Yes
c5828939-058e-489e-909d-97cddb107e7f,39,Female,16,Month-to-month,Bank transfer,95.51,1528.43,6,No
d284b528-b091-4fb7-b17f-3f92d26aa790,52,Female,2,Month-to-month,Electronic check,43.52,10.66,8,Yes
82e2b02d-8dbc-4e5a-ab4a-ede646a52064,19,Male,68,One year,Electronic check,68.63,4657.11,7,Yes
9255273f-ed09-40f7-9217-4fb08e6b3085,55,Female,32,One year,Mailed check,87.18,2734.29,2,No
75dacbbe-09a9-461a-9823-3383279b637c,29,Female,48,Month-to-month,Electronic check,57.89,2830.88,5,Yes
43d643ed-236e-4832-a7f6-a2ac5b0c4170,49,Female,36,Month-to-month,Credit card,49.56,1678.66,2,No
3ff69f41-9508-4801-a3be-7ca05df924fb,63,Male,38,Month-to-month,Electronic check,90.72,3360.2,9,Yes
4ce09ecb-cfa2-4fb8-8199-322e3ba58126,60,Female,20,Two year,Credit card,80.62,1630.86,2,No
91ae3d4c-6659-4d83-920b-725b17871810,34,Female,18,Month-to-month,Bank transfer,42.97,672.43,0,Yes
13c37b5d-bbf8-4a91-b7a9-f824eafa4d5b,37,Male,40,One year,Credit card,72.75,2917.11,4,Yes
7b874b4a-cafb-44fe-931f-04afb93c92d5,63,Female,60,One year,Electronic check,81.81,4905.54,7,Yes
e6267164-d361-4b3a-bcff-ae922c435667,38,Female,19,Two year,Mailed check,97.86,1821.84,9,Yes
d1cbc092-9383-486d-b3ed-d6edb0894de4,33,Male,57,Month-to-month,Credit card,56.0,3208.59,4,No
a46acc9a-9861-4260-9869-c755e85c1ec9,20,Male,15,One year,Mailed check,53.12,830.73,8,No
ceef7261-bb15-42ea-8991-2f464ce6928b,21,Female,54,Two year,Electronic check,113.16,6116.19,0,No
c7b611cd-1417-482a-a1ad-018a93875413,60,Male,30,Two year,Electronic check,47.4,1335.21,9,No
559a8f54-c559-4d0f-abff-c53f0e50f355,24,Male,58,One year,Credit card,68.08,3961.25,4,No
6f2e92b9-d130-42db-a13a-14ca5911f42e,47,Male,50,Month-to-month,Bank transfer,74.11,3744.46,0,Yes
1edbbe71-de2a-4ddf-ae24-9b726aa12abd,31,Female,46,One year,Mailed check,53.46,2508.58,0,No
bf67de42-3a0a-4b59-8538-4872deaa543e,44,Male,50,One year,Electronic check,59.42,3004.01,0,No
edbc36d8-9a30-4096-9977-66bea71c8948,65,Female,25,Month-to-month,Bank transfer,105.01,2617.81,5,No
a1d770ea-c704-480e-a246-6cd702ed5d15,30,Female,26,One year,Electronic check,69.41,1828.69,0,No
863dfcd6-4e06-48d0-8ddb-545b61eaaa65,54,Male,48,Month-to-month,Mailed check,58.21,2779.6,9,Yes
909e21ba-8a38-45aa-91be-ba8e0a8aeb94,57,Female,51,One year,Credit card,81.71,4165.74,4,No
b2a0f778-809d-4444-93ab-3cce264ae04f,68,Female,52,One year,Bank transfer,24.07,1281.1,3,No
ac735be0-0cee-4dc2-a737-f345388629ff,21,Male,1,Month-to-month,Bank transfer,27.85,78.03,1,Yes
f89617fa-6493-45ef-bf53-76a4bb48bbba,27,Female,24,Two year,Bank transfer,70.12,1642.08,4,No
9343e6ea-985a-4548-80ba-22a47213e7cc,22,Male,52,Month-to-month,Bank transfer,56.24,2910.92,5,No
6e935615-38da-4a90-970f-ad328135f15a,34,Male,44,Month-to-month,Electronic check,79.49,3553.62,3,No
25e42403-64f2-402e-894f-6ed34a2f3876,52,Male,61,One year,Mailed check,44.51,2690.77,8,Yes
79d19c4e-1521-4d35-960f-1e2d21d72432,40,Male,12,One year,Bank transfer,24.53,359.02,9,No
8c53b74c-0c9f-46e6-becc-f7609249ee3a,20,Male,22,Month-to-month,Bank transfer,115.07,2496.65,1,Yes
6605de3c-15c7-4c83-8336-ffe5663166a7,59,Female,6,Month-to-month,Credit card,90.06,542.95,9,Yes
b2a7a475-c619-4773-af3a-cf3380777ac5,48,Male,70,One year,Electronic check,83.96,5882.78,6,Yes
7b1dbca3-2286-43f8-8314-96ea2160446e,36,Female,2,Month-to-month,Credit card,105.72,228.84,4,No
65339cf0-7ce4-470e-b2b7-3d808f2e08d3,61,Male,27,Month-to-month,Bank transfer,100.51,2645.49,6,Yes
8fa8ae34-3233-4053-9242-ba54a6f9c0e1,55,Female,33,Month-to-month,Mailed check,118.86,3914.12,1,Yes
86351a54-bc54-48c1-bf40-8dcc9db1f7f9,52,Female,23,Two year,Mailed check,85.02,1920.02,4,No
44296ca2-1257-429e-be08-5cb73f09f7a6,28,Male,20,One year,Mailed check,91.12,1790.91,4,No
af4afcdd-52cb-4ae0-ae18-c9b3c6da85f1,20,Female,70,Month-to-month,Bank transfer,70.7,4966.4,4,Yes
1ccec1ef-16ef-4cdf-9375-ee61ec94503e,64,Female,52,Month-to-month,Bank transfer,70.96,3680.58,8,Yes
5d822e3a-6c6d-482b-a9e0-8370abf7a5d0,63,Male,26,Two year,Mailed check,99.66,2583.29,4,No
5832c8de-521b-48c2-b0c3-ef8a592ab43d,57,Female,58,Month-to-month,Mailed check,59.85,3462.94,2,No
c509d558-0632-4b36-a7c8-f0c59808552c,38,Male,45,Month-to-month,Bank transfer,118.95,5376.17,8,No
5987038a-fcd6-418e-ab54-500d4e089bb4,31,Female,68,Month-to-month,Electronic check,52.67,3611.33,8,No
cd840a47-fd7b-4279-9253-55159dc0a8b5,67,Male,37,One year,Bank transfer,71.42,2572.25,5,Yes
70c23600-2554-4c1a-9f88-dda37134ae6e,28,Male,44,Month-to-month,Bank transfer,27.52,1182.97,6,Yes
3bc5f97f-d173-470b-ac99-3c800b7d1856,25,Female,36,Two year,Credit card,61.09,2271.62,1,No
27ef0a4b-5fb2-4838-af73-b3cf331e91f2,63,Male,54,Two year,Credit card,92.42,5006.51,4,No
15f7ef61-da4e-404c-ba7e-1b86c1fad753,23,Male,53,Month-to-month,Electronic check,57.12,2941.61,8,Yes
3e3869e2-0df6-4417-bd55-38c71cc464ed,53,Female,13,Two year,Credit card,79.53,1007.8,5,No
25ce2a21-ed3e-4846-9efa-0407f2edcab0,56,Male,46,Two year,Electronic check,30.27,1346.86,2,No
49a5baeb-d1f4-4c8d-951b-1974de668dd0,69,Male,17,One year,Bank transfer,45.71,686.57,8,Yes
cde55848-b19c-405e-97e0-a1f103840661,18,Male,35,Month-to-month,Electronic check,102.45,3630.99,7,No
789fed96-7337-4c2f-8e1c-37621c7cb6ed,60,Female,33,Month-to-month,Mailed check,105.23,3465.5,2,Yes
bd717da3-3581-4632-94f5-df7005d2d205,51,Male,48,One year,Bank transfer,114.34,5480.2,5,Yes
8be27516-342c-4348-b63d-75f189bab9c8,19,Female,40,One year,Mailed check,90.7,3578.52,0,Yes
8c7e2904-4237-492a-8017-466e85f4c0a2,22,Male,69,Month-to-month,Electronic check,67.16,4588.21,3,No
fe07832a-badc-4599-9f7f-ae0c7ba79d05,58,Male,67,Month-to-month,Credit card,75.16,5078.84,2,Yes
ab132032-b2e1-4f66-b1f0-2ea8242f5829,34,Male,34,Month-to-month,Credit card,43.4,1442.72,7,Yes
e7f2418a-953f-4fd4-a069-4b6d04b51c12,31,Female,11,Month-to-month,Bank transfer,75.57,798.43,1,Yes
4165964c-0b21-4308-86dc-4e34a9dcfe52,63,Female,54,Month-to-month,Electronic check,20.77,1090.18,3,No
3360d115-48b5-4c88-8f63-5f4a2b9a118e,66,Female,16,One year,Credit card,66.85,1081.42,8,No
4572b385-9e32-4085-b24f-92b9ca0841de,69,Female,47,One year,Mailed check,49.24,2235.73,2,No
f1f71605-a79e-4626-b707-ac0e0d96feb3,51,Female,29,Month-to-month,Bank transfer,60.77,1713.71,1,No
a90e319d-637e-4f94-910c-8d920222305d,55,Female,70,Month-to-month,Mailed check,43.75,3143.87,8,Yes
e9b1c4a1-da22-4b85-a9b9-2a1d457498ca,52,Male,54,Month-to-month,Electronic check,31.91,1699.46,9,Yes
1b9ec5f9-dd41-4a67-9c37-5254a8fc5690,26,Female,59,Month-to-month,Bank transfer,82.57,4823.71,0,No
e226a768-de0e-4c53-8ae0-fd7a04e25132,39,Male,34,One year,Bank transfer,58.51,1981.72,7,Yes
fad3b44c-3b2d-4dc9-a2f3-2faea63fcf12,51,Male,13,Month-to-month,Mailed check,115.6,1474.47,0,Yes
b5ae2a56-fa03-4d6c-822f-b2f06175a257,39,Male,13,One year,Bank transfer,23.56,353.52,1,No
7c12d198-50c1-48f7-a764-28c4197fa0fd,69,Female,56,Month-to-month,Bank transfer,76.07,4205.15,0,Yes
168885c2-8814-4bde-98db-f732dde4d194,58,Male,50,Month-to-month,Bank transfer,68.94,3458.05,9,Yes
f77fa3a7-802a-46eb-b2e9-7c2d2fb90ccf,31,Female,1,One year,Credit card,66.62,53.97,7,No
b6646199-ed25-459e-8f89-37fa753e9662,20,Female,17,Month-to-month,Electronic check,29.8,528.52,0,No
ec19e4eb-3f55-4740-8a2d-36a605804493,30,Male,1,Month-to-month,Credit card,80.12,94.6,3,Yes
7d6c3d2a-5564-41d3-8e0f-bae18787c3f4,33,Female,57,One year,Electronic check,52.32,2980.95,0,No
04b40ac9-2831-4f0d-be90-63fb64b5d9a5,21,Female,23,Two year,Mailed check,115.33,2643.01,4,Yes
5afa0fb3-5a16-49d9-af2f-077358c69158,68,Male,69,Month-to-month,Bank transfer,73.95,5090.0,1,Yes
fef97d57-3c77-4a4a-8d65-4036a00f230b,67,Female,19,One year,Electronic check,69.39,1253.48,5,Yes
469ff562-8052-4405-ba84-bb5ffa6e3743,49,Male,69,One year,Bank transfer,59.4,4013.81,9,No
41f74651-a033-4dad-8fdf-de19cfd835fc,22,Male,55,One year,Credit card,38.95,2204.84,1,No
fffcd743-e3f1-4406-a31d-9c8be0f0fe79,57,Male,29,One year,Credit card,107.63,3077.51,5,Yes
f1b2f143-078b-43a9-bd88-565ad09a934b,31,Female,62,One year,Mailed check,102.35,6282.58,4,Yes
39bfc9b6-47ba-48aa-b2f9-4b2c8e10814f,47,Male,7,Two year,Mailed check,109.66,737.97,2,Yes
6491982b-e5ad-481d-977f-4c1626d658fb,54,Male,55,Two year,Bank transfer,103.5,5678.17,5,No
bada0c94-1679-4be0-a323-8416a82cae18,31,Female,36,One year,Electronic check,60.81,2166.15,6,No
ad9112c5-f5ea-4128-854d-c3bf61d85365,46,Female,58,Month-to-month,Credit card,108.16,6277.87,2,Yes
afbffde4-a022-4155-9f69-5d179cc96aed,57,Male,68,Month-to-month,Credit card,100.45,6837.98,7,Yes
92a97acd-3d88-4938-aad6-5b8c3a38b844,57,Male,52,One year,Mailed check,40.94,2170.69,7,No
4ff85111-f875-4fd4-ad2c-cf42271a919f,27,Male,68,Two year,Bank transfer,42.0,2866.79,4,No
72fcc072-544c-4132-9af9-7493e8e46b31,44,Female,1,Two year,Mailed check,113.85,134.88,3,No
a7087280-34ee-4b67-a1bb-d1838acfd4d6,26,Male,40,Two year,Electronic check,111.93,4476.01,0,No
af1dcfb8-8a96-4a11-94be-6d9f2379c05f,48,Male,6,Month-to-month,Bank transfer,65.06,423.97,2,Yes
235b275b-dcd2-4b97-b3ca-9a6bccd3af7c,30,Male,64,Two year,Electronic check,77.39,4935.61,8,No
e60d7a94-b483-4162-b043-a39a4f1a84cb,54,Male,24,Month-to-month,Electronic check,69.25,1618.13,7,Yes
6e18b184-229f-485b-a8d9-1a2086181db2,64,Female,60,Two year,Electronic check,31.18,1832.63,9,Yes
c521ff2e-f9cc-43ed-a8b4-5c6afee543b3,51,Male,62,One year,Mailed check,66.07,4009.69,5,No
9099a283-eedb-4ce5-a7fe-cdcd2528b516,23,Male,56,Two year,Electronic check,20.09,1122.18,3,No
115c42cd-5147-4e86-a875-d40aeac7dc2e,35,Male,20,Two year,Mailed check,69.51,1404.89,2,No
b82d40de-f2d7-4d53-8870-2ae78eadda9a,18,Male,71,Month-to-month,Credit card,108.29,7705.02,1,Yes
d6eaf269-514e-4353-af23-7c4d1e4ea133,55,Female,37,Month-to-month,Electronic check,82.13,3027.51,8,No
078c3875-ba21-4269-a540-fbfee12ff6cd,33,Female,66,Month-to-month,Mailed check,93.37,6154.64,7,Yes
f90fb6e4-e150-42f3-9195-8000c3f38c8c,34,Female,49,Month-to-month,Mailed check,90.09,4460.24,5,Yes
4da838b7-6947-4bac-b610-f40d69fe890f,46,Male,46,Month-to-month,Mailed check,88.22,4074.01,3,Yes
d25ad576-ef0b-443e-bee0-47627168bdec,52,Female,52,One year,Electronic check,63.28,3288.58,5,Yes
bd03d33b-eee9-495e-a308-6e48e4e5b5b0,39,Female,70,Two year,Electronic check,57.73,3977.6,1,No
301c6abf-c773-4d46-a6e6-a84a46178161,44,Female,47,Month-to-month,Bank transfer,79.92,3816.05,4,Yes
06b4ed27-2f4b-4be8-a1ac-fdb51b555f6d,20,Female,28,Two year,Bank transfer,66.43,1885.7,7,No
9df034d3-9caa-437c-bc67-95e2c32fc21b,46,Male,13,Month-to-month,Mailed check,64.91,806.5,3,Yes
9cc3c1f5-9129-4c75-9b08-e5a844511ba0,20,Female,41,Month-to-month,Electronic check,56.31,2283.07,8,Yes
3b1d12cf-3b70-4092-98ab-182c3b1d0181,53,Female,30,Month-to-month,Bank transfer,52.61,1520.22,8,Yes
14588063-5bf8-4d1d-86ad-7920aff7ff5d,24,Female,51,One year,Electronic check,29.36,1431.42,1,No
22538040-7a02-4a6d-87a2-b171b02a06ee,45,Male,64,One year,Credit card,94.11,6000.32,6,No
7800e27a-9ace-43cc-989c-83f68098580d,20,Female,61,Month-to-month,Electronic check,108.1,6527.87,5,No
2f191516-5fbb-4da5-a64a-1fe8b646e2b1,67,Male,18,Month-to-month,Bank transfer,26.45,463.88,8,No
794e0838-7dcf-40fd-a330-98edda252795,56,Male,11,Month-to-month,Bank transfer,88.38,968.97,8,Yes
39ed0800-3179-49f9-a9ed-e760233408ba,43,Male,33,Month-to-month,Bank transfer,113.94,3816.51,5,Yes
f80443ee-c3b8-4179-a899-4c8408403234,49,Female,20,Two year,Mailed check,84.27,1671.3,4,No
f3402dd3-4515-45b9-ace9-504b03d7f962,20,Male,43,One year,Electronic check,89.16,3777.11,1,No
abdce0da-be0b-4ddd-b8f9-500169bd40d8,27,Female,1,One year,Mailed check,67.56,75.81,2,No
345e2eaf-c1fd-4581-b3ec-e6b1fcfd8547,39,Male,68,Month-to-month,Electronic check,65.07,4481.36,7,Yes
f4672866-ed56-42a0-ad54-ff2b10ee4f77,47,Female,7,One year,Bank transfer,34.78,280.29,5,No
9df79a27-ddfc-4a92-b074-feb3fc5217cc,44,Female,25,One year,Mailed check,92.74,2384.94,5,No
dde4f5c1-532c-4c01-b017-c5337d6ce5c3,51,Male,50,Two year,Electronic check,30.93,1619.81,0,Yes
6d744a0b-3f2d-49c8-a338-e5797521aa18,42,Male,29,Month-to-month,Electronic check,45.61,1299.66,0,No
9ba14c35-0ab5-407f-86b6-020a67a55936,32,Female,44,Month-to-month,Credit card,87.89,3867.41,0,No
b85f164b-6160-4399-9307-3198bc3eb402,34,Male,17,Two year,Credit card,117.82,2079.3,1,No
f06b6c12-9c8b-4550-a4e7-0f9a501a0ccf,46,Male,31,Month-to-month,Electronic check,70.52,2207.81,8,No
8941bdd3-9803-482e-926a-4bd0be125f8f,39,Male,33,Month-to-month,Mailed check,25.93,886.3,6,No
b440b852-e033-400e-a432-62b38675820e,23,Male,6,One year,Electronic check,70.39,382.81,8,Yes
1bfc270c-8549-4255-89db-ebb5c9739495,31,Male,25,One year,Mailed check,103.99,2585.63,7,No
e0b55615-d3b6-4f1b-b4f7-6d09739cafa5,59,Female,47,Two year,Electronic check,50.58,2384.01,6,Yes
3ee79d31-feef-41f8-a0b6-2f900adbc4ff,55,Female,67,One year,Electronic check,21.04,1496.56,3,Yes
fbdc532e-6546-466d-89b1-cad184c9b276,54,Male,59,Month-to-month,Electronic check,115.67,6812.99,5,Yes
632c817e-8ec5-4d47-8a0c-64e5bc341b4f,18,Male,42,One year,Credit card,99.79,4115.75,2,Yes
f66c7331-a172-4ee3-83e1-847c8420e0d8,34,Female,27,Month-to-month,Credit card,84.91,2244.0,3,No
70869a45-4a8a-4b17-b09a-083a0c9ea060,44,Female,4,Month-to-month,Electronic check,110.96,370.73,4,Yes
c60fb252-4df7-42ae-a267-e12b65e5f13f,55,Female,38,One year,Mailed check,28.52,1166.22,2,No
2a9edda7-761a-4914-8931-b2d4d3def87c,43,Female,17,Month-to-month,Mailed check,99.49,1734.38,6,Yes
eb45bc38-9cf6-4e33-8b5f-174b6c267b56,67,Male,63,Month-to-month,Electronic check,65.28,4093.39,6,Yes
e7574997-8458-4f73-b0a0-c1cd0df6c527,51,Female,48,One year,Bank transfer,110.04,5353.7,6,No
a566e884-d473-4687-b6ad-1c332469d0c2,38,Female,13,Month-to-month,Mailed check,75.9,962.3,5,Yes
802b1bf4-b8ff-415c-9727-20fa73a27c7b,20,Male,19,Two year,Mailed check,69.94,1337.99,3,No
95dfe6cb-c75a-4c94-ae05-7f791cf8d03f,45,Male,53,Month-to-month,Electronic check,76.84,4058.88,8,No
8be15610-b234-4948-a4f2-ae4cf016716b,28,Male,9,Month-to-month,Mailed check,35.31,275.82,8,Yes
52ce55e3-69df-45c7-a4a0-053f22a37556,49,Male,52,One year,Bank transfer,90.27,4664.22,7,Yes
74246baa-2dca-4c82-8660-a3e9736d417c,29,Male,45,Month-to-month,Electronic check,46.23,2126.62,5,Yes
e552d0a8-b66f-4507-a588-b999971eea39,22,Female,40,Month-to-month,Mailed check,116.77,4603.43,3,No
171603b1-7466-4e6f-a1ee-b1f133b1d0dc,21,Male,17,Month-to-month,Credit card,73.95,1240.44,8,Yes
a6091ad0-b114-44aa-92f6-9081400564b8,62,Male,17,Two year,Mailed check,110.65,1859.07,5,No
29fb832c-cbe6-4571-b622-e18ee83bcc84,25,Female,45,Month-to-month,Electronic check,104.79,4772.3,5,Yes
17584f23-1fa0-4802-bbb7-1494b7e767d4,37,Male,25,Two year,Bank transfer,42.89,1076.5,0,No
a25291f3-730b-4657-b4cb-46131d39e9c2,18,Male,47,Month-to-month,Credit card,39.5,1787.4,5,Yes
b5103e9c-8618-440d-95d6-a6585ce9dbbc,33,Male,14,Month-to-month,Bank transfer,116.32,1749.4,1,Yes
f9a62522-ca83-4709-ba14-675762538cdf,24,Female,70,Month-to-month,Electronic check,25.02,1749.84,6,Yes
28ef2f46-f323-423e-9cb0-c90c82fc9294,27,Male,46,Month-to-month,Electronic check,119.42,5504.05,7,No
0b3d6dc9-616f-460a-8ce3-77d760f11528,33,Female,52,Month-to-month,Electronic check,101.46,5229.69,6,No
55cf37ba-e989-45f2-abbf-1e35c4acb57d,49,Male,43,Month-to-month,Electronic check,82.68,3534.56,4,Yes
dcd81a8b-a8d6-4af6-9f0d-def190c40e45,20,Male,13,Month-to-month,Electronic check,104.86,1367.3,0,Yes
2504fd28-de6a-4459-a980-f6ff266c47fb,38,Female,54,Month-to-month,Credit card,91.92,5022.82,4,Yes
0d22af35-b648-4e8a-84e7-75b92dca365a,61,Male,16,One year,Bank transfer,93.79,1540.8,7,Yes
baebe15d-4f3c-4771-8edd-2a2a6b69b4ae,61,Female,35,Month-to-month,Bank transfer,53.41,1822.52,3,Yes
49ed856e-723d-4acd-b601-e005c4c4f69f,65,Male,24,Two year,Bank transfer,59.56,1434.95,0,No
e606d7c2-1e18-446d-ae42-1840a05f36c8,68,Male,29,One year,Electronic check,93.3,2611.85,3,No
00e78824-33ee-46e7-b5de-feba21aea39b,47,Male,71,Month-to-month,Credit card,93.27,6643.09,8,No
03200c4e-40cb-4188-83f0-fac39f601d17,40,Female,30,One year,Bank transfer,104.86,3113.57,9,Yes
7fa70485-dafc-4805-bf64-85de75699aef,31,Male,36,Month-to-month,Mailed check,85.76,2993.52,9,No
9ba4d5a6-0178-4e26-8eb5-57ac8b22e445,26,Female,42,One year,Credit card,69.02,2901.22,6,No
37850b5c-3ce5-488c-be53-d702e1f8d192,48,Female,64,Month-to-month,Electronic check,93.18,5881.19,2,No
74283491-79c8-42cb-a8d3-110e96bfae6e,36,Female,4,One year,Bank transfer,35.5,202.35,9,Yes
99e95433-1453-417e-b11e-be6f68ffae17,67,Male,11,One year,Electronic check,81.12,899.69,0,Yes
e1d5c0dc-3ea5-45a9-81ae-c50599a04abb,67,Male,53,Two year,Credit card,65.55,3454.2,5,Yes
a0ee404f-9ea8-4cb1-8732-68c98c1e9464,56,Female,64,Two year,Electronic check,37.64,2433.7,2,No
3527bcee-d343-4f88-91f3-79b18ebb8208,64,Female,29,One year,Electronic check,92.44,2675.61,7,Yes
0e18ab96-25f4-4dd6-af51-ac6e0c85f154,52,Female,22,Month-to-month,Electronic check,54.03,1131.51,3,Yes
253741e4-0966-4d08-9959-5d27a73d2746,44,Female,17,Month-to-month,Mailed check,87.86,1499.55,2,Yes
93fde248-aac0-4912-884d-7822da948e70,24,Female,25,Two year,Bank transfer,66.09,1710.68,0,Yes
54c3b22e-4c66-4a4d-9a70-ea8ad6881d3e,51,Male,21,Two year,Credit card,118.35,2463.52,9,Yes
1be00f8e-0c8d-41d2-9673-aefbeb9e54e0,46,Male,62,One year,Electronic check,100.65,6221.79,1,No
294d43ed-2da1-4fda-be65-6dcc6abdb05a,46,Male,51,One year,Mailed check,70.36,3621.73,3,No
a9325ae1-9c70-40da-88cd-29c5ac0e1f71,33,Female,5,Month-to-month,Mailed check,95.5,486.56,3,Yes
92811c92-984f-4323-b329-2925b107094e,37,Female,63,Month-to-month,Electronic check,88.17,5502.59,0,No
f75efed8-2d6b-4953-8fea-d84ec98cfd48,69,Female,38,One year,Bank transfer,47.51,1800.63,2,No
5c3552b3-9437-4280-bfd4-67e77491050c,41,Male,48,Month-to-month,Mailed check,53.2,2565.72,8,No
c4bd338e-17d7-4fc0-892c-d030ee757637,34,Male,17,Two year,Bank transfer,99.45,1706.84,4,No
e5c482ff-5e5a-40c1-92a4-73f94c9e903a,60,Female,27,Month-to-month,Credit card,106.59,2854.81,9,Yes
c2294116-1152-4a73-91fc-dedd61022b56,44,Female,33,Month-to-month,Mailed check,63.34,2042.86,1,No
109efb40-8ceb-4c57-97e3-23cf6d651847,34,Female,8,Month-to-month,Mailed check,109.01,936.27,9,Yes
1f3cea1d-2271-47ca-b887-73ed4af715b7,59,Female,11,Month-to-month,Mailed check,41.32,456.86,9,Yes
54470290-4640-4b2a-9c02-28afb1d29457,38,Male,71,Two year,Mailed check,69.24,4905.5,5,Yes
35b86d0a-864f-46dd-a9ec-09d586eced99,26,Female,12,Two year,Credit card,70.47,827.29,3,No
0ee52f63-9caf-4df1-b584-5d71b221e1c5,31,Male,14,One year,Mailed check,46.45,651.98,2,No
fab6ad91-bacf-4cfc-9245-1cc41bfb3b3d,38,Female,54,Two year,Electronic check,92.72,4969.28,6,Yes
16718639-fcb8-4f9e-8769-0baaa104bdce,57,Female,11,Two year,Electronic check,38.81,444.51,4,Yes
9ad2bb72-b04b-4584-b95c-ec2d7bd15655,48,Female,24,Month-to-month,Electronic check,44.31,1140.2,3,Yes
b4f136fc-fc7c-4e71-89c6-7b51ef13864b,28,Female,37,One year,Credit card,51.51,1823.29,1,No
d90949aa-9bdd-4d7a-ad53-628b49851b79,65,Female,24,One year,Credit card,99.3,2357.14,0,Yes
933c8d00-8680-4a0b-8279-1490510564f9,57,Female,55,Month-to-month,Electronic check,97.27,5251.74,8,Yes
ed56c714-5a96-41f5-9f8c-eda5feb9ea24,33,Female,18,One year,Bank transfer,20.51,363.5,6,No
7f13de67-9008-4dc9-9d42-1bae2134e15b,35,Male,40,One year,Mailed check,45.37,1800.66,5,No
7f6bf62c-a1c1-4b96-baab-d9f2850b7073,32,Female,49,Month-to-month,Credit card,86.98,4237.69,1,No
e237c877-2e0e-4673-8ed7-cd177e14c595,56,Female,46,Month-to-month,Electronic check,98.23,4468.36,9,Yes
4a5d6cea-b565-464e-bb93-a53f9c02040d,32,Male,4,Two year,Mailed check,44.98,179.18,9,No
1e42d2b8-0067-4b62-b18c-d979fab0a15d,18,Female,11,One year,Electronic check,74.31,770.74,6,Yes
cbf6aa23-a01e-41f5-b702-beba0623ffbf,68,Male,23,Two year,Bank transfer,88.26,2037.78,5,Yes
3513a238-d91b-4a04-bcca-ba381e30614f,24,Male,50,Month-to-month,Electronic check,75.54,3777.35,1,Yes
6a25542e-ffbd-4cdd-9d84-d303ccb03fc5,24,Male,6,Two year,Credit card,110.88,656.46,2,No
5982aa44-5573-48cf-8ba5-605069fe99a9,42,Female,54,Month-to-month,Mailed check,63.59,3464.37,6,Yes
365bc763-a333-4ea8-8e58-de208f7763e0,23,Female,63,Month-to-month,Mailed check,110.17,7022.75,6,No
b0a4f557-3381-401f-a3ff-8fd202e460aa,67,Female,37,One year,Bank transfer,90.17,3298.69,4,Yes
115db44f-ca4a-40bc-8121-81a34818b004,60,Female,33,One year,Bank transfer,28.05,979.62,6,No
8ccc617e-81b6-4951-8cdf-697f4eca2e96,42,Female,8,Two year,Credit card,47.73,374.97,4,No
1d2467e2-0191-419d-845c-3fbb52ecac27,58,Male,34,Two year,Bank transfer,29.72,1016.36,0,Yes
65637d1f-5763-4902-9552-0712af92ef22,64,Male,37,One year,Electronic check,89.42,3323.17,4,Yes
f5c9f459-9db1-4d5e-91a4-d796b9720eec,28,Female,2,Month-to-month,Electronic check,105.86,229.36,9,Yes
31ab0158-2cf6-473b-9500-c14707743c94,49,Female,71,Month-to-month,Bank transfer,95.53,6742.75,6,Yes
ec1a86d3-5683-4783-9575-9337549c9eb9,19,Female,24,Month-to-month,Credit card,67.95,1703.15,1,Yes
7978dc84-ea89-4979-baa6-d6eaac273009,65,Male,4,One year,Credit card,39.4,319.74,8,Yes
22c0c475-a549-46d0-891a-5875cc18dd0e,64,Male,59,One year,Bank transfer,52.78,3197.06,6,Yes
75eb0e8f-a090-460d-a7c7-655a7b434a72,54,Female,44,Month-to-month,Credit card,90.82,3945.88,6,Yes
e55b93ad-8976-4471-9d7f-57d1e45def26,66,Female,45,Two year,Electronic check,51.76,2302.56,6,No
d06d3943-c8b3-415e-b664-704355c9bf0f,46,Male,52,One year,Electronic check,26.89,1450.28,6,No
0e5779ec-be1a-470f-ad83-a4c869f8d3e4,25,Female,4,One year,Electronic check,38.87,175.19,5,No
90a014ab-4ca1-4abd-8565-0e0bd5c97d5d,56,Male,66,One year,Bank transfer,66.77,4502.43,9,Yes
8e2017e1-50c4-4b4b-ad9e-5c1eb9974024,62,Female,46,One year,Credit card,119.11,5432.19,1,No
93d054e4-3550-407e-84ca-bb38892fca69,22,Female,61,One year,Mailed check,99.25,6034.91,9,Yes
ea8b31f5-ccae-48fe-94eb-8e20af7c7d2b,30,Female,36,One year,Bank transfer,30.81,1125.13,3,No
10f35676-5a85-4cd8-8bb8-6be0e355e636,29,Female,25,Month-to-month,Bank transfer,54.77,1365.9,5,No
d73aae7b-47cc-4a66-a638-d8bef83893a2,53,Female,39,Month-to-month,Credit card,102.64,4024.22,1,Yes
600fc79c-fbce-4087-96d2-b14d07faf6f7,43,Male,42,Month-to-month,Mailed check,24.52,1056.4,1,No
2a7cf9e9-d7a7-47b1-88c6-2063a06303ca,54,Male,65,Month-to-month,Bank transfer,118.33,7739.65,9,Yes
2ff8107a-63ba-4d86-9b0e-70ad922bda48,20,Female,8,Month-to-month,Electronic check,114.15,1049.3,4,Yes
c847b130-dd56-430e-9de9-87a2985e7e89,42,Male,48,Two year,Credit card,84.27,4146.32,6,No
db9a0eb7-b48c-431b-8eeb-87ffc064f074,35,Male,33,Month-to-month,Bank transfer,109.02,3688.57,0,No
4580dac2-0818-4965-b5b8-135150830841,67,Female,59,Month-to-month,Bank transfer,30.21,1792.0,7,No
e0864418-7f3e-459b-9638-613769f35b2d,39,Male,62,Month-to-month,Credit card,98.41,6098.49,8,No
d4575305-73b0-420d-9f20-19ea3cd61f5e,50,Female,36,Two year,Mailed check,46.09,1647.2,5,Yes
866cfb2b-3754-416f-8d79-132cf362d408,65,Male,36,Month-to-month,Credit card,53.55,1975.77,0,No
5fcc997d-1cbb-404b-accd-a2af4d64bb63,51,Female,22,One year,Electronic check,77.37,1698.07,5,No
33bcb8a9-c71d-4564-8992-b886c8f216c1,36,Male,23,Two year,Mailed check,103.13,2414.77,9,Yes
8188de48-719b-4dd6-97b4-e75be9d18ec2,52,Male,36,One year,Credit card,53.7,2031.12,3,No
e7ab2ef7-7b8f-409a-8c8c-eba90662200c,23,Male,28,One year,Electronic check,72.65,2037.93,2,Yes
5711d5fd-30b1-467b-a771-a42280038f26,49,Female,29,Month-to-month,Mailed check,70.73,2018.46,4,No
dfb68a5f-bb81-41f0-bbc4-d138ec737598,65,Female,18,Month-to-month,Electronic check,119.2,2103.61,2,Yes
53cc6b95-c689-4836-8f73-ab1c860c7b68,61,Female,31,One year,Electronic check,38.64,1172.28,1,No
192703a7-df2e-47e7-84fc-bb8424aefbea,40,Male,47,Month-to-month,Electronic check,111.47,5249.48,7,Yes
84222f58-f022-44af-bb76-4637d277ab64,24,Female,41,Two year,Credit card,105.76,4360.44,4,No
3487246c-21f9-4072-be22-eba1ad3d581e,40,Male,65,Month-to-month,Electronic check,34.69,2302.29,6,Yes
6338fb29-7599-4b0a-895b-81d6b97d7617,20,Female,25,One year,Credit card,34.55,844.79,3,Yes
1da76d69-85b8-44d4-9d64-3387b6b38fbc,34,Female,19,One year,Credit card,39.13,773.85,7,No
0b458c23-eead-490c-8f9c-78bf010d583f,48,Male,34,Month-to-month,Bank transfer,108.2,3654.39,6,Yes
df3334c6-9823-4b06-991e-a7e6afe2a940,25,Female,33,One year,Credit card,100.65,3325.72,8,No
e3a1af97-7785-4ddb-9552-7a3c164a9b18,19,Male,47,Month-to-month,Bank transfer,35.11,1656.11,6,No
c4246277-8544-44ab-9a64-f27d0bcfd0fc,27,Male,33,One year,Mailed check,92.09,3057.19,6,No
05c14422-4ffe-4dfd-bedc-acb7a8b331a0,62,Male,40,Two year,Electronic check,92.89,3799.06,8,Yes
a38bbaa4-4fe8-48d8-822c-a6a893daf60d,43,Male,24,Month-to-month,Mailed check,118.57,2872.82,3,Yes
33579b27-5225-474a-b5b8-726ce462ff64,46,Female,7,Two year,Mailed check,106.61,744.9,8,Yes
88433a38-46d2-4109-895c-7ac8314aabdd,30,Male,40,One year,Mailed check,44.28,1838.57,0,No
abcec90f-70ec-441b-85d5-601651b3ccf5,18,Female,31,Month-to-month,Credit card,100.13,3104.84,6,Yes
2851a8be-2639-4214-85cc-aa931e1e5d91,51,Female,60,Month-to-month,Mailed check,119.72,7174.48,0,Yes
f5530567-03e7-4d21-9d4d-46d6460d113d,32,Female,37,Month-to-month,Bank transfer,26.42,941.26,6,Yes
1a354475-8399-4ac5-8f43-a2509f795228,26,Female,4,Month-to-month,Credit card,47.17,160.8,2,No
8ca33a54-59ae-4302-8ae3-297e34e24142,53,Male,51,One year,Credit card,58.49,3014.32,8,No
f17aa7a9-243d-416d-8563-abbe51883a26,66,Male,38,One year,Mailed check,103.2,3869.67,0,No
92f71993-4884-4b5b-8dd3-214cb4508610,65,Male,8,Month-to-month,Mailed check,101.9,873.75,0,Yes
4fb67094-123c-4911-abd8-ad4d3eacdb28,48,Female,57,Month-to-month,Bank transfer,76.73,4407.46,4,No
8a6342ca-56b7-479e-a46a-0b429cfecbd8,66,Male,17,Two year,Bank transfer,70.75,1141.83,5,Yes
076c108d-214c-47b1-8cfc-64207192e443,46,Female,46,Month-to-month,Electronic check,27.89,1443.74,2,No
0ceaaf73-aced-4d55-a73e-2bc578822064,69,Female,48,Month-to-month,Electronic check,103.46,4922.35,6,Yes
160beed4-0dc5-442e-a233-960a1b1e06c3,59,Male,41,Month-to-month,Bank transfer,79.85,3253.17,8,Yes
b465c027-2dd1-445b-a454-a82a6d2cdbf9,24,Male,57,One year,Mailed check,42.06,2366.41,3,No
a124fdb2-97be-4f31-a42a-a836989b68c0,24,Female,40,Two year,Credit card,46.61,1940.2,0,Yes
7222534d-b309-4e0d-b0ac-0677d60f8680,27,Male,33,Two year,Electronic check,45.13,1417.97,6,No
5513b74f-4ffc-4c54-9b0a-31ea9dc6d783,57,Female,51,One year,Credit card,105.25,5398.18,2,No
c226ab53-b680-473b-b2b9-c542d143e0a2,26,Male,1,Two year,Bank transfer,23.23,6.01,8,No
141b9098-8892-47fe-8f2e-45efabbe274a,42,Female,34,Month-to-month,Credit card,98.27,3389.57,1,No
c3b1927b-c178-4e77-ac3b-9258f943375e,69,Male,34,Month-to-month,Electronic check,37.88,1219.0,7,Yes
17c95aaa-21bd-45eb-915a-a3c07737cfb5,35,Male,58,Two year,Credit card,76.96,4433.24,9,No
b2d7692a-eb70-4da9-8d66-d79dd0170108,20,Male,11,Month-to-month,Mailed check,53.17,528.29,5,Yes
4f75d45a-74a1-4a0d-98e6-3a5577e0ee02,18,Female,46,Month-to-month,Bank transfer,116.95,5399.13,0,No
c438eae0-b5d0-4595-a4f8-9e23af39f2ce,48,Female,7,Month-to-month,Mailed check,104.53,819.02,0,Yes
f28bf846-3b50-4fda-b875-b1c777243aa3,52,Male,52,One year,Bank transfer,93.79,4909.5,0,No
e54ca6ca-dc70-4e22-a4ca-f1b8394a97fd,44,Male,44,Month-to-month,Mailed check,118.72,5296.74,2,Yes
5d0b042d-e9b1-4c76-820f-beef9defeab9,26,Female,39,Month-to-month,Bank transfer,31.02,1311.23,2,Yes
ead1d758-b319-418d-aef0-3a1b645f273c,25,Female,23,Month-to-month,Mailed check,108.56,2408.4,9,No
dc5cd673-c9ed-46a6-9490-5f79aa4946f4,20,Female,71,Two year,Electronic check,85.15,6041.93,5,Yes
7ccd3dc0-740a-4bed-9323-8affe1e538a1,60,Female,66,Month-to-month,Mailed check,109.08,7170.69,4,Yes
1ce62a9f-79af-4348-90bb-c60d07bf63ee,68,Female,4,Month-to-month,Bank transfer,28.27,87.78,3,No
d8842354-7613-4f44-ba88-f16259f8068e,37,Female,20,One year,Bank transfer,76.23,1651.85,9,Yes
593edc83-c497-40a8-8842-04d52bb9a661,58,Female,24,Month-to-month,Mailed check,43.89,1037.08,7,No
8208fd42-209c-44a5-931e-1d4d9abc9859,55,Male,15,One year,Credit card,45.17,715.34,2,No
b6da99cd-d14b-456c-a7db-09431a59c3eb,44,Male,32,Two year,Mailed check,35.55,1129.8,6,Yes
8e5fd65f-536c-42d0-9b63-205fcbf85149,62,Female,56,One year,Electronic check,55.86,3056.04,3,No
4d579d00-cadc-410f-9228-130ba64272a2,20,Female,51,Month-to-month,Mailed check,114.68,5795.63,4,Yes
972d5d57-669b-4896-b602-72ba8862036f,29,Male,60,One year,Credit card,65.7,3887.26,5,Yes
3e628981-9ef1-474f-bd13-452669d75427,28,Male,28,Month-to-month,Credit card,39.17,1102.86,6,No
7b7ce7cc-f950-47fa-a8b5-8db58c466308,56,Male,43,One year,Electronic check,56.01,2447.75,9,Yes
354f184e-5739-4b03-90e9-4dce6241cba3,50,Male,56,Month-to-month,Mailed check,109.25,6040.77,2,No
6e5fbf71-9749-42b0-b1ad-e82ad05cc78d,60,Female,52,Two year,Credit card,63.03,3421.26,2,No
9134c0b7-6f73-473b-baee-bacdc8c8ccf9,46,Female,54,One year,Credit card,23.98,1250.21,6,No
b1b2b5f8-8b66-4d1f-979a-7954c98e3f5b,49,Female,38,One year,Credit card,44.06,1746.52,5,Yes
ab6b3f08-a9a0-44ef-ac4f-54163c749c16,51,Male,70,One year,Mailed check,33.6,2302.72,4,No
b63fa809-ee4d-4dec-bd47-288513f0e33f,19,Female,52,Two year,Credit card,35.42,1780.52,0,No
1d444351-7c93-4dc3-9635-212d92fe00e8,34,Female,22,Month-to-month,Bank transfer,102.34,2256.81,6,Yes
534bfa86-7681-4ad7-9898-6758979800c3,22,Male,30,Month-to-month,Credit card,23.58,708.82,7,Yes
71f9b0e2-d270-4a52-98ff-d8ad8e1a3a51,47,Female,14,One year,Mailed check,53.67,763.33,1,No
67e2189b-f4b4-4704-8edb-6dc82d19bd52,65,Male,14,One year,Mailed check,71.18,999.5,1,No
af7d7f21-1bd6-403d-9927-839b11d1ce50,30,Female,36,Month-to-month,Bank transfer,69.96,2496.43,4,Yes
d1e2b878-c576-426d-98ae-0666d066ad21,33,Male,47,Month-to-month,Mailed check,32.65,1638.11,7,No
a51e01ad-7e8a-4078-93d1-06cb61004ffe,60,Male,17,Month-to-month,Electronic check,63.7,1082.54,6,Yes
37b567b4-172d-4bd0-8fbd-4c81a9008ecd,18,Male,55,Month-to-month,Electronic check,57.37,3031.22,4,No
94ad345a-e323-4264-a390-0c1dd1291d13,25,Female,25,Month-to-month,Electronic check,116.36,2923.08,0,Yes
cf51a203-a2d9-49ba-8146-ed52e73bc913,29,Female,35,Month-to-month,Electronic check,91.48,3204.1,4,Yes
a92f85fe-258f-4afc-81cf-d878000c14a5,32,Male,23,Month-to-month,Mailed check,69.21,1578.65,9,Yes
4a9ff50e-8800-41b6-b3f6-21a826330c43,46,Male,56,Two year,Mailed check,58.95,3331.7,9,No
7279101c-93f3-403d-9d96-232d63d5e750,26,Female,30,Month-to-month,Mailed check,88.91,2679.39,3,No
e09ef2a3-ae77-4249-b4a6-3e7632173525,56,Male,12,Month-to-month,Credit card,69.73,770.66,1,No
cb5a4d77-91fd-427f-8cbb-7460510c8c48,20,Male,69,Month-to-month,Bank transfer,38.81,2680.27,8,Yes
eb22ec1d-4df6-4f4f-adf7-92ffe9c7c13a,19,Female,9,Month-to-month,Electronic check,22.98,290.74,6,Yes
b7c12a4c-6f4a-454f-afca-07aef17e4a71,41,Male,45,Month-to-month,Mailed check,87.65,3907.87,4,Yes
fd8398c3-5821-49f8-aa45-2afdfb8a61eb,25,Female,33,One year,Mailed check,87.24,2813.44,1,No
9c8aa872-0214-4a68-952d-986c16db8a18,47,Female,7,Two year,Electronic check,92.11,606.72,6,No
d8feb8de-6779-4b58-82ab-23a0fc862110,20,Male,18,Month-to-month,Electronic check,105.9,1827.31,1,Yes
0ffa2366-4b4f-4faf-9a3d-c78020a77d78,63,Male,29,Month-to-month,Mailed check,78.31,2250.03,8,Yes
f7c8435f-8c83-4c68-a6ac-e59a5e85643c,19,Male,56,One year,Mailed check,93.36,5210.72,9,No
8f5e248e-b40f-440e-8037-447f0d99c071,31,Male,69,One year,Mailed check,90.31,6218.81,6,Yes
1c153057-5bf7-44cf-ba8b-d601d21ce315,42,Female,6,Month-to-month,Bank transfer,37.26,282.29,1,No
07fbb920-dd9d-4e4d-883e-dd69dc7abd16,55,Female,3,Month-to-month,Bank transfer,37.29,145.95,0,Yes
9714fadc-b3c4-4030-ae84-e8323c38c3f0,67,Male,13,One year,Bank transfer,89.02,1276.28,4,No
b636cc4c-5170-4a8a-a00e-0b6064eec4c1,61,Male,39,Month-to-month,Electronic check,70.35,2778.59,0,Yes
6f689d65-61ae-4f21-a7f1-c18b61fe800a,67,Male,9,Two year,Credit card,63.2,493.73,6,Yes
2c649adf-a998-48e1-b612-41be8b8ce7be,29,Male,32,One year,Bank transfer,118.18,3769.89,2,Yes
8e301bcc-302f-4247-a39a-046d79912c51,66,Male,2,One year,Credit card,107.15,194.18,3,Yes
5c3bd3b5-ecaa-4afb-97e4-527a6274d240,18,Male,26,Month-to-month,Mailed check,26.31,711.47,8,Yes
49d93a08-277e-4fbc-aacf-f20fd707cb6d,54,Female,61,Month-to-month,Bank transfer,109.25,6669.9,2,No
2023fd4b-ab89-436b-9f6b-9b3fff594778,43,Female,44,One year,Electronic check,30.48,1471.89,3,No
a5fcd671-125d-4206-82f8-65f8226001c6,52,Female,48,Month-to-month,Credit card,57.85,2818.2,3,Yes
e288109d-b8a9-4014-a4dc-ea0704056d2b,38,Female,66,One year,Bank transfer,90.24,5969.57,0,No
f997f697-6fcd-4f50-a86d-e2517c98756f,62,Female,11,One year,Electronic check,89.13,929.25,5,No
2320de16-15ac-40e4-a2c2-3308fd7ee75c,38,Female,35,One year,Electronic check,33.26,1153.18,1,No
dc32f8a0-6a75-40e2-8e52-309da46a07c2,25,Male,49,Two year,Credit card,110.12,5429.2,3,No
b2051cec-c9f7-469f-a4c1-d21074be4b20,58,Female,26,Two year,Credit card,95.8,2551.31,3,No
9f8d367d-6cfa-42dd-ae28-dccd9abbe46b,54,Female,13,One year,Bank transfer,104.68,1405.57,0,No
6c936f69-8269-441a-b453-30442e07336d,39,Male,67,Two year,Mailed check,64.33,4337.19,3,No
627ca9f7-7336-4302-91f0-33748d532691,49,Male,22,One year,Bank transfer,116.12,2516.06,2,No
6cbdd931-2f90-4058-b9ca-28265af56a23,50,Female,19,Month-to-month,Bank transfer,51.98,1023.82,7,Yes
7f8736f1-93f3-4702-81e6-ee9a9ac55023,23,Female,65,Month-to-month,Credit card,88.39,5731.03,1,Yes
b64e26cf-3c9b-4542-bb1d-23a8d8c823b0,19,Male,62,Month-to-month,Electronic check,22.21,1361.83,6,Yes
ed3353fc-692c-4aae-84ed-98e280714c8a,55,Female,41,Month-to-month,Electronic check,101.27,4141.19,2,No
0890f506-5df1-4f6f-938b-d3f88bd18d4b,39,Female,56,Month-to-month,Mailed check,90.94,5077.47,1,Yes
7bb775d4-9172-4023-89b1-85d6fa6d81ee,57,Male,41,Month-to-month,Bank transfer,24.35,991.05,3,No
948c7eb4-1cf8-470b-9e5b-2ad8b4732eb6,44,Male,26,Month-to-month,Electronic check,117.32,3017.66,2,Yes
147f0413-b0c4-4ddc-b634-71f87b45bd9c,64,Female,28,Two year,Credit card,53.88,1538.24,7,No
86c2ad8f-bb36-47b0-baed-6f49245fd841,18,Female,61,One year,Bank transfer,35.3,2249.55,4,No
c02627d1-fbd1-40c0-9bfe-679afbcbd6ec,43,Male,29,One year,Electronic check,89.65,2584.44,0,No
8456ce4f-7706-4136-8788-17ecc764032e,24,Male,70,Month-to-month,Credit card,40.07,2854.01,9,No
9c2d9672-e3d1-403c-85fa-b5ea14072edb,37,Female,6,Month-to-month,Bank transfer,62.16,273.33,0,No
a1731ed8-78f2-461c-bec7-7a8f16a46b83,18,Male,8,Two year,Bank transfer,83.59,794.39,3,Yes
ab310bfe-f5dd-4f92-a9ea-a9ffbddf2416,53,Male,30,Month-to-month,Bank transfer,50.02,1494.93,7,Yes
8a08d40e-a239-4ad5-af1f-798c13fd2d26,41,Female,15,Month-to-month,Bank transfer,27.81,485.95,9,No
9cf021b8-4fff-4b59-9462-8786cc502a89,39,Male,15,Month-to-month,Bank transfer,89.53,1292.83,0,Yes
88f7f097-57f2-445f-a751-5d4b0d829d52,46,Male,10,Month-to-month,Mailed check,26.31,256.85,4,No
743b9f71-7807-4947-82c2-b367c74d8df0,56,Male,69,Two year,Electronic check,104.97,7232.22,1,No
92ef63c1-781f-4d3f-a7f3-39dc833de3ad,69,Female,33,Two year,Electronic check,27.79,849.33,5,No
5a589b67-6bc7-4635-94de-19cdbbdb4536,35,Female,48,One year,Mailed check,48.17,2349.68,0,No
4b6c14e4-cc58-4b60-ba4e-8355f5e8a7e1,19,Male,66,Month-to-month,Electronic check,104.67,6859.84,2,Yes
b1eedf64-090b-43ed-aae1-d0bc4a099088,25,Male,8,Month-to-month,Mailed check,63.64,493.96,4,No
4dd7962b-bfda-45c9-98fe-b4f3ec40d95a,45,Male,2,Two year,Bank transfer,39.37,115.12,4,Yes
42ac66dc-904f-4df7-88f7-2c2dba1ad160,34,Female,47,One year,Credit card,61.34,2834.66,1,No
94010dfe-7921-4c7c-a119-ceee0fb91307,67,Female,33,Two year,Mailed check,26.0,843.93,2,No
a8049463-0d36-45e4-92a6-f3e62b48c6e6,52,Male,15,One year,Credit card,73.14,974.62,4,Yes
bcc4f0db-cf13-4b3d-8ab0-5699fd888cbd,56,Male,7,Month-to-month,Credit card,56.64,377.86,9,Yes
7c193e6f-496c-403a-86fd-01e69fd33d40,25,Male,67,One year,Mailed check,109.79,7434.2,3,No
13ad3ead-816e-4f32-a077-5ce4151f62f9,29,Male,22,Two year,Electronic check,119.03,2575.88,6,No
408669bb-4721-494b-88a4-ae21d9f850e9,47,Male,26,Month-to-month,Bank transfer,107.85,2863.08,7,No
4674a0eb-47ed-46dd-9da4-ec0f21ee0f6c,64,Female,58,Month-to-month,Bank transfer,97.91,5607.93,7,Yes
bdce4d4d-03a2-4ee9-81c7-d9b3db9c9b7c,55,Male,8,Two year,Credit card,58.16,494.35,3,No
e8fe6095-2cb3-4e23-9a94-0c6c1c8e806b,69,Female,41,Month-to-month,Mailed check,114.82,4722.22,1,No
a8be6c80-26b0-42c9-bd2c-f4eb977e3f2c,26,Male,2,One year,Mailed check,55.41,248.26,9,Yes
2ce6f908-cece-45d3-9ea9-09ef7257dcb6,40,Female,7,Two year,Bank transfer,36.65,200.87,4,Yes
3c775558-b365-4b7c-8853-bc5542e17302,38,Female,35,Month-to-month,Mailed check,47.82,1664.06,9,No
8702f4ad-cca3-44c4-ae49-82cf7c239ebc,68,Male,27,Two year,Bank transfer,34.39,953.0,7,No
fbec1ed8-57c4-42c3-8878-9ef0dcacfa54,41,Male,37,Two year,Bank transfer,73.94,2781.29,4,No
987593c3-2523-42f6-b7a3-f6a6159b558b,37,Female,44,One year,Electronic check,68.14,2996.92,0,No
d66de2a1-2776-44d0-925c-7d37ef16d03b,67,Female,60,Month-to-month,Bank transfer,20.36,1233.15,5,No
69b6f3b7-fe5b-4fc9-80b4-f6d67ef6775b,48,Male,6,One year,Credit card,70.3,406.23,3,No
a9217ddc-3cea-4f89-a217-3b7fc536d2ce,63,Male,37,Month-to-month,Bank transfer,85.12,3243.66,1,Yes
2ad3136f-a338-47fa-b9db-138870aff6eb,60,Female,1,Month-to-month,Bank transfer,23.37,47.1,1,No
d7825ea3-bbff-46e9-93e7-e89335fab528,37,Female,31,Two year,Bank transfer,79.85,2477.94,0,No
43af6c46-a46b-4932-8de8-4b635856e1fc,36,Male,64,Month-to-month,Mailed check,79.94,5077.64,8,Yes
0d722918-1db1-4e86-91cc-c8d3c1676505,44,Female,6,Month-to-month,Credit card,118.34,666.44,4,Yes
79ea5621-6614-43a7-b6c9-aeb22ae7dc19,28,Female,43,One year,Mailed check,47.7,2010.2,6,Yes
f2c0a0cf-bf03-48c2-b9ec-958b4d266574,18,Female,64,Month-to-month,Mailed check,63.19,4025.93,6,No
3bd13a43-8853-490b-ac26-4a0cc09f1c91,23,Male,6,One year,Credit card,55.99,297.3,6,No
63dba8c8-b4a2-4699-aefa-823b613a9ff9,66,Male,3,Month-to-month,Mailed check,59.85,151.32,3,Yes
87cb0e2a-2528-4a1b-833b-66fc797eb3e4,45,Female,32,Month-to-month,Credit card,42.39,1352.37,4,Yes
49ee4969-0309-44c0-af4a-bfccdeca8598,34,Male,10,One year,Mailed check,77.64,854.9,9,Yes
61cb0527-72e5-4892-8c1c-7204ed5e749b,39,Male,28,Month-to-month,Credit card,70.13,1901.51,7,No
87beb021-f636-44f5-90d0-f83dadb1be7a,56,Male,18,Month-to-month,Bank transfer,118.88,2166.25,9,No
18ecde2b-0a80-4167-b4b3-f20eaed0fb57,44,Female,33,Month-to-month,Credit card,66.66,2134.2,2,No
5a947a40-a32e-4ab5-8802-d74aeaef2ec2,37,Female,4,Two year,Mailed check,81.83,387.5,6,Yes
9c48c830-6e89-44f4-9820-10d1f4c873a7,57,Female,16,One year,Mailed check,41.78,637.26,3,No
45c87f41-dbbd-4290-a6ed-caddeb04cd29,33,Male,24,Two year,Bank transfer,85.05,2054.69,7,No
cd649aff-445f-4de1-8534-17b555c06c8e,26,Female,53,Month-to-month,Credit card,52.14,2780.1,7,Yes
958c9cfd-a783-4a8f-815e-38051928aae5,46,Male,64,Month-to-month,Electronic check,23.93,1572.05,9,Yes
acdfe0ff-c5ed-4982-b60b-36736422a73e,66,Female,33,Two year,Electronic check,40.02,1316.33,0,No
ac00f929-bbfb-476c-bde6-67f9bfc46c0e,52,Male,10,One year,Credit card,104.52,1013.8,1,No
851b9860-31e6-4645-853f-4f7e96b6a287,64,Female,16,Two year,Credit card,30.05,492.62,4,No
fe43541a-b0b6-448c-ad7e-eff756604762,61,Female,23,Month-to-month,Mailed check,92.27,2105.77,5,Yes
02b53d3d-8c30-463f-9032-739c2e0f0484,61,Male,9,Two year,Credit card,63.29,532.5,2,No
11654cb3-d4e9-4a65-822b-7e76ac3cbe34,65,Female,50,One year,Mailed check,108.01,5399.52,8,Yes
8677b81d-1902-493b-a947-9974030fe73e,26,Female,13,Two year,Mailed check,107.39,1426.35,8,No
59fcfaeb-7229-44a9-af7c-e6091a99aae0,36,Female,11,Two year,Electronic check,96.56,1083.24,7,No
407c4370-4886-474c-b9aa-06f5382bab11,25,Female,36,Month-to-month,Electronic check,49.59,1852.7,1,Yes
9e90d107-0611-4bfe-88b6-f61d316da914,28,Male,50,One year,Electronic check,84.07,4156.87,4,No
98197749-f041-44f7-8e8f-d00b178976de,18,Male,40,One year,Mailed check,101.58,4109.15,0,No
3781d306-d5e0-4664-a4db-04c8a8174c85,35,Female,2,Month-to-month,Electronic check,97.28,251.49,3,Yes
1f2da344-a359-4667-9971-4b2bf3533e8a,27,Male,23,Month-to-month,Mailed check,34.92,721.59,6,Yes
161d6acf-1eb6-41f0-b532-1352b54468e4,61,Male,59,Month-to-month,Credit card,91.21,5417.99,0,No
603ecfef-2141-4a14-9acc-b00ddb3fb4a2,20,Female,55,One year,Electronic check,98.29,5404.42,3,No
a5dd2836-e65f-49fa-838c-2eafa8097a77,31,Male,35,Month-to-month,Bank transfer,71.17,2594.01,7,Yes
2f4cfefb-f798-48a2-8d9e-84ec90e9e294,42,Male,45,Two year,Electronic check,94.21,4268.94,1,No
2f2bdc13-b216-4b5a-9c60-57fee5605cfb,22,Female,55,Month-to-month,Electronic check,60.84,3312.73,3,No
a9151364-778a-469f-8b68-d94d40da9c7d,66,Male,21,Two year,Electronic check,87.44,1815.11,4,Yes
7414e3e1-a387-4e92-9362-0119efa9a0a3,55,Female,37,Month-to-month,Mailed check,110.51,4070.37,1,No
c4f4b844-46c1-42a5-bec8-8839ec35c3de,18,Male,13,Month-to-month,Mailed check,63.74,820.19,9,No
aae6787e-e744-4a30-b135-6d676d4ec8a4,53,Female,26,Two year,Electronic check,113.1,2771.24,6,No
41e0cfaf-52ca-4ced-8526-8f0fc516e394,29,Male,45,Month-to-month,Bank transfer,104.45,4649.55,8,Yes
46fc4ff2-12f1-48bd-87de-01a929769b0f,26,Female,27,Month-to-month,Electronic check,25.16,693.26,8,Yes
637aa999-61ff-4d9a-8ff8-9e8ac6f06a71,36,Female,39,Month-to-month,Mailed check,92.99,3498.19,8,Yes
421becca-0f60-40f3-bef7-24105528dc45,26,Male,70,Month-to-month,Electronic check,68.68,4841.26,0,No
2d8cc973-43c1-436c-9013-b7a3f4a29332,40,Male,28,Month-to-month,Mailed check,51.0,1422.57,4,Yes
fabb6609-7de1-4a85-91c4-194a70c98336,45,Female,68,Month-to-month,Bank transfer,79.62,5465.75,0,Yes
6483b0e7-9c3c-4e9d-b35f-0d14edb7d4e4,34,Male,42,Month-to-month,Credit card,47.25,1957.38,9,No
1bc2197e-7df7-4791-a53e-62ba2dae62c0,54,Female,59,One year,Electronic check,83.21,4786.12,1,No
6e66a273-c4ca-40d7-8a66-de6724d4d5a3,25,Male,52,Two year,Credit card,82.7,4340.21,8,No
1b332e43-a4b1-4f6a-9d2c-e51b37e82d71,49,Male,65,One year,Electronic check,110.63,7197.23,6,No
424d9430-b724-49b7-b10b-7fa9e9a0c20d,52,Female,35,One year,Electronic check,49.75,1771.72,7,No
12068ad6-12aa-4a4b-88ec-a4c81a71064d,24,Male,23,Month-to-month,Credit card,104.2,2399.41,3,Yes
c6f903cf-4027-4514-ba40-662f9243a301,59,Male,5,Month-to-month,Credit card,64.71,446.68,9,Yes
7f695b97-e581-4601-84cd-c4e87225539d,30,Male,68,Two year,Mailed check,53.49,3722.28,3,No
0038dc84-a3ed-433a-a722-2ea2261b5048,45,Male,31,Month-to-month,Mailed check,21.52,713.56,7,No
63f6bf77-aa23-4ba2-89af-9883eed21f94,58,Female,23,One year,Mailed check,38.63,939.12,9,No
546fcba3-b336-4143-a6cf-bf5144352e6f,30,Female,51,One year,Electronic check,94.26,4744.68,5,Yes
00f2baa4-931b-4fae-a42e-3a16e79503fb,64,Female,57,Month-to-month,Credit card,28.7,1636.98,3,No
c55fa445-f09e-4302-b525-a4d983f023fd,64,Male,2,Month-to-month,Credit card,102.58,128.34,2,Yes
6766d37b-6fa1-49a5-ba67-58707d9d2b3b,65,Female,12,Month-to-month,Credit card,38.23,591.76,0,Yes
cff14c0e-c7eb-4d43-ba4e-f72fd8139af7,24,Male,36,Two year,Bank transfer,60.62,2193.51,8,No
39d11950-8a45-402e-91f2-0d9bc90ec689,61,Male,66,Month-to-month,Bank transfer,25.3,1598.15,3,Yes
b0736dd1-f443-464c-a269-9a4400d8c046,65,Male,16,One year,Mailed check,113.39,1886.42,4,No
1f0733df-7b68-4323-87a2-ee6fd166eb08,33,Female,59,One year,Mailed check,73.83,4304.66,0,No
fdd99681-ef5e-4ca5-8909-b0039136e530,66,Female,48,One year,Bank transfer,65.09,3076.49,4,No
4d862412-ae8c-497b-955c-4e185be2124f,37,Female,53,One year,Credit card,112.51,5945.25,3,No
ff3c6d4e-a1dc-4cab-8e21-3ce5668eb10e,44,Male,15,Month-to-month,Mailed check,116.67,1782.78,2,Yes
5d87edd2-1735-436b-a5a6-ab3af5757b77,59,Male,51,One year,Bank transfer,88.72,4444.38,9,Yes
570e5af5-f5ff-4705-9a74-a05688dd44cc,38,Male,34,One year,Mailed check,40.29,1382.32,1,No
c2ad0d97-75aa-4cb0-9757-ad381498d0dd,53,Male,12,Month-to-month,Mailed check,73.26,912.42,0,No
33ffb402-a5d5-4bf9-8a3a-bb3ac439dfcf,69,Male,52,Month-to-month,Electronic check,42.88,2223.96,1,Yes
f7aeede8-0a11-4bac-8df2-1ad52d36db7e,61,Female,34,Month-to-month,Electronic check,67.42,2328.45,0,Yes
4c82c445-30e5-4543-a925-de8562588ce9,26,Male,49,One year,Credit card,48.28,2314.73,2,No
1b552618-e57e-42d3-a3dd-e733b225574e,21,Male,51,Two year,Credit card,62.42,3173.57,7,No
7c8b7f1e-5bf8-4967-b057-fcd4a1701e8e,18,Female,58,Two year,Credit card,39.63,2286.53,3,Yes
701fb3ea-a1fe-4bc6-a29d-650a15b98c20,18,Female,44,One year,Mailed check,42.2,1903.35,6,Yes
092385fe-23d3-4d22-b080-bed6bc3e34af,42,Male,16,Month-to-month,Electronic check,113.56,1848.22,6,Yes
ff12fe28-b840-4136-867e-4b72316e8645,44,Female,43,One year,Electronic check,21.67,990.03,6,No
638644e0-7d3e-4830-bd0d-5c8f97cb4585,49,Female,62,One year,Mailed check,58.49,3622.02,3,Yes
a4b65cfa-8a61-4e64-8af0-f442102048e6,37,Female,71,Month-to-month,Credit card,24.85,1716.83,7,No
f7073712-88b0-4b77-bfeb-4cf34ec77371,42,Male,50,One year,Electronic check,21.9,1080.92,0,Yes
f7716700-7305-4d23-8fd0-b040d5916d49,22,Female,35,One year,Bank transfer,101.7,3519.94,2,No
56db638a-097b-4119-8433-fd20feeef3e1,63,Female,2,Two year,Mailed check,119.38,301.77,9,No
b8943df8-c9ab-4a91-9674-b9e20e5995aa,61,Female,33,One year,Mailed check,117.06,3861.19,0,Yes
36308a60-1e41-42bb-a7cf-5ce00af5e4a9,50,Female,36,Month-to-month,Credit card,114.59,4165.11,9,No
85eb2b3f-aad5-4fb8-a762-b59cce9e5929,24,Male,56,One year,Credit card,29.48,1651.58,2,No
dec56dc3-ad96-4213-b0a9-b97f7557c28c,21,Male,42,One year,Mailed check,57.16,2351.15,4,Yes
bdb58d06-2621-432d-895c-167fdfcf338c,45,Male,9,Two year,Mailed check,53.08,433.74,3,No
1270c935-ecc0-4aa6-bba4-f2ba94500024,51,Male,49,One year,Mailed check,23.41,1088.3,0,No
7d283421-243f-45fe-bc47-16ad0970d09d,49,Male,68,Month-to-month,Mailed check,68.11,4623.95,3,Yes
e83cdff9-78a1-4988-84e1-502aa76180c7,22,Male,64,Two year,Electronic check,27.48,1698.86,1,No
3e20718a-0bb9-48f6-9e4d-a214eb034c4e,34,Female,70,Month-to-month,Electronic check,88.52,6280.05,7,No
03ad702e-216a-4bcf-a616-dde4b388300a,23,Female,49,Month-to-month,Bank transfer,104.62,5106.72,4,No
e797f3ae-0cca-4c05-a1f6-19ed2c1882c9,58,Female,5,Month-to-month,Mailed check,118.19,651.16,6,Yes
18e824e9-cb2f-4bc3-921b-f7334eada8d3,32,Female,2,One year,Electronic check,119.23,350.15,8,Yes
d5d9a385-2bb2-4cbc-9c79-4cdb74c88361,18,Male,40,Month-to-month,Mailed check,96.0,3824.38,4,No
d145bd7f-d15b-4a37-905f-86aa974e8f83,56,Male,54,Month-to-month,Electronic check,41.8,2186.07,1,No
98507072-7f44-4bca-9d3a-e1311b388581,25,Female,43,One year,Bank transfer,42.88,1966.54,7,Yes
1027fbf7-3877-40f0-9d99-d4c5cc96bf43,30,Female,64,One year,Mailed check,83.64,5285.52,8,No
565c1e3f-6d1c-41d6-b3e0-4a38cdf0aaba,43,Female,56,Month-to-month,Credit card,86.36,4781.9,5,Yes
bce8e033-fb70-4bf3-95fd-46d7cfbfd796,25,Male,45,Two year,Electronic check,63.67,2888.82,9,No
1eece891-5301-4fb9-a6ea-0949adab7b01,46,Female,17,Two year,Credit card,77.54,1307.34,1,No
8bbf1b30-9372-42e6-af20-6a9df9d18507,54,Female,11,Two year,Bank transfer,95.57,985.94,1,No
f6f61488-d620-45f0-9253-b6f72328051e,37,Male,63,Two year,Mailed check,78.38,4961.39,9,No
0bab8f53-c3a4-404f-b696-5c84cb08b605,22,Male,28,One year,Credit card,44.07,1278.86,3,Yes
102f4f5c-55e3-4295-ac67-10bd97d46f61,32,Male,4,Month-to-month,Credit card,48.36,240.38,4,Yes
c1eecd7a-2428-485a-861d-e0171ee92d3b,24,Male,54,Month-to-month,Bank transfer,50.96,2750.75,1,No
5eb38ef5-b240-40ca-ab05-61676a478ddf,37,Female,43,Two year,Mailed check,46.62,1969.47,2,No
3e5f7e23-704c-49e2-aa3d-d7698dac210d,53,Male,15,Two year,Credit card,100.61,1489.98,2,No
22249813-0a6b-4e3d-94fd-0594ecf91245,57,Female,59,Month-to-month,Electronic check,90.3,5306.52,4,Yes
a1d78199-d8ed-4649-8a82-673019977e2e,37,Male,49,Two year,Bank transfer,76.25,3744.35,8,No
28628b4e-c714-4549-a04a-1fe29cc8f772,19,Female,9,Two year,Mailed check,97.56,863.97,7,Yes
14aa3ca3-7ca9-468f-a12f-3b2104005940,22,Female,44,Month-to-month,Credit card,92.56,4076.91,3,Yes
ed174fdd-2dee-403e-81d9-6e9601a02047,58,Female,31,One year,Electronic check,48.98,1508.93,1,No
97feb937-a6d9-47a1-b4ec-fe8d16d1f5ca,28,Female,12,Month-to-month,Mailed check,106.2,1236.79,4,Yes
b189727f-6a8d-4a70-88a2-a172e30cdee2,39,Male,28,Two year,Mailed check,107.17,3046.0,3,No
79dbf407-c5c6-4b7d-8ad0-4982ceb28a32,29,Male,27,Month-to-month,Bank transfer,31.9,816.16,2,Yes
24a167fd-34c6-4a9b-a07c-0594b13e655f,40,Male,28,Two year,Credit card,60.83,1583.27,7,No
734eab10-85e9-454f-855c-f668a3cb9e18,21,Male,14,Month-to-month,Electronic check,40.94,570.52,1,Yes
2caf3d2f-f026-4418-bd3f-bbec697ae294,57,Female,41,One year,Electronic check,65.08,2696.24,4,No
98a547b2-09a1-4b34-b111-84e79c4c37b3,43,Female,24,One year,Bank transfer,108.27,2591.47,1,No
9caf4bfe-7ff8-42c6-b79a-566b2e1482be,56,Female,39,One year,Electronic check,55.23,2220.02,0,No
d3946dc7-a08f-41c6-9688-8e84f346bbe7,62,Male,22,Month-to-month,Credit card,37.93,817.87,4,Yes
6b358d15-590c-4e67-8d1b-6d80c8575c8a,58,Female,42,Month-to-month,Bank transfer,37.26,1604.23,8,Yes
31208bde-3c52-468a-8ec6-1be5012b809e,21,Female,46,Two year,Bank transfer,113.2,5193.83,6,Yes
fa0f01a4-87bb-4f6d-bc92-0c731e14fe04,60,Male,68,One year,Bank transfer,90.28,6186.68,7,No
dcdbf14e-5ca5-4057-9e71-9a56187ebca4,30,Male,29,One year,Mailed check,20.23,628.02,2,No
81ee30e4-8a2b-466e-bc9d-c0d0c2d94cc9,54,Female,29,One year,Electronic check,111.21,3192.91,8,Yes
a05ff5e6-c534-4e41-b6d6-dc3938227b0d,65,Male,47,Month-to-month,Bank transfer,53.72,2500.96,2,Yes
0d95ee72-46c3-4497-b546-9cb1a8c9aa31,36,Male,32,Month-to-month,Electronic check,70.37,2203.09,7,No
26331cc6-cbee-43e3-9cd8-89e231979167,49,Male,11,Month-to-month,Credit card,32.47,409.4,9,Yes
e9570a2a-f7f4-4477-9802-13baaf6c2278,27,Male,21,One year,Credit card,96.68,2037.58,1,No
28e60130-2d23-4ed1-bf5d-21f279731ea8,58,Female,4,Month-to-month,Mailed check,55.86,248.31,8,Yes
0dd4c0e6-0b09-4fcc-ac34-4cf0ab8e77a1,40,Female,16,Month-to-month,Electronic check,70.11,1123.4,0,No
35a7ac9b-48f9-4d0d-9d3b-c1d3a5159982,58,Female,16,Month-to-month,Electronic check,53.22,820.59,0,No
9de7df7b-5594-452b-805a-8e7e6f46a41f,31,Male,48,Two year,Bank transfer,108.71,5116.37,3,No
74017bb3-c227-4738-a3dc-419dce1e8d1f,30,Male,33,One year,Bank transfer,34.9,1121.53,9,Yes
0d6dcb42-bd8b-4603-9abb-574e0b16dac4,43,Male,24,Month-to-month,Mailed check,71.76,1798.68,9,No
2875ad5d-2d06-4862-8990-779cecc3b699,35,Female,20,One year,Electronic check,28.79,554.56,8,Yes
83d0bae7-7c2c-4bcf-8770-d18fc9160147,68,Male,15,Month-to-month,Mailed check,112.33,1651.76,6,Yes
3c3c9c08-e523-48a9-9223-d9061db67101,55,Male,52,One year,Electronic check,91.78,4800.94,2,No
946b4482-97bb-4fbf-b1df-c82cb8addf54,39,Male,10,Month-to-month,Electronic check,103.81,954.85,8,No
bf4113cb-32e1-4f17-ab47-ed615372ebed,20,Female,30,Month-to-month,Bank transfer,73.12,2170.75,3,No
3ae56c8d-5360-46e7-a5fb-c1c0ad463549,38,Male,34,One year,Credit card,32.86,1130.23,4,No
3a4fece7-537d-46c6-9c31-aaf3c76aec88,41,Male,65,Two year,Electronic check,21.83,1491.11,0,Yes
699fdb02-bcdd-4b48-bcb3-c9fa191abb3d,43,Male,6,Two year,Electronic check,41.1,257.23,8,Yes
e43081aa-6022-43ff-b330-4e33deb0de7d,63,Male,4,Two year,Mailed check,106.73,465.15,6,No
95c89b2d-7892-4145-92d2-d7e6387d5add,21,Female,48,Month-to-month,Credit card,36.67,1768.98,4,Yes
6f94da50-e3f7-43a7-8de9-2f1b7c0224e5,22,Female,14,Month-to-month,Credit card,29.05,390.92,1,No
9c03d65c-ed8a-428c-b756-999b251adf0e,44,Female,15,One year,Electronic check,56.16,889.73,2,No
5f9cb7e0-6328-443e-ad95-63ed747a4829,30,Male,1,One year,Bank transfer,108.65,168.33,9,No
31b42308-b846-4413-b52e-761322eb69b1,38,Male,12,Month-to-month,Electronic check,94.82,1137.43,7,Yes
450ab36d-f9be-47f3-9bcc-90fca1cc22d8,49,Male,5,Month-to-month,Mailed check,24.51,59.07,0,Yes
083759f8-2090-435e-95fc-f99133c417d5,38,Female,49,Two year,Electronic check,104.73,5146.4,9,Yes
47d5ac92-0f45-45da-9194-1591b134b58f,26,Male,48,One year,Mailed check,97.94,4745.17,2,No
772d416d-da05-42fc-9c71-a82122f1c32b,43,Male,31,Month-to-month,Electronic check,102.67,3237.07,0,Yes
c2a59d7b-2bd3-4971-ab10-b78675656daf,41,Female,4,One year,Bank transfer,56.67,191.57,2,Yes
4b8fb475-e2eb-42d2-b848-52b657f498e0,69,Male,57,Two year,Bank transfer,39.87,2302.46,6,Yes
cb68a34e-ca1f-4ff2-a823-442c9a87e357,38,Male,32,Two year,Electronic check,96.63,3097.18,9,Yes
e7d3f770-9c8d-4ade-b3e8-16b5a353ea98,23,Male,42,Month-to-month,Credit card,71.01,2963.68,4,No
8d8164b0-f85a-4287-93ff-c45f2b80e44a,45,Male,21,Month-to-month,Electronic check,23.91,568.63,1,No
6964eb16-1623-4e87-bacd-c514dae18b28,45,Male,24,Two year,Credit card,104.64,2503.92,2,No
dcb913b4-7d3d-46ca-8592-a38fdb62a1f7,57,Female,39,One year,Electronic check,57.16,2254.29,1,No
7936931e-9771-480b-b768-c85bfee3dbaa,53,Male,27,One year,Electronic check,94.8,2590.31,3,No
03b68657-4777-4e21-b677-a166d644e9ae,65,Female,24,Month-to-month,Bank transfer,29.34,762.21,4,No
df629d0c-bc76-47a0-ad98-a416bae27198,30,Female,22,One year,Bank transfer,114.17,2436.64,6,No
6f2aec8a-53c9-4acb-bf71-e1ae3f24ba6a,32,Male,29,One year,Credit card,119.79,3527.45,1,No
ed6f4ee3-e44e-4cd1-b8ef-a3bc9457f388,57,Female,12,One year,Credit card,80.92,964.42,0,No
e9ebd446-2622-40d6-b23d-9820977e5877,21,Female,3,Two year,Credit card,74.52,276.44,6,No
6af31899-014c-43a1-a5f3-d46692de0df8,56,Female,26,One year,Mailed check,68.97,1671.54,1,No
fdc419b2-0a41-4919-8b52-46f3faed5777,40,Male,21,Two year,Mailed check,91.05,1864.55,2,No
81145252-c4c3-4368-bbc5-1a50787cb0d3,64,Female,60,Month-to-month,Bank transfer,29.55,1739.53,8,No
64f22a7c-87f7-47fa-acfa-855f089b5b49,58,Female,69,Month-to-month,Electronic check,102.87,7101.52,9,No
b257e257-cc4a-402c-8f49-94e07ab16533,41,Male,29,One year,Credit card,81.97,2432.21,0,Yes
7ecb002e-73d3-428c-9916-79d3d24025ea,43,Male,35,One year,Mailed check,43.99,1543.73,0,No
c0c9c3ed-8ef9-4060-9545-7c643d922952,54,Male,53,Two year,Bank transfer,81.58,4343.47,4,No
68181f5b-bb56-488b-b172-ec53032e2730,19,Female,66,One year,Credit card,41.88,2750.4,7,Yes
5bc07988-21f9-49e9-b7cf-45f6f32ede3c,18,Male,4,One year,Credit card,36.06,152.8,5,Yes
ffbb4bcc-a5cb-4f6f-bd33-31644bb8ebe2,67,Male,49,Two year,Credit card,38.48,1891.83,1,No
ab45eaf0-7ad3-4e2a-8413-ffc7173a0c96,65,Female,20,Month-to-month,Electronic check,28.14,623.74,3,No
75938f5a-b40b-4353-a96b-e9034e09c596,30,Female,40,Two year,Credit card,67.96,2722.94,0,No
956abfdf-bf4e-4e46-9204-79cedba0c89e,69,Male,61,Month-to-month,Electronic check,119.82,7216.42,3,Yes
76b90472-7470-424c-b9f6-b641063ff61e,38,Male,39,Two year,Credit card,58.07,2247.28,9,No
b400a5e1-dfcb-421b-a37c-db55c596fab7,42,Female,36,One year,Credit card,50.73,1779.2,7,No
df1e04cb-ca34-4e3c-af58-9a8167c5b29b,61,Female,47,Month-to-month,Electronic check,24.7,1128.18,6,Yes
b432ece9-76dc-46b5-a076-aed65ed3e00e,54,Male,41,Month-to-month,Bank transfer,53.15,2210.62,7,No
a0970ff4-dc42-4980-8059-5e29a226a75b,56,Male,5,One year,Credit card,90.76,453.01,5,Yes
b0d508a9-e4b8-4e89-a287-729e12194d94,33,Female,44,Month-to-month,Credit card,30.49,1355.66,7,Yes
4bed523c-085f-44d1-87ea-651b5539562b,39,Male,15,Month-to-month,Credit card,22.22,400.2,6,Yes
b2b3bb39-4510-4aad-80bd-44c06d07ee0b,58,Female,41,One year,Electronic check,82.75,3430.56,0,Yes
93423b4f-8add-46f9-9ccc-e19ff2335074,63,Male,69,Month-to-month,Electronic check,74.38,5140.87,0,Yes
af4637b3-c9a6-4c37-b507-8c5dcb62f5b6,24,Female,40,Month-to-month,Electronic check,97.47,3911.08,3,Yes
55f01600-e17f-448d-9ed6-270514b9bb4d,39,Male,1,One year,Credit card,83.38,81.26,8,Yes
83c5c510-0e08-4343-aea7-7ea8bc5ad195,50,Female,25,Month-to-month,Electronic check,62.15,1547.45,5,No
5d2e7b90-acb6-4e81-a8f6-0796f200a32c,28,Female,25,Two year,Mailed check,73.9,1814.66,0,No
620956a8-1c68-4db0-8d33-3496e3528539,36,Female,1,Month-to-month,Bank transfer,73.9,157.71,5,Yes
0a76bd91-9e7f-47a7-b721-5daa5d975cdc,23,Female,21,Month-to-month,Bank transfer,43.93,948.23,0,Yes
a5eea4a2-2cde-431f-9dce-8d9b5d96120d,38,Female,26,Month-to-month,Bank transfer,101.35,2667.6,9,Yes
8f8dd995-1127-4cb2-b472-99b68f0ce422,37,Male,27,One year,Electronic check,80.79,2137.09,7,No
236e9007-3468-4b6e-8609-0b78b5971e43,33,Female,2,Month-to-month,Mailed check,104.72,216.99,9,Yes
8a257159-3d17-4879-95bd-f39efb334e61,49,Male,15,Two year,Credit card,94.91,1384.0,2,Yes
bcc4f087-7a7e-4c31-a627-61671d121daf,35,Male,7,Two year,Credit card,86.41,548.34,3,No
df02774d-9482-442f-8095-3c13f06bffa4,33,Female,60,One year,Bank transfer,97.49,5837.02,6,Yes
c0cffa73-35b5-4ec5-b3ed-8f33f587d26d,21,Female,5,Month-to-month,Credit card,107.19,591.1,7,Yes
5209eaab-39b6-410e-82c9-6b28beb96a4a,63,Female,67,One year,Credit card,71.45,4802.71,1,No
80e9b300-4471-4067-a5de-f08e5a4b4fdb,46,Male,6,Two year,Mailed check,70.92,385.69,3,No
0df1172a-46f2-4f38-ac45-1540ae2356f3,18,Female,24,One year,Mailed check,102.31,2515.02,4,No
73d12f3e-5860-44f4-9f70-b9511038f676,66,Female,15,Two year,Electronic check,73.24,1062.87,0,No
d45e087f-86d4-4ba8-805f-08927c795dd9,46,Male,43,Month-to-month,Electronic check,38.05,1698.2,9,No
882ae449-b5b7-4c24-b85c-a87b1f69e2b1,40,Male,41,One year,Bank transfer,106.02,4389.14,6,No
e6426f0b-8869-472a-934c-0a09ada59cb2,28,Female,56,Month-to-month,Electronic check,44.19,2512.17,6,Yes
5e3ece60-9ef6-499f-b3b4-daf34ad1d634,62,Male,27,Month-to-month,Electronic check,63.91,1730.09,1,No
b177116d-f203-4633-ac5d-d02dccc67ffd,37,Male,37,Two year,Bank transfer,100.64,3683.98,0,No
e214d458-f0dd-4de0-ba63-bde0cf0d3f06,36,Female,67,Two year,Credit card,91.64,6136.21,2,No
e24c724b-e453-44c2-b037-f0b710ccf85f,32,Male,5,Month-to-month,Electronic check,81.55,326.98,1,No
6403c4bc-1486-4c2d-9659-ddcc75373d14,64,Female,29,Month-to-month,Electronic check,113.18,3225.3,1,Yes
f5504c52-49d2-4ac0-adc6-9c90e5dfc7af,57,Male,32,One year,Electronic check,61.8,2024.9,0,No
2a2e1e6a-1bff-46f4-93b2-d1abf4e580aa,39,Female,14,One year,Electronic check,74.72,1131.4,1,No
25e050f6-b273-493c-9cad-a48a46a42ee1,40,Female,71,Two year,Bank transfer,108.96,7805.49,1,No
344a21b7-dfff-4cea-a687-0a987f0f6662,50,Male,26,Month-to-month,Mailed check,84.24,2261.76,8,Yes
05cf079e-a095-4c4d-b3bd-2348854bc8fa,20,Female,12,Two year,Mailed check,62.05,830.71,4,No
aeb1fcd3-f836-4a87-aaa2-25714b0d2716,18,Male,35,One year,Credit card,96.92,3466.51,6,Yes
7951d52b-21cc-4ba7-ae85-4c728a9b7b20,20,Female,58,One year,Electronic check,97.89,5743.74,9,No
bcda835f-71a0-4ff8-ab8d-a34058c158e2,37,Male,66,Two year,Credit card,84.46,5543.06,3,No
3066478c-4aa0-4842-857f-dd20a50a0a29,54,Male,11,Month-to-month,Bank transfer,77.33,845.24,9,Yes
cd4f2875-df2d-4f20-85a4-3113101d759e,65,Female,1,Two year,Electronic check,116.17,96.3,8,Yes
8505d91d-f28b-4fb9-95bf-1edb3b79da1e,55,Male,47,Month-to-month,Mailed check,47.92,2144.36,0,No
9425fc3a-6964-4112-95fc-0f2ba50939f1,49,Female,26,Two year,Bank transfer,118.58,3122.87,0,No
c96d525e-a563-4cf4-a7df-eb9257c13f7e,32,Male,13,One year,Mailed check,77.58,1025.14,9,Yes
aa757eeb-97e6-42d6-bc74-38955388d128,41,Male,66,Month-to-month,Mailed check,100.15,6587.03,8,Yes
8c68720e-d787-463d-87b8-f95cb265a6c2,24,Female,22,Month-to-month,Electronic check,64.34,1360.27,5,Yes
913767ab-4dd8-4715-b53f-f3e271fc5136,34,Male,39,Month-to-month,Electronic check,91.82,3597.82,4,No
4e7674e9-ca12-4a49-a5f5-cdc821c7c0f6,69,Male,48,Month-to-month,Electronic check,50.0,2432.85,1,Yes
3a0e618f-428f-4941-8a0d-72ce2bf6f6c4,20,Male,51,One year,Mailed check,109.23,5576.64,3,No
49c3f48b-f881-4f18-9f34-fd6c7bf75b57,34,Female,61,One year,Bank transfer,101.93,6212.93,6,No
25f98046-0c1d-480e-9873-9636c50e5194,65,Male,70,Two year,Bank transfer,107.79,7483.46,2,No
f4ca6e70-74b7-49ec-88cd-42c05a66219e,37,Female,29,Month-to-month,Bank transfer,92.18,2662.62,2,No
29298691-ec93-443d-9e5e-8cfe2a96c526,66,Male,8,Month-to-month,Credit card,64.9,483.71,2,No
2ea9ef6c-4905-4b93-890a-83b4b639529e,34,Female,54,Two year,Mailed check,78.52,4229.59,0,No
b546c5c0-d6de-40c5-ace4-599df92408c3,26,Female,27,Month-to-month,Electronic check,116.23,3214.64,3,Yes
cb618d75-aa96-4dfb-a79b-265ab15f3994,40,Female,30,Month-to-month,Bank transfer,50.49,1502.04,6,Yes
1dee4b6d-3ce7-4d1e-a947-fd26274ac7a7,64,Male,40,Month-to-month,Mailed check,32.63,1356.75,6,No
931414e8-510e-441f-be67-e8e90a88e6ca,24,Male,57,Month-to-month,Electronic check,97.53,5666.69,6,No
5ea2d56b-42aa-4bc7-b0de-13fc2060917a,50,Female,5,Month-to-month,Mailed check,92.32,424.75,2,Yes
b506c24d-8fff-49f7-b485-0fcd2f3b2b18,59,Male,34,Month-to-month,Credit card,31.68,1004.52,2,Yes
fa5fafdb-5123-49fa-aa61-b32f08e1624e,54,Male,21,One year,Mailed check,68.93,1398.51,0,No
72cc3fc5-5f77-4a7a-a5df-ac0758065bae,30,Male,12,Month-to-month,Credit card,24.75,288.83,9,Yes
889cd33d-299f-4f30-b9b8-1e658a34b26b,42,Male,26,Two year,Credit card,45.13,1182.43,9,No
06617f95-eba1-4fa8-9f19-f85b4d330569,58,Female,24,Month-to-month,Bank transfer,58.93,1378.59,6,Yes
c4bd9b59-7fd9-496f-ae5a-88566791659c,34,Male,30,Two year,Bank transfer,28.18,811.48,7,No
ed850a6d-7542-4851-b2a2-4da42537e0d6,26,Female,61,Month-to-month,Bank transfer,115.4,7122.01,3,No
f85bc2d3-0119-4e6d-a7f3-1b7851f9cd77,69,Male,23,Two year,Electronic check,112.64,2582.68,8,No
81e58eee-f9c0-4d4d-8bd0-3267bd0e01ce,51,Male,26,One year,Credit card,94.22,2457.41,5,No
4ba99d78-b498-45d0-a5b1-c79954cecee7,61,Female,20,One year,Credit card,70.84,1390.7,7,No
f83811c5-4a32-4d2a-a55e-c749795235ad,31,Male,14,One year,Electronic check,83.57,1142.75,1,No
fe7b178d-fb0e-4c28-8110-bcfef1aa9ba0,35,Male,58,One year,Mailed check,111.07,6466.71,3,No
ccb1063d-25a7-4338-aab9-278d92dfcf99,63,Male,13,Month-to-month,Bank transfer,62.38,768.78,6,No
ec1b55dd-e829-46cf-ba81-d86090b3032d,40,Female,62,One year,Credit card,78.74,4890.15,5,Yes
1cc0b764-b06b-4fca-96b4-05d7712dd406,47,Female,63,Month-to-month,Credit card,101.32,6331.86,7,No
0a42be3f-e671-4582-ba9e-8394bb4ccb14,61,Female,41,Month-to-month,Electronic check,71.5,2922.51,7,No
1deb979d-8d0b-46d7-ad91-f45623b13ebd,26,Male,33,Month-to-month,Credit card,76.77,2530.74,9,No
9e15ebcc-66d1-47f6-8659-010a4ede79b6,47,Female,32,Two year,Mailed check,111.49,3635.95,9,No
5b7e24ca-722b-4439-b869-d3c9d743b5a8,36,Female,67,One year,Mailed check,37.84,2531.25,5,No
9bafcc20-0e16-4f3f-938c-c0ca17acd7e9,23,Female,52,One year,Bank transfer,104.14,5428.22,9,Yes
86c45e42-955b-4346-b1f5-5560a42d10f5,65,Male,53,One year,Credit card,32.27,1727.58,3,No
c4605896-ef87-4f0d-8802-2f8e38de6b6e,62,Female,63,Month-to-month,Electronic check,39.53,2490.89,9,No
15661feb-05c5-4f8d-b21a-6c3f47263c24,53,Female,37,One year,Credit card,94.38,3451.9,9,No
ad5406bc-7209-4a7b-9975-a56289d56357,55,Male,58,Month-to-month,Credit card,35.84,1988.05,1,Yes
f9d09e26-165e-45b5-b526-d3b0abeb35d1,57,Female,37,Month-to-month,Bank transfer,55.73,2075.41,8,No
7d8f2350-31c7-4a44-a4f8-f226830481c2,66,Male,49,One year,Bank transfer,63.81,3113.26,1,No
82f552c8-9ae6-4149-9a69-78cf51589375,67,Female,9,One year,Bank transfer,38.5,371.07,7,No
aab133ba-e88f-4ab5-8e59-22e9f182cdf7,40,Male,33,Month-to-month,Credit card,48.84,1572.35,1,No
b74966cb-25df-48fa-a5c6-5c7b5c6ebf5a,45,Male,24,One year,Credit card,44.71,959.43,8,No
62d846d0-5ea0-41cd-ad79-d8bfda92e740,40,Male,69,Month-to-month,Mailed check,39.72,2661.23,0,No
584cb0f7-48de-48be-831e-ef965f71dcc4,18,Female,63,One year,Electronic check,68.81,4334.01,2,No
72114575-fa3e-4d03-8ede-ae5f59f2674c,18,Female,10,Two year,Mailed check,40.34,340.52,2,Yes
3737cc38-166c-4d33-8f9f-dc15dfd23d15,25,Male,3,Month-to-month,Bank transfer,44.51,169.43,3,No
bdd4c1f2-71b8-4ce0-a347-2e25ba5498fd,24,Male,53,One year,Mailed check,77.83,4225.7,1,No
7147f758-cdbe-4548-aa65-66e8fe1ad905,46,Male,25,Month-to-month,Bank transfer,71.53,1752.48,8,No
ba5e4066-ce40-424a-a9ee-29f449e3eb48,55,Male,22,One year,Mailed check,73.17,1622.35,9,Yes
ba85e403-6c80-444b-a5d1-36e2f8698e93,48,Female,63,Two year,Electronic check,40.2,2529.17,5,No
d5e4157d-23ba-4528-aa08-9aa0e57c5c02,45,Male,63,Month-to-month,Electronic check,110.41,6978.14,7,Yes
24c58b47-1609-44d1-9912-509096516ec2,26,Male,61,Two year,Bank transfer,97.22,5948.58,5,No
fd06a179-7980-4efa-8da0-8e483531518a,63,Male,4,One year,Bank transfer,113.8,442.53,6,Yes
55dddf38-fc94-44ae-867a-211ade162c17,57,Female,23,Two year,Credit card,21.56,432.92,9,No
9736bb4f-f5c8-4e3c-aee3-1d4710ecf6ae,62,Male,20,Two year,Mailed check,80.3,1658.96,0,No
01b1c626-16a4-4bfa-a032-9ee6c190b0cf,21,Female,10,Month-to-month,Bank transfer,77.82,775.79,4,Yes
45f8e14d-ea16-4e6e-a388-ca3268d26992,25,Female,59,One year,Credit card,100.01,5864.76,5,Yes
764d7e7c-8e49-40f9-acc5-c9de6a1d9731,69,Female,55,Month-to-month,Mailed check,45.4,2530.26,4,No
ea350f17-c157-4761-9162-f6dbb5d2bf7f,46,Male,14,Month-to-month,Mailed check,36.71,531.02,0,Yes
d5108bc0-2f9e-4ddb-b302-8b32230da680,62,Female,64,Month-to-month,Electronic check,86.6,5512.11,9,Yes
7d9704fe-8dca-4908-8a1a-421961bba5fb,27,Female,51,One year,Bank transfer,107.93,5531.34,9,No
4d4f6814-d385-4240-92a2-f8390acfc6ac,32,Female,39,Month-to-month,Electronic check,82.51,3193.3,5,No
7e7d5e88-4dcd-4534-95d0-3545d5a76023,22,Female,32,Two year,Mailed check,119.13,3791.53,6,No
397a284f-76a4-479b-bd67-34588f2d0b17,41,Female,67,Two year,Bank transfer,83.49,5683.71,5,No
276e1d67-00a0-486e-8a8d-5d5a06defca8,66,Male,41,Month-to-month,Credit card,85.64,3503.42,4,Yes
a3fb6d0b-f4be-48b4-8cd7-e6f7433ecd2c,64,Female,25,One year,Mailed check,116.09,2905.87,3,No
1fca0f16-78f8-455f-a2f5-a68bd590f435,33,Male,36,Two year,Bank transfer,31.65,1193.23,5,No
49a5fd0d-e487-4ab3-aa79-4de7a7604977,45,Female,60,Month-to-month,Electronic check,43.55,2614.46,4,Yes
e8239943-7dec-4605-adeb-57f96acac954,20,Female,29,One year,Bank transfer,113.56,3309.96,1,Yes
07480379-3ea7-4419-a510-af65b0167db8,56,Male,42,One year,Bank transfer,43.12,1810.91,5,No
7e388a19-46f7-420a-83c4-95061e8e06ed,64,Male,24,Month-to-month,Mailed check,30.99,764.32,1,No
9950f11a-1114-40da-b87a-e6defe8c9aab,46,Female,44,Month-to-month,Electronic check,47.8,2123.74,3,Yes
7b011fdd-94c0-49e0-9c9c-4570bedd62a7,30,Male,58,One year,Credit card,45.78,2725.82,2,No
42067d80-de4b-4b12-afa2-2f9290c97f00,47,Male,1,Month-to-month,Electronic check,107.49,129.6,3,Yes
f9690579-79dd-4dd4-af97-fbd2a0c45942,57,Female,63,One year,Electronic check,38.37,2371.2,8,Yes
5f8a2e3c-1e9d-495b-917a-d9bdb1ba0bea,41,Male,40,Two year,Bank transfer,99.73,3933.91,4,Yes
047dd583-9344-4b2f-bba3-16688334e524,68,Male,5,Two year,Bank transfer,70.83,405.45,4,No
94e74f26-29b0-4b37-8271-0779d864465a,18,Female,54,Two year,Bank transfer,43.11,2268.85,4,Yes
7606fa34-51d6-4f11-a569-3e130efa8993,20,Female,35,One year,Credit card,101.93,3541.34,5,No
5b7d9d2d-22af-4503-b17a-ff6de0d96670,55,Male,53,Month-to-month,Mailed check,93.74,4967.06,4,Yes
5c75352c-45cd-496b-8d8a-16f329ce9bfa,36,Male,5,Month-to-month,Bank transfer,55.39,363.24,3,Yes
f4852088-e97f-4025-a2e1-17986b65450b,52,Male,5,Month-to-month,Electronic check,54.54,362.67,1,Yes
4aaa7f99-4a34-441e-8c78-947b5b21c9f0,62,Female,1,One year,Mailed check,107.7,77.02,4,No
13aae9c8-efb2-48fd-a391-ffdb8794ac7e,40,Female,27,Month-to-month,Electronic check,34.12,997.27,4,No
a0c69223-c435-4252-b19d-d940838cc137,57,Male,59,One year,Mailed check,56.66,3289.61,3,No
99487f82-1831-4802-83c2-aee62ee94ed9,33,Male,54,One year,Mailed check,25.48,1369.08,3,Yes
52965cf3-8b30-4b4c-aac9-6b60c0ac430a,53,Female,22,Two year,Credit card,53.87,1173.86,9,Yes
d85195ac-d3aa-4b27-90f3-2ab5df586eff,35,Female,34,One year,Bank transfer,33.74,1086.66,5,Yes
457e55cb-4d13-4338-8cc4-c0a9af5a01cc,30,Male,29,One year,Bank transfer,20.1,577.16,9,No
5cce495d-b037-4c52-b2ad-ffa6af793d4a,34,Female,2,Month-to-month,Mailed check,67.34,182.11,8,Yes
5a0461c9-947d-4fcf-88cf-c53d188889ce,39,Male,63,One year,Credit card,39.34,2468.53,6,No
230f1e69-034d-42fd-a4ca-abcbd2c4c286,49,Male,63,One year,Electronic check,118.28,7468.57,1,No
c75ff368-5f7d-4bb1-880a-fe9f84a6d693,26,Female,69,One year,Bank transfer,70.69,4887.29,1,No
ebc095f5-571e-4230-a978-78c17c2257a0,45,Female,14,Two year,Credit card,69.9,942.91,3,No
37c6bc5d-1a38-4e8e-a9bc-4734e92966be,68,Male,21,Two year,Credit card,46.49,1029.19,3,No
d4e20134-389a-44fd-80dd-b3862790e92f,43,Female,16,Month-to-month,Electronic check,112.66,1837.78,5,No
8f040721-e5a5-429e-8b8c-1d76303c1503,25,Male,49,One year,Credit card,99.25,4907.16,3,No
f3d6b9f2-d4d7-40ca-b08d-16769d09a404,42,Female,45,One year,Bank transfer,74.12,3242.11,4,Yes
b6697d0a-8837-4bbc-9898-06fd86912efe,44,Male,37,Month-to-month,Electronic check,64.35,2382.37,0,No
cd75e6de-c19d-4186-b3c7-a1a88d15baef,67,Female,5,One year,Credit card,94.86,526.69,5,Yes
ea8104ad-75e2-42fa-aad7-34531d2cec89,42,Female,16,Month-to-month,Mailed check,29.34,487.7,8,Yes
21986e3c-d19f-4f31-9dd7-3f1f138ef8cc,58,Male,68,One year,Electronic check,40.57,2678.47,9,No
592448ee-7ac1-44f9-8472-f9f6ec6494e0,32,Male,11,Two year,Credit card,26.84,293.03,5,Yes
23966b83-5cd1-4b22-b0e8-b2fa4fc34759,37,Female,22,Month-to-month,Mailed check,100.64,2354.15,6,Yes
fcd2280e-e3c5-4ba8-b122-d7a0d12972d3,64,Female,70,Month-to-month,Bank transfer,50.3,3559.04,9,No
f859396d-c37a-4ab0-85eb-43c898ff805c,45,Male,27,One year,Mailed check,86.79,2400.87,7,No
4dffc9aa-b5bb-4bce-ac15-c4ad57904515,61,Male,61,Month-to-month,Electronic check,89.53,5473.2,3,Yes
1e5c5da8-d087-4dcb-be94-f1cb075cc8eb,33,Male,18,One year,Bank transfer,35.24,583.21,1,No
b1b9fd9d-db58-4dd9-a0f3-6e9238ec71aa,25,Female,34,Month-to-month,Credit card,49.57,1683.78,9,No
4eb39f63-3a00-483e-b023-dbc32471a957,49,Male,54,One year,Electronic check,31.33,1720.77,6,Yes
fb29ff36-2155-4ba8-b5b8-23e420168e6d,23,Female,44,Two year,Electronic check,92.51,4081.27,4,No
c355853e-b0d9-451c-acc0-067f141f746e,35,Female,4,One year,Mailed check,88.46,369.99,4,Yes
04d07f29-13e6-45fd-9c99-d366c8b62c18,55,Female,60,Month-to-month,Bank transfer,26.81,1612.08,3,Yes
6e663c0a-c1e0-44a1-bbf8-20f6c6523c3d,64,Female,64,Month-to-month,Electronic check,102.71,6548.43,9,Yes
08651a6e-1b99-4b83-b244-0f070ae263e0,38,Male,71,One year,Credit card,51.67,3612.39,1,No
97da64cb-8373-4f49-a8e7-ebe3cb05aa14,62,Female,10,Month-to-month,Credit card,51.65,503.63,1,No
e8956041-1e71-4fa9-b815-c7df0f2c01b7,28,Female,1,Month-to-month,Bank transfer,104.74,152.23,4,No
4d38a8d0-10f5-4651-8b14-7f1f40c56cf6,26,Male,1,Two year,Credit card,67.53,32.59,5,Yes
18b475b1-c12a-44f4-82a1-3629aae6f1a1,42,Male,59,One year,Mailed check,97.11,5683.32,1,No
9a0f09e9-eb8b-4c11-9fb0-ef34c8497436,62,Male,21,One year,Credit card,78.53,1664.8,4,No
3334cd07-e6b3-4561-966d-273534952c00,26,Male,4,Two year,Bank transfer,110.37,432.99,2,Yes
077d8688-59fe-4c45-abac-7bf82f4ddc9b,52,Female,14,Month-to-month,Mailed check,60.12,831.86,2,Yes
bf06d520-d88a-417b-a543-38df173d5030,27,Female,12,Month-to-month,Electronic check,104.59,1263.49,4,No
946a95a6-f2e4-41af-8702-1755f11cc0a4,58,Female,51,One year,Mailed check,48.13,2541.18,5,Yes
daea544a-291a-4905-9a29-fe6b590bd0c6,46,Male,13,Month-to-month,Bank transfer,48.8,640.29,0,Yes
9ceab67b-ba82-454a-87e2-a618802993b1,19,Male,57,Month-to-month,Credit card,20.83,1173.54,2,Yes
117e894e-91fa-41c7-8141-bb373de814ac,60,Female,58,Month-to-month,Electronic check,91.37,5282.49,7,No
c363f61f-9400-4191-91d0-6bcd195efd72,54,Female,52,One year,Electronic check,34.64,1764.52,4,No
b73f6e64-378d-4f8d-8761-f9da039479c1,38,Male,7,One year,Credit card,116.56,808.16,0,No
2bf95861-4827-4440-b6d9-fe1731094211,42,Male,44,Month-to-month,Electronic check,65.27,2885.18,5,No
011bb348-8981-4f35-8107-50bce6d33572,35,Female,40,Month-to-month,Bank transfer,55.84,2248.23,3,Yes
ec9a799e-1943-4791-b9b0-7ec4f93c8859,26,Female,10,One year,Mailed check,73.28,717.3,5,Yes
d9ee9678-8112-40ff-aba4-646336c9b657,26,Male,7,Two year,Electronic check,70.52,534.55,7,No
b2b8d698-5dd0-455c-b986-f498b52f80c9,34,Male,31,One year,Bank transfer,65.45,2015.43,8,Yes
ac6c2e1b-708d-4094-af64-672f96e1a522,19,Female,2,Two year,Credit card,98.58,171.97,8,No
d5b1a96a-2e4c-46e2-9b79-9e6bf52ef4a6,69,Female,4,Month-to-month,Credit card,90.44,265.87,7,Yes
6c914882-612e-43c7-bb36-8cf45ad5a309,64,Male,35,Month-to-month,Bank transfer,106.85,3630.64,6,Yes
685707ac-3a40-4e39-83a5-f42136daa93a,65,Male,29,Month-to-month,Credit card,105.73,3171.75,1,No
5074ac13-fc0f-44cd-82eb-baa21ce370ed,45,Female,15,Month-to-month,Bank transfer,29.17,463.69,3,No
850cddfd-1c3d-4e19-b745-55601fa54251,54,Female,55,Two year,Bank transfer,85.31,4711.57,1,No
5c7ae8ef-c324-4e35-beed-cc6522cb2720,45,Male,37,Month-to-month,Bank transfer,40.53,1509.12,6,Yes
b8ddf15d-8ea0-45f0-89cc-253fb4693ec4,69,Female,11,One year,Electronic check,42.18,480.88,9,No
7e63f654-53ff-4f1f-950e-33880a6552a5,39,Female,61,Month-to-month,Credit card,52.34,3189.31,3,No
74fa65ce-489a-427e-a281-03f01d9fff25,61,Male,5,Month-to-month,Mailed check,113.92,620.04,2,No
afe2487f-4fdf-4f5d-bc75-ed5399b32070,37,Male,35,Month-to-month,Credit card,25.39,857.8,6,Yes
39d2d74a-71a7-4782-9751-af9cf9e6debb,28,Male,69,Two year,Bank transfer,88.16,6136.72,3,No
fc267da6-4a64-4fc1-a843-a5c38dcd6e9b,23,Male,47,Two year,Bank transfer,67.96,3150.16,1,No
db558642-3054-466b-ad8e-e559daf93e99,58,Male,34,Month-to-month,Electronic check,112.57,3836.16,9,Yes
cd6c78dd-d74f-4844-a50e-a3ec11d1e7d5,19,Male,49,Month-to-month,Bank transfer,30.42,1412.43,5,No
5e10a3a0-addb-4943-b067-ad8279c5f45a,64,Male,17,Two year,Electronic check,39.34,679.0,7,No
ac95adb1-ffac-44fd-8345-eeda2de66d5b,25,Female,14,Month-to-month,Credit card,68.71,943.27,3,Yes
65787d0c-1aec-4b70-ac0e-73077ddcaaf6,22,Male,9,Month-to-month,Mailed check,39.0,364.74,4,Yes
ad3053ce-a896-4e70-85cd-338470249792,32,Female,33,One year,Mailed check,79.41,2554.88,0,No
65125d2e-24b3-4c8e-9e85-0f8015c2f297,61,Male,52,Month-to-month,Bank transfer,77.2,3982.17,9,Yes
fa42156e-972e-423e-b1ed-f3d3668f5032,54,Female,43,Two year,Mailed check,39.66,1699.57,7,No
e476231a-ecdf-4364-bdce-7f651a0a7680,58,Female,21,Month-to-month,Credit card,64.52,1374.1,8,Yes
5d1c1906-1090-4c9d-ab31-71dcfa549893,59,Female,51,One year,Bank transfer,49.62,2486.71,5,Yes
334477eb-56b0-4052-b2f7-5350f9a732dc,64,Female,67,One year,Mailed check,110.19,7401.36,0,Yes
677f7c73-fd9b-4af3-9812-5123984f5a56,32,Male,39,One year,Bank transfer,42.37,1574.25,0,No
6cb96a2c-d68e-41f0-bb9d-58321f6d5768,33,Male,3,Month-to-month,Bank transfer,32.33,129.45,2,No
c3cb0c28-474c-4a29-bfc5-ae23b9a6bd75,29,Male,19,Two year,Bank transfer,74.84,1419.59,9,Yes
97f971d5-94f8-4e6c-8416-c07cb6a787b1,65,Female,42,Month-to-month,Credit card,47.97,1974.57,2,No
cd0d4d73-ca1c-4218-819d-11c545e18b77,55,Male,65,Month-to-month,Mailed check,29.99,2040.87,8,No
5b29317a-6675-45e2-b177-3294a4d21eae,30,Female,70,One year,Credit card,26.68,2019.12,9,No
f33c4c36-9a69-4cad-aaab-583079cfc04f,38,Female,1,Two year,Credit card,105.59,70.3,7,Yes
82ec0fc3-7c0a-4867-bcce-521367899d92,18,Female,34,One year,Credit card,101.69,3445.33,7,No
7462f144-c49b-4e62-a5ba-4f0347656069,43,Male,51,One year,Credit card,98.01,5068.68,6,Yes
7d457a09-402d-45e8-9f47-d9021ba84a91,45,Female,38,One year,Mailed check,84.17,3174.55,2,Yes
f14152c7-a0dc-4c7d-bb17-23197f4d55b9,55,Female,13,Month-to-month,Mailed check,34.66,414.89,8,Yes
bce05a63-197f-4b8d-879b-f5e62275b1e2,30,Male,51,Two year,Credit card,77.79,3921.7,2,Yes
7f85c4e7-1177-4f21-948f-5ba30d87bc72,63,Female,1,Month-to-month,Credit card,91.07,44.01,0,Yes
2dd93719-f8d9-4f33-86d9-03c0ad987301,66,Female,38,One year,Bank transfer,101.76,3924.54,5,No
53b3618b-ade0-4648-9ac6-030661f43c2b,23,Male,10,Two year,Mailed check,118.77,1120.62,0,Yes
9f8c2c51-9f39-46a5-8d81-31f52719bfdb,36,Female,40,Two year,Mailed check,103.73,4114.01,0,No
a93c9413-1396-4289-829a-988f18a95210,22,Female,34,Month-to-month,Mailed check,68.8,2383.47,0,No
7e000029-c47f-4b05-851b-5f38c0697f1d,21,Female,1,Two year,Electronic check,84.53,63.83,7,No
4b26f0a3-33b1-4ca4-b74d-34f5caf07226,67,Male,35,Month-to-month,Bank transfer,115.86,4008.87,2,No
813a3aa5-7d81-4c21-bf76-4fcea97ef131,27,Male,1,Month-to-month,Mailed check,99.06,105.28,8,Yes
cf3a2f8d-57f7-41e3-8add-397642fc7edf,43,Male,13,Month-to-month,Credit card,85.76,1119.71,6,No
04860bee-8bef-4a76-8a60-1b92dc137c04,59,Male,11,One year,Electronic check,101.76,1204.82,8,No
fd9f45f4-0816-4739-8393-3447f3dc50bf,46,Male,33,Two year,Bank transfer,30.29,990.7,6,No
1e7f92ad-ea39-43ff-a14f-ea786e2f1d3b,67,Female,56,Month-to-month,Mailed check,65.89,3666.79,9,No
da55f825-5086-4384-b33a-c54f62359144,19,Male,62,Two year,Mailed check,44.54,2679.77,5,Yes
09360f02-75ac-4819-b14b-5c03605797cf,32,Female,3,Month-to-month,Bank transfer,40.06,126.74,0,Yes
a8cf2936-8e81-42f0-ad47-4c4f08697ffa,25,Female,18,One year,Mailed check,114.46,2047.67,4,Yes
e27bb6c4-4d94-4434-8785-9c05dc409942,63,Female,69,Month-to-month,Credit card,73.44,5047.03,2,No
6e411e23-7dd1-4b8f-aa05-5b69b4c04bdf,30,Male,28,One year,Electronic check,55.69,1597.28,0,No
639ac771-b739-428a-8ffd-5b7a226dd24f,63,Male,68,Month-to-month,Electronic check,63.09,4304.43,9,No
91a07ef2-1c00-4554-8396-3bf97cc9d887,42,Female,36,One year,Credit card,101.0,3726.22,0,No
8dc4c81f-a8fa-4904-bd94-ed9facce693e,33,Female,5,One year,Electronic check,56.7,277.12,0,No
78460474-927c-4ea7-8a15-9e92af74ae63,57,Female,69,Month-to-month,Credit card,43.99,3013.11,1,No
2803feb5-dab6-473d-8fef-f87b79d54e9f,52,Female,4,One year,Bank transfer,29.24,114.24,8,No
436d977b-6431-4bbe-8e44-c9dc81b61c87,47,Female,49,Two year,Mailed check,116.81,5677.84,8,No
60b759a9-f88a-4c64-974e-bb877ea413e5,60,Male,60,Month-to-month,Bank transfer,72.69,4432.62,1,No
c4376d89-5a4e-49f3-ad2e-4db89defc23f,25,Female,9,Two year,Credit card,109.35,994.39,4,Yes
0fb97b5d-520b-48f6-88d0-e602fa4ffba8,51,Female,54,Month-to-month,Credit card,24.59,1386.03,9,Yes
20d1968f-0b8c-421f-9728-9c5e0734a403,50,Female,57,Month-to-month,Mailed check,118.74,6801.94,5,No
cf3ee4aa-594f-4d27-9dcd-0d40d6415102,55,Male,66,Month-to-month,Mailed check,87.99,5755.31,7,Yes
c3e3c148-06e2-4861-957e-dc3cbdf774c8,29,Female,35,Two year,Bank transfer,45.33,1541.11,7,No
616d41c8-575c-4669-a00a-06e6e42f0c28,57,Male,57,One year,Bank transfer,119.37,6784.74,1,Yes
fdf02450-585b-4b17-ad9b-1eb118ebeed7,32,Female,71,Two year,Electronic check,75.15,5414.11,9,No
0e737523-59ec-4846-a974-37ea5b7c57e8,37,Female,38,One year,Electronic check,29.56,1093.56,9,No
3c10316d-3f63-4065-be85-c8c4a9470663,20,Female,52,One year,Electronic check,69.55,3559.35,4,No
15bebdd0-97b0-47ce-8fe5-c13ba5e8c198,46,Male,63,Month-to-month,Credit card,84.61,5288.57,6,No
de72d970-10c4-4f9e-b020-321be90f4137,54,Male,19,Month-to-month,Bank transfer,109.12,2087.45,6,No
2b76a718-566c-43cc-9d4d-fdb14e0ebe2e,30,Female,23,Month-to-month,Electronic check,87.98,2129.94,4,Yes
0991946d-537c-44b0-89d5-af23050bd848,50,Male,11,One year,Mailed check,56.65,585.91,2,No
6c27316b-dd05-4827-a863-782e75fe2857,54,Male,41,Month-to-month,Electronic check,106.38,4378.25,6,No
6bd1f826-e6c2-4bb7-83c7-4cbe916baf87,65,Female,57,Month-to-month,Mailed check,94.4,5441.37,1,No
783e40ab-b22a-45a6-8539-1557444122a5,25,Male,32,One year,Electronic check,103.02,3266.49,0,No
51071545-fc5b-44bd-85b1-49a096867676,48,Female,49,One year,Mailed check,105.65,5110.82,5,Yes
528a34f3-63ea-40a1-9202-b09c60b36938,28,Male,37,Month-to-month,Mailed check,89.47,3310.72,5,No
7d05121c-ceee-4d65-9904-8ca79291e493,33,Female,4,Two year,Bank transfer,77.27,324.62,9,No
34b6685d-acd4-480a-b0dc-75fb199d5089,22,Female,53,One year,Electronic check,25.01,1290.92,1,No
cfbba84a-80b5-4013-bf29-c9e75601f6a5,37,Female,36,One year,Electronic check,103.7,3731.25,2,No
2aa814da-56ec-4e55-aad9-e93dc3d0bde3,59,Female,1,Month-to-month,Credit card,111.56,53.95,1,No
f82c6ad8-5d03-4a06-8cad-66c59d655c03,66,Male,57,Two year,Bank transfer,26.0,1477.39,0,No
a2ac7896-7f38-4a3e-b3a6-74036f9d1d74,39,Female,11,Two year,Mailed check,116.83,1251.34,5,Yes
13483fb3-c982-4300-b95f-17e6d8eae31b,39,Male,44,Month-to-month,Electronic check,108.81,4822.34,8,Yes
36cdf42f-892c-4b33-99af-8224d7232ce3,38,Female,64,Month-to-month,Electronic check,102.21,6481.71,8,No
4c1d2e43-0c2b-43e4-83e1-346d49902258,20,Male,61,One year,Electronic check,60.76,3822.65,8,No
cdfa76af-66eb-43b0-92d2-408eff08c739,35,Male,7,One year,Mailed check,34.5,299.05,6,Yes
f53ba020-be2d-48c8-9fe3-f82439d3a9cf,25,Female,5,Month-to-month,Credit card,67.24,350.87,2,Yes
94047909-d81c-41a0-b7bb-a2aa178a8c73,29,Male,55,Two year,Credit card,59.05,3219.61,2,No
45fb3e8a-563b-44fa-9784-713d18407642,31,Female,13,Month-to-month,Electronic check,87.29,1121.49,5,No
87f3c9a4-cd1a-410d-9101-71d21138978b,36,Male,59,One year,Credit card,56.24,3348.06,8,No
58e9bbad-35b1-473c-ad56-cfd579ab3018,68,Male,63,Month-to-month,Mailed check,65.17,4128.47,3,No
d2e08e57-a6cb-4dda-93a0-181bcbafd542,20,Male,61,Month-to-month,Mailed check,115.9,7126.33,8,No
4cc6d67e-cddb-4f9e-8130-0e684d45d885,38,Male,58,Month-to-month,Bank transfer,72.46,4080.36,6,Yes
5037e669-8a3a-4129-a9d8-4c4f6ed338be,59,Female,63,One year,Bank transfer,114.65,7158.3,1,Yes
4052e3a5-66fd-4215-aa10-7fb733383ec9,48,Male,21,Month-to-month,Bank transfer,96.68,1979.42,2,No
abeb5f49-7406-4a32-83ef-3ce99ffda1e7,55,Female,35,One year,Electronic check,57.41,2049.31,5,No
e182701b-2e3b-4b69-8c2d-0e27c370f2e2,69,Male,19,One year,Credit card,62.04,1158.42,2,No
84274378-b40d-4aef-a0ba-614204c32fed,69,Male,51,One year,Electronic check,101.14,5133.39,1,Yes
7fcbcf31-93ac-409a-afc1-0403dcda8cc1,32,Male,50,One year,Credit card,102.43,5169.7,9,No
d2eba277-f64d-4de0-a92a-988036841339,58,Male,15,Month-to-month,Bank transfer,100.7,1561.38,6,Yes
4497734d-77a0-4a7f-b027-8488be015802,21,Male,43,Month-to-month,Credit card,105.19,4424.74,2,Yes
cf1643a0-8860-4b56-a34f-2452efe9e8c9,53,Male,44,One year,Credit card,59.59,2643.42,0,No
e8266484-c4e4-4e52-9a4f-706b9d4ac78b,56,Female,60,Month-to-month,Credit card,36.23,2110.39,4,Yes
ba0371f9-90ed-41d3-af44-4cf56f089155,61,Female,21,Month-to-month,Mailed check,75.65,1567.49,8,Yes
335dab46-85b3-45aa-8f54-6781a0733e57,21,Female,29,Two year,Electronic check,89.11,2608.84,2,Yes
3d8925a9-25d2-47d0-b665-87075d411ac5,57,Male,60,Month-to-month,Bank transfer,28.55,1672.98,9,Yes
c3f9c78c-af70-4164-bf16-44542685602c,38,Male,65,One year,Electronic check,69.89,4570.08,5,No
6906d118-6f75-43b2-9818-61124cdedddb,66,Male,40,Two year,Mailed check,63.46,2592.11,0,Yes
e94053af-d488-4dff-9c35-25775193412d,48,Female,21,Month-to-month,Bank transfer,27.8,633.49,1,Yes
d8914adf-341c-412a-a249-1260107e528c,25,Male,7,Month-to-month,Mailed check,27.17,215.99,2,No
497bc13b-d2de-447d-8455-d60e69958fd1,25,Female,55,One year,Credit card,54.4,3006.67,9,No
afd5b90b-41a6-4c90-a91c-0da1a5630d3a,57,Female,54,One year,Bank transfer,82.59,4502.48,5,No
3d0d3ffd-67e6-449a-bc73-013b99ea5bbd,45,Female,11,Month-to-month,Mailed check,64.66,746.28,4,Yes
07179ef3-3121-4863-a663-ed111d122ccf,37,Female,56,Two year,Mailed check,73.37,4156.64,8,No
4f7f963e-d3c5-44a3-8c0b-200d3edec38e,23,Female,50,Month-to-month,Mailed check,104.44,5157.87,3,Yes
fdc56285-8f50-411f-bc42-049476d32b96,63,Female,2,Month-to-month,Credit card,81.34,97.4,4,Yes
e7d90c1b-a59c-4eed-ac09-72046fa6681c,61,Female,14,Month-to-month,Bank transfer,101.35,1365.76,5,Yes
45d07382-28cb-47ca-b3b5-a667097913a0,24,Male,2,One year,Credit card,25.57,149.54,7,No
ca27cd69-4226-4ba4-8775-d77822ed1e25,64,Male,12,Month-to-month,Credit card,98.49,1122.18,1,No
8cfb137c-a89e-44df-871c-10aecdb4adab,20,Female,68,Month-to-month,Credit card,28.92,1932.1,0,Yes
0acfbd89-da3e-415a-a4f0-708a2d0d5e1d,35,Female,53,One year,Bank transfer,73.44,3860.74,8,Yes
c840789b-7c60-4399-b8f4-0e5ef6babccc,25,Female,9,Month-to-month,Bank transfer,37.72,327.23,9,Yes
e581620f-dc0d-4266-8e29-ed9a0518bd4d,61,Female,9,Month-to-month,Credit card,43.32,334.78,9,Yes
4c485cfc-9a02-40da-905c-1021157c6813,67,Male,3,One year,Bank transfer,28.43,130.39,3,No
f480ada5-e68c-4348-9046-e3dfddfef849,62,Female,44,One year,Bank transfer,70.87,3196.82,4,Yes
abf2b369-5d0a-46d3-a592-ee7c683199c6,51,Male,43,Month-to-month,Credit card,48.67,2142.32,6,Yes
659ae9f2-171e-4028-a2be-80e1a84d5f25,27,Female,20,Two year,Credit card,27.83,569.05,9,No
d7be7b4f-b967-4dc6-96fd-d1a5f17312f4,54,Female,9,One year,Bank transfer,110.14,960.6,8,Yes
922b4fb2-1ca7-4972-bc6d-317323fbc01f,69,Male,65,Month-to-month,Electronic check,65.47,4264.33,9,Yes
1ee26f39-eed4-4b89-8010-4995bc06e86b,20,Female,64,One year,Bank transfer,65.15,4206.92,8,No
9496634f-d438-431d-aa0a-2259859f02bb,61,Male,71,One year,Credit card,54.57,3912.8,6,No
867772d3-ee7a-4de6-866d-fe25f31dde25,55,Female,70,Month-to-month,Credit card,20.17,1477.9,8,Yes
171a8b65-e272-47ca-bf17-6b5540767e21,69,Male,22,Month-to-month,Bank transfer,41.09,940.14,3,Yes
c5efd670-1f4d-48ce-998d-e3d83cf29ade,63,Female,29,Month-to-month,Electronic check,82.48,2335.42,4,Yes
d513da02-544c-44d1-903b-a8c3ce830e27,62,Female,37,Two year,Mailed check,47.47,1772.47,6,Yes
ce4ba2bb-63d3-4e8e-bcbb-859a95966725,20,Female,23,Month-to-month,Mailed check,116.66,2729.62,8,No
ef7cef26-3c66-4012-be74-1860bf957403,33,Female,51,Month-to-month,Bank transfer,60.0,3108.77,8,Yes
1b5829c9-24ef-45a7-b7cf-65ca6c412493,49,Female,55,Two year,Bank transfer,36.63,2087.01,0,No
4648bbe8-f84c-47a9-b6cf-d2d52cd6e8df,67,Female,66,Two year,Mailed check,76.48,5073.37,4,Yes
dce70289-411a-415b-a88b-4cfb708175fd,63,Male,45,Month-to-month,Credit card,109.51,4952.57,8,No
88917cf5-7d88-43d2-8e51-208396e83922,42,Female,14,One year,Bank transfer,42.92,721.21,3,No
1ceb08fe-f2de-4798-b31a-25b55fecaa6e,56,Male,48,Two year,Credit card,64.59,3089.95,8,No
79900a27-6c7c-4eb7-8bb5-f24251057c35,60,Male,68,Two year,Credit card,105.92,7167.04,5,No
47198f5c-f69b-4596-bf10-938caec7f267,25,Female,15,Two year,Electronic check,63.23,967.86,5,No
2518ec09-efdd-4a87-88c6-21bee1228e75,41,Male,21,Month-to-month,Mailed check,106.92,2347.84,7,Yes
5e24296e-b736-4ad9-b9a8-226b5ced7017,59,Female,63,One year,Credit card,75.27,4760.94,9,No
a538c6a7-0565-4e80-8ee4-5227d2450039,48,Male,42,Month-to-month,Mailed check,38.94,1666.97,4,Yes
08e94548-9b16-4cb8-a7bd-1db7f7808afc,49,Male,30,One year,Credit card,61.29,1842.98,1,No
cc876b1c-a987-499b-bd4c-938cd76ac5a8,69,Female,48,Month-to-month,Electronic check,39.33,1780.06,9,Yes
eade7b17-b0d0-40bd-8dff-01baf0db6ecb,29,Male,47,One year,Bank transfer,66.83,3069.13,7,Yes
40c37cbc-3d5b-4535-abed-e2b6c9eef97c,61,Female,58,Month-to-month,Electronic check,112.81,6518.95,2,No
a3922a4e-4f2c-486f-a27b-0edd8d7f9371,59,Female,34,Two year,Bank transfer,70.43,2429.61,0,No
e7354db2-5ce4-424b-b35b-9f78f55f2e80,49,Female,63,One year,Credit card,22.9,1457.57,1,No
88efe82b-1f3e-4a66-af6c-6f61cfefa2a2,40,Male,39,Month-to-month,Bank transfer,91.61,3571.37,5,Yes
71414f58-db8e-435b-bc83-861eddf0a0a2,39,Female,24,Month-to-month,Electronic check,68.65,1615.18,8,Yes
f5f3943a-e8e7-4030-8203-83406372d635,45,Female,14,Month-to-month,Electronic check,24.72,308.6,9,Yes
eafd3e7b-fa5d-4d40-ad71-1fe9649a0bf9,31,Male,14,Month-to-month,Credit card,83.54,1086.81,4,Yes
efb2d33c-171a-4532-8d07-018b416aa7f6,47,Male,38,Two year,Credit card,35.61,1273.51,5,No
4c23e844-3c47-42f3-81b4-fd44d29cf92a,61,Male,58,One year,Mailed check,49.03,2873.27,3,No
2904a6d6-e3e7-45ab-9c02-bc2935dbe396,51,Male,10,Two year,Mailed check,86.0,748.61,3,No
5132fe68-a1a0-44a9-b058-3380ea77d1d6,51,Male,64,Month-to-month,Mailed check,25.99,1737.24,3,Yes
a4f954fc-c449-41b6-8fef-7811e124c3f2,61,Female,5,Two year,Credit card,84.86,503.59,4,No
462741ec-08ac-484f-8a10-b49968028b3b,69,Female,69,One year,Mailed check,113.16,7860.83,7,Yes
c78a7900-d2bd-46ec-9481-13b4ddcf5003,21,Female,37,Month-to-month,Mailed check,94.7,3420.29,5,No
bca83a82-7899-4035-bddf-8484f0c44ecb,28,Male,57,Month-to-month,Credit card,42.03,2463.45,4,No
552d4865-d756-4d35-ad2e-ebea69b7d533,20,Female,62,Month-to-month,Bank transfer,92.93,5738.12,7,Yes
eb25d7e7-e073-4c70-ac20-2d89b7a69c32,30,Female,59,Month-to-month,Bank transfer,77.98,4627.89,3,No
290c42f8-d30b-4f65-99b3-8619d1fb55b1,18,Female,9,Two year,Credit card,102.87,945.15,6,No
10fd7164-819f-4393-82ce-ef41b2cfba8b,35,Female,9,One year,Mailed check,73.06,667.81,8,Yes
baaeebf8-9a24-4525-abbe-2bd65a1341e7,58,Male,17,Month-to-month,Mailed check,102.42,1791.05,5,Yes
53a71719-bcdf-4302-8c37-e264d03cd20a,68,Male,9,One year,Mailed check,34.65,374.69,7,No
c310d2a2-0700-47c1-b1f9-4a097408f646,27,Female,47,Month-to-month,Bank transfer,62.12,2990.84,2,No
2f098f4d-a43f-483a-a431-01e40d565923,42,Male,14,One year,Bank transfer,100.64,1431.39,5,No
a41f0d38-ca80-4df8-b182-fcf2a151ed02,33,Male,17,Month-to-month,Bank transfer,114.31,1951.98,7,No
333822d1-6691-4664-80c9-937022d6f0a2,57,Female,66,One year,Mailed check,65.45,4315.05,8,Yes
93683dd6-5050-427e-8e38-5d03a0d80651,34,Female,1,One year,Credit card,110.98,171.76,2,Yes
3fe604f4-2867-4d3b-9c5f-3cba150d28eb,60,Male,57,Month-to-month,Electronic check,60.21,3422.62,5,Yes
c481ea69-f83b-4029-b6ac-204884308e0c,69,Male,14,Two year,Mailed check,100.34,1347.81,5,Yes
214dc588-c35e-418a-a630-b287d4a39a51,52,Female,20,One year,Electronic check,60.41,1198.44,0,Yes
690a7b80-af8d-488d-9811-70c1d8d2660e,21,Male,48,Month-to-month,Bank transfer,87.39,4238.1,6,No
7394d796-51c4-443b-b07d-b671caea9ae5,27,Male,6,Two year,Credit card,28.18,240.59,4,No
222db2cf-bc34-4d5d-9f9e-14257a7628e6,22,Male,36,One year,Mailed check,37.52,1344.22,5,Yes
97d02f8f-affd-443b-ac69-1f0442bbeaae,49,Male,15,Two year,Bank transfer,57.57,908.02,0,No
4823debe-ccad-492e-93dc-4faed3a71b83,23,Male,17,One year,Mailed check,45.82,782.97,4,No
5e1b015f-6a1c-401b-959b-2b6b32dba028,25,Female,28,One year,Electronic check,100.86,2843.55,8,No
60980b94-e05b-4892-a4bc-08cf2e904b5c,29,Male,67,Month-to-month,Bank transfer,86.78,5831.52,2,No
92051da0-e264-4336-95ad-86bcf1db9ad8,19,Female,40,Month-to-month,Electronic check,83.98,3373.5,1,No
05e15e2f-f2b7-4922-854e-dd713977fd2f,49,Female,28,Two year,Bank transfer,82.86,2283.97,7,No
9cac3d21-a5a8-48af-8efb-d22aec511744,50,Female,51,Two year,Mailed check,66.5,3440.12,9,Yes
16c72b1a-e826-4ac7-ba8c-8ed5a06aa68a,24,Female,49,Month-to-month,Mailed check,67.35,3338.29,7,No
430438b5-32c1-42f1-b661-7a3bf9606ca3,60,Female,5,Two year,Bank transfer,113.43,638.13,3,No
0cbe938d-2b33-4734-9a11-9684b385d9de,52,Female,50,One year,Bank transfer,63.62,3208.19,5,No
99b3568d-6dcc-4c60-9e35-836f66aa394c,32,Female,28,One year,Bank transfer,90.07,2488.03,4,No
f541a44e-16cc-4813-a635-53ba4299b351,41,Male,63,Two year,Credit card,26.64,1644.47,3,No
9136d4ad-f27e-4ce7-ab8d-2c495e3003e1,47,Female,23,Month-to-month,Mailed check,38.98,820.71,4,Yes
869d4cb7-b7f5-455a-839d-08d01e0aaf12,67,Male,29,Month-to-month,Credit card,109.68,3220.81,9,No
eda413c6-eb84-46e4-85fa-e0476f669013,69,Female,39,Month-to-month,Credit card,109.56,4222.52,4,No
7e808d05-ac71-4531-93c7-24e8742632d7,65,Female,16,One year,Credit card,94.6,1459.25,4,Yes
340155bd-b6ac-4c8e-b977-c7b41e56d346,46,Male,37,Two year,Electronic check,23.38,864.26,1,No
d03bcbfc-dca7-4284-b230-7c2230c7809b,39,Female,68,Month-to-month,Mailed check,43.56,2995.51,1,Yes
bf16e3e9-49b7-4037-8425-dea7c83924d7,63,Male,3,Month-to-month,Mailed check,101.5,279.0,8,No
6e6a3d5b-2154-4e4a-a1cf-91fb7e81cdfa,42,Female,19,One year,Credit card,38.91,775.67,9,No
372f5f47-999f-4691-b4e4-20bfdb38f306,34,Female,35,Month-to-month,Electronic check,101.06,3529.65,9,Yes
ba098a27-4870-4a92-92f7-7d5dfec5ea47,60,Male,15,One year,Credit card,56.1,865.74,6,Yes
2e2cb850-6b17-4d75-b07a-1acbad5c3c49,65,Female,26,Month-to-month,Electronic check,37.31,1008.54,9,Yes
075dacd4-255c-42c7-8ade-e3ec68950908,26,Female,7,One year,Mailed check,78.39,551.37,5,Yes
3c48c936-4305-4a31-b9e3-89054a4a15ea,30,Male,44,One year,Credit card,99.36,4389.42,7,Yes
3f91c419-e846-49df-b373-35549e204ac7,57,Male,49,Month-to-month,Bank transfer,47.61,2304.08,8,No
a5b13afd-af2c-40ac-9539-22c05ea0942c,48,Female,16,Two year,Bank transfer,118.05,1753.69,5,No
7808a004-02a4-48e1-95f2-f85a754a3e48,42,Male,21,Two year,Bank transfer,27.67,588.57,8,Yes
f9723977-52c0-4f9b-9f16-eb702219b7f7,25,Male,25,Two year,Mailed check,33.96,882.54,5,No
3653e588-afd5-4fe7-a5c6-2548b169fded,63,Female,22,One year,Credit card,62.18,1414.29,2,No
6c5ccba7-b55d-4fc1-a22c-c212b69d2f48,66,Male,31,Month-to-month,Credit card,58.44,1859.27,0,No
12b3c5eb-4198-4029-98e1-d54cbc715183,25,Male,66,One year,Credit card,65.83,4348.75,1,No
0d574085-0f0a-4450-8e97-8ce118643b6a,47,Female,39,Month-to-month,Electronic check,59.54,2338.96,1,No
788f06ed-3c1e-419b-ae5a-400755367ab6,35,Male,54,Month-to-month,Credit card,72.11,3896.57,0,Yes
9b3b5b4c-ff2a-40c0-9ab3-83c9e88188c3,29,Male,7,One year,Bank transfer,119.37,843.6,3,Yes
cd602879-f79b-4079-abb8-fe95f077671b,54,Male,20,Month-to-month,Credit card,78.72,1528.7,1,No
cf5285f7-bf8c-46f9-b5a6-1d619925bc9b,58,Female,5,Month-to-month,Bank transfer,106.98,459.28,6,No
8129aa0c-40ef-4857-815f-566c0ba6aa86,53,Male,48,Month-to-month,Electronic check,60.73,2941.21,4,Yes
fa3f012e-4d71-4f28-a185-21ab9ea1e617,38,Male,69,Month-to-month,Credit card,41.3,2851.63,0,Yes
21da5db1-5ef3-41c2-abd7-d3f1650ad9aa,40,Male,56,Two year,Mailed check,66.07,3721.22,4,No
0a872ac2-8f3f-4995-a468-eb64f7d2a2ee,48,Female,65,Month-to-month,Electronic check,23.99,1657.88,3,No
2b7c5ee3-42a2-4950-adeb-5687949aca46,20,Male,20,Two year,Bank transfer,41.47,818.32,9,Yes
56d44952-ee29-480e-be2a-c03a80f58b81,68,Male,62,Month-to-month,Mailed check,106.38,6682.1,9,Yes
16f32b93-21c5-4a88-b7d4-68eae0bdd765,27,Male,39,Month-to-month,Bank transfer,74.29,2858.15,8,Yes
6ed47a6d-87c9-4aac-b5d3-4f2f513bb65c,27,Male,15,One year,Bank transfer,108.46,1561.95,0,No
50326fe6-1de9-4c72-82a9-f7e5244cb9a8,68,Male,70,One year,Credit card,55.36,3880.31,1,No
7fcc4456-20bc-4fa0-ba80-10620b4e360a,21,Female,69,Two year,Electronic check,55.24,3764.48,2,No
47efa886-d5b5-47b0-b92e-dfa1df266424,18,Female,13,Month-to-month,Mailed check,33.95,500.94,9,No
6e1a1e1b-ed1d-4efa-9c4f-c55ebf715a28,50,Male,52,One year,Electronic check,85.02,4456.33,4,Yes
4362262d-e07e-4721-a71d-6ba3486dce57,21,Female,31,Month-to-month,Electronic check,71.88,2130.93,7,Yes
ed3d5159-c2f5-4a5f-945f-f4db9ce91544,59,Male,24,Month-to-month,Mailed check,101.91,2476.69,3,No
6f8ef978-5021-41bd-8458-526b4385a3e3,56,Male,23,Two year,Credit card,76.95,1754.06,5,No
bca37653-50c7-4baa-aa3c-6137e48623dd,50,Male,47,Month-to-month,Credit card,91.27,4282.56,6,Yes
f33685da-c380-4b4a-bdc4-2f12fe9bd0e1,27,Male,52,One year,Credit card,41.98,2170.73,8,No
ec4014c6-da60-49f3-8e40-b29426b94955,20,Female,29,Month-to-month,Credit card,110.82,3277.61,7,Yes
70a32883-cc58-4872-a2fb-a345a84ca488,23,Female,57,Month-to-month,Mailed check,80.74,4466.36,8,No
0df81d2b-260c-437e-b05d-0ef70d9ff83d,58,Male,6,Two year,Mailed check,82.28,439.19,1,No
7862246c-092e-44b7-aee2-59893ad82406,36,Male,69,Two year,Electronic check,107.93,7433.82,3,No
7796048f-b4b9-4b73-a9de-bccc429e09bd,65,Female,26,Two year,Credit card,74.99,2033.54,7,No
e52a33e6-fec5-4a89-9db3-c0756fb9de37,53,Male,48,One year,Bank transfer,95.61,4553.26,8,No
71076f2e-0a71-4350-beb2-7900ed5d6510,43,Female,30,Two year,Mailed check,47.19,1343.56,1,No
8f942977-b582-4f0c-bd23-36f45b44e6ed,30,Male,15,Month-to-month,Bank transfer,115.85,1705.98,0,Yes
1ccc33c1-7e34-4f69-b52f-bd7e7c360908,64,Female,53,One year,Bank transfer,28.8,1478.23,3,No
25e6d919-ddeb-4d5c-b842-7379d888dcb6,60,Male,44,Month-to-month,Bank transfer,35.52,1556.9,0,No
3427e466-17f4-485d-997f-aaf01fa7cddf,57,Female,46,Month-to-month,Bank transfer,27.39,1253.17,8,Yes
d5bf85f3-2e3f-474c-88bb-db12de4097c3,45,Male,63,Month-to-month,Mailed check,70.24,4474.97,4,No
d294100f-823c-434a-bffb-d93b2b15619e,59,Female,19,Month-to-month,Credit card,77.2,1441.57,7,Yes
a9c3640d-e411-49d7-9030-fb0c45d5aacb,54,Male,69,Month-to-month,Bank transfer,115.18,7968.3,6,Yes
ff7d39f7-9563-4c97-b65f-982b95eef45c,54,Female,65,Month-to-month,Mailed check,27.81,1812.32,9,Yes
c4502052-86a8-421a-810e-622bf8bc920c,18,Female,37,One year,Electronic check,78.65,2913.74,4,No
eba0330c-6a9a-4f4b-ae39-c29a921f266f,57,Female,66,Month-to-month,Electronic check,89.54,5959.78,0,Yes
7f843004-c4ac-41b5-bf04-2c7b13ab7d2c,30,Female,62,Month-to-month,Mailed check,89.83,5596.95,4,Yes
5422ea97-e32a-4787-9824-6315ad49e072,48,Female,39,Month-to-month,Bank transfer,115.97,4530.96,6,Yes
fb38bc6c-ae6a-4c48-88c6-a7ed06a574ec,46,Female,58,Month-to-month,Mailed check,31.23,1752.79,3,No
5fa18468-64e8-4ffc-9f3a-cc68ae3e6268,52,Male,13,Month-to-month,Electronic check,115.3,1507.24,2,No
1b2765f6-f383-44f7-addc-ac0a97206c66,57,Female,55,Month-to-month,Electronic check,62.95,3418.41,4,Yes
076451d3-275d-4459-92d3-6897d6442365,46,Female,51,Month-to-month,Mailed check,71.6,3697.54,7,Yes
b52c4358-d4a8-445a-b5d1-d77614c08f6d,55,Female,62,Month-to-month,Bank transfer,56.9,3592.41,1,Yes
a0dbfca2-743c-4b6b-bad7-c891a8d791b6,69,Male,25,Month-to-month,Mailed check,105.98,2579.71,2,No
a87319fe-981d-4530-84f2-0d97f4881671,20,Male,50,Two year,Electronic check,118.88,5953.29,3,No
0b398e89-f842-4163-9455-5290017c75c5,26,Female,16,Month-to-month,Credit card,100.55,1625.65,2,No
73fe7e1d-f36d-4b13-9f53-4d9aa7faf009,46,Male,7,Two year,Credit card,66.64,569.4,4,No
fff446b9-bb46-4c13-b28a-030b532da8fe,42,Male,30,Month-to-month,Bank transfer,37.38,1165.27,6,No
cc0a628b-f518-4923-a829-2e3bbbfc5dc1,54,Male,25,Month-to-month,Bank transfer,72.24,1725.82,3,No
dcffd7b6-361c-4373-a11b-20eb91b45e06,48,Male,14,One year,Bank transfer,84.59,1150.65,8,No
486fac8f-a4c5-4ae5-8d32-e7120c767092,22,Female,59,Month-to-month,Credit card,85.15,4998.51,8,No
be69ad39-0e37-4b07-8c53-5c3e52bb530d,60,Female,47,Month-to-month,Electronic check,73.45,3405.7,7,No
9a2fc701-f3af-4b09-8c12-6e0e121af952,40,Female,46,One year,Electronic check,92.52,4269.08,7,No
41526bff-661b-4738-97b1-6c4361a2d612,50,Female,41,Two year,Electronic check,102.41,4191.58,5,Yes
c5583a17-f70d-48a0-bd75-e4232d921dab,40,Female,37,Two year,Electronic check,46.01,1696.6,9,Yes
054046cc-16d5-4b84-a61f-7117dd926cbf,25,Male,68,One year,Mailed check,39.13,2633.17,3,No
6374ed14-29b6-4b14-b54e-15ecda33562c,62,Female,8,One year,Bank transfer,32.31,205.05,0,Yes
a5accd5a-48f1-4eed-a703-7089c78cd2c3,23,Male,9,Month-to-month,Credit card,22.42,202.62,8,No
27755e9d-a770-4217-b455-af73c0a7ad9c,44,Male,9,One year,Mailed check,77.95,708.55,2,No
cd14eacb-7da8-4631-8c6d-8ddd1edfc59e,55,Male,4,One year,Electronic check,92.56,294.84,9,Yes
ebf484d0-ce6d-49bf-bc63-3d6c6eaf0a90,40,Male,38,Month-to-month,Mailed check,49.49,1876.56,1,No
9a7fde23-af59-4a66-a75b-21134f62cc9d,30,Female,27,One year,Bank transfer,101.0,2763.64,9,No
189ac35d-aa5f-49ca-9bea-530d219c00cb,30,Female,20,One year,Mailed check,52.62,1035.01,2,No
332ac35a-833d-4df1-9e11-a680d5016ada,68,Female,70,Month-to-month,Bank transfer,33.26,2243.17,1,No
6359d5ce-e2aa-4dc7-b208-838e7d57ef69,59,Male,38,Two year,Mailed check,44.24,1717.49,3,No
99afee64-9024-4225-84bb-10e079f7f38c,45,Male,18,Month-to-month,Electronic check,82.34,1371.82,8,No
6c2b5781-c1a9-4ee2-9718-cfde6c4e5a8c,69,Male,46,Month-to-month,Bank transfer,45.17,2024.59,6,Yes
2fb50401-9d26-4076-9e44-b774cf9d539c,39,Male,17,Month-to-month,Bank transfer,37.05,611.2,0,No
17cb67b8-6d0f-44e6-a174-a7856f2190cb,44,Female,61,Month-to-month,Credit card,107.08,6546.65,5,No
f9285706-577c-4717-836a-58870a5a2698,68,Male,22,Month-to-month,Mailed check,52.91,1204.89,5,No
a5c9cf20-3967-46aa-ad2b-2c8276a990f1,39,Male,24,Month-to-month,Mailed check,88.62,2054.18,2,Yes
ee403b9f-27b2-45c1-b6b0-d0b9afad328e,29,Male,21,Month-to-month,Electronic check,45.74,965.11,7,Yes
a5b09024-a12a-4119-86fb-bcdb7ecd7062,49,Female,52,One year,Bank transfer,109.97,5754.26,6,Yes
77dd362b-4a6b-436b-957f-108b86514886,22,Male,53,Month-to-month,Credit card,102.04,5366.53,9,No
cd320878-e83e-43a0-9445-587e6ff6881f,35,Male,51,One year,Bank transfer,32.69,1643.68,7,No
fbf3a106-260b-43e0-8ce6-929f7a44bd05,26,Male,55,Month-to-month,Credit card,26.46,1441.05,7,No
4ce794d7-e724-4119-af2f-32a720b6d43c,18,Male,45,Month-to-month,Credit card,62.32,2660.6,0,No
6d7fd4e2-85e9-4c6c-bfa7-c199d76f0813,54,Female,63,Month-to-month,Bank transfer,73.82,4614.23,2,No
8d0df6f6-0c37-4b80-918b-8e184ba4af25,38,Male,3,One year,Mailed check,36.38,173.85,8,Yes
836f224b-0b8b-46f7-aad4-4e111397a29f,44,Male,38,One year,Bank transfer,44.73,1639.19,6,No
69bba3c4-6cc7-41f0-82ba-0fed1b8dc821,25,Male,15,One year,Electronic check,93.85,1455.7,5,Yes
b8663c7c-a92d-4f4f-b6f3-ba5018302082,18,Male,56,Month-to-month,Credit card,101.75,5630.16,0,No
5aff4594-40dd-4895-9015-48989187c9a0,21,Male,23,One year,Mailed check,23.1,516.91,3,No
c4c608eb-14ee-4987-95e7-c6e4413e84bd,46,Male,35,Month-to-month,Bank transfer,119.62,4237.31,3,Yes
bd9277a4-1d2a-4042-842a-2f6480e1be4d,35,Female,56,Two year,Electronic check,77.24,4318.83,9,No
c942e6e8-2df7-41e0-b67f-3c15a95d3271,33,Female,6,One year,Credit card,60.68,383.07,9,Yes
0b961346-6498-4a39-97c8-f02c2ea5312a,39,Female,29,Month-to-month,Mailed check,61.41,1759.88,2,No
b4522738-e073-49de-aa8f-7654155287c7,50,Male,4,Two year,Bank transfer,86.92,406.98,5,No
b95e44e3-9653-49ee-905e-c9d64c32a0a2,57,Male,69,Month-to-month,Mailed check,105.79,7381.28,5,Yes
732fc932-ab96-4697-81e1-f813747ac231,22,Male,7,Month-to-month,Electronic check,20.07,176.28,7,Yes
5761b099-43db-4a42-8ece-36ae9fb209b1,31,Female,46,Month-to-month,Mailed check,101.81,4639.83,5,Yes
cf5c8dd3-df10-4434-ab09-6202f77aefe1,60,Male,66,Two year,Bank transfer,91.31,6110.15,5,No
140642a8-2f61-4334-b608-93b22febcc33,35,Female,25,Month-to-month,Mailed check,29.48,813.5,0,Yes
4262a48c-9aa3-4580-bb70-8dd7bf3d5023,46,Female,53,Month-to-month,Electronic check,62.51,3331.43,3,Yes
6f0d7229-1b38-4c72-ac64-8459df22367d,48,Female,68,Month-to-month,Mailed check,63.99,4291.91,3,Yes
651a6277-017f-419f-8496-179588ccddbc,44,Female,56,One year,Electronic check,63.43,3609.55,0,No
a7e29299-2bf6-4915-8367-ee2c1ddea07d,42,Female,53,Two year,Mailed check,61.86,3207.49,3,No
67b41520-b11a-4696-b5cd-3e5c7a248720,34,Female,54,Month-to-month,Bank transfer,47.42,2578.16,0,No
be86f5d0-f73e-4b07-a860-25bfde68666d,49,Male,68,One year,Bank transfer,63.43,4368.12,5,Yes
4d844cb6-7c99-486e-b9d5-546c9a154b85,57,Male,17,Month-to-month,Mailed check,59.01,922.11,5,Yes
9de2fd3f-f952-41e8-9029-733c9e55f98d,55,Male,42,Month-to-month,Mailed check,26.14,1112.76,8,Yes
f69072cf-ac7e-4cc6-b0cf-3e7f5c58b8ba,46,Male,67,One year,Bank transfer,106.12,7099.38,3,No
cdfcef75-651e-49f1-acd3-80efb0b710ab,59,Male,35,Month-to-month,Electronic check,70.02,2563.32,1,Yes
2296d3f6-2005-4d7e-966f-419a4d7ae829,60,Male,31,Month-to-month,Electronic check,107.44,3346.81,0,No
d0e34b2b-1ca6-4c33-b0d8-67cd038d5f5a,23,Male,26,Month-to-month,Mailed check,109.88,2844.33,6,Yes
302f420e-f874-45ca-b22f-2e9104110e35,36,Female,9,One year,Credit card,99.9,969.0,6,Yes
7b2a7f10-3590-4039-86dd-5e19dbe83664,23,Male,71,Two year,Credit card,64.44,4643.69,0,No
3de54ee2-a655-496c-a528-d32da60c2bed,19,Female,66,Two year,Mailed check,26.55,1713.83,0,No
dbb24c33-a045-4992-9793-30f16f8fd55c,63,Female,47,Month-to-month,Credit card,86.99,4125.85,4,Yes
160a3a13-30df-450c-89e0-8b89ca3e3238,65,Female,7,Month-to-month,Mailed check,98.15,700.32,2,Yes
25ee2f0f-76a3-4eb0-850c-71f44d08f416,44,Male,60,Month-to-month,Bank transfer,35.24,2092.05,3,No
1dd03ecd-0595-49a3-ac00-46f07957595f,44,Male,50,One year,Electronic check,28.6,1437.68,6,Yes
bd20c36a-2705-44cb-a704-b1152a85e3b1,60,Male,14,Month-to-month,Electronic check,49.74,647.35,4,No
7c2c0791-f6bf-4aa9-b1fc-f2e6b3dd7820,59,Female,5,One year,Mailed check,67.88,336.13,3,Yes
73137fa5-dc1b-4eb1-8506-536c78b3842a,33,Female,14,One year,Bank transfer,29.7,327.67,9,No
4b7a123e-338a-4a2d-be1c-fa1495d16384,69,Female,7,Two year,Electronic check,71.28,542.56,4,Yes
6448a3d5-d576-4137-9456-e29d91c631cf,57,Female,24,One year,Bank transfer,87.24,2091.48,3,No
1a482803-0204-4c81-9577-32970d093c73,67,Female,3,One year,Bank transfer,70.88,190.98,3,No
6e89a7a8-b68d-4037-98fe-3fb8a1628abf,55,Male,6,One year,Bank transfer,36.65,185.5,1,Yes
7ee667de-d93e-4a4d-aa6a-642bfabfa7ef,27,Male,62,One year,Credit card,67.6,4175.9,9,No
bb27f6bc-9888-40d9-9423-251ebcb12a00,69,Male,11,Month-to-month,Bank transfer,68.72,784.67,4,No
0979f5d3-4a70-4330-bfc0-31368de6e6b3,54,Male,27,Month-to-month,Electronic check,35.67,989.61,6,Yes
836b47c3-7c71-4cc8-a651-73fa7ccc9258,43,Female,3,One year,Electronic check,96.06,235.81,8,Yes
ef6e9295-9c8a-4485-b980-50a6974e598d,40,Female,60,One year,Bank transfer,73.64,4399.14,2,Yes
de1d4653-d112-4bb8-a7b2-df91adbd2e33,57,Male,43,One year,Bank transfer,59.17,2658.11,4,No
0f8a579c-b6db-4b2c-bb5e-2d657ce71cca,47,Female,63,One year,Electronic check,57.32,3649.13,1,No
938f2b90-6c08-4d6c-84de-78f8873f3f03,41,Female,44,Month-to-month,Credit card,20.22,893.79,2,Yes
4491be40-1042-4a8e-8da2-2a3950db8e34,54,Male,47,Month-to-month,Credit card,65.84,3045.0,6,Yes
e39eb7c2-6ac9-4528-a5f7-01fee493998a,21,Male,32,Two year,Bank transfer,35.04,1173.06,4,No
9f690cde-7eaa-4a91-9def-d401792cad76,18,Male,60,Month-to-month,Electronic check,29.64,1795.63,2,Yes
72c573e9-58c5-4875-a56c-0a56f05ff9c3,42,Female,70,Two year,Mailed check,44.92,3083.02,9,No
294d25fc-0553-4a50-afac-c50db2904e73,30,Male,19,Month-to-month,Mailed check,80.32,1481.78,5,No
78202426-3134-4ab8-b9e8-d78149bb1313,55,Female,50,Month-to-month,Mailed check,40.55,2134.04,3,No
81f46dfd-3b6b-4c0d-b028-05af580661f1,44,Male,25,Two year,Mailed check,69.73,1662.11,3,No
af5a7636-e8b8-4252-9670-cd19383e69a4,47,Male,33,Month-to-month,Electronic check,106.16,3488.03,6,Yes
da7bf28b-9a23-4be3-abf6-dd3256d2bb12,30,Female,60,Month-to-month,Electronic check,69.78,4156.28,2,No
77ed78d9-a82e-4889-b717-4acfd7abed02,22,Female,71,Month-to-month,Bank transfer,81.98,5860.13,3,Yes
b9163357-4b1b-4f3b-a217-a6df21939b93,26,Female,61,One year,Credit card,87.91,5312.53,2,No
6ab76840-f5b5-4c71-a3ef-5e69b61d56f5,26,Female,42,One year,Electronic check,90.97,3842.61,2,No
a70a409d-ac50-4260-b0f2-4933d544c79b,69,Female,3,One year,Mailed check,98.96,266.77,1,Yes
78ea47e2-cbc4-4d42-9c39-b57dbc0dbd13,39,Female,49,Month-to-month,Bank transfer,87.61,4259.76,5,No
297a8503-d833-43c3-b88f-a199ccbcbf4b,43,Female,4,Two year,Electronic check,73.2,284.88,5,Yes
b0d18df1-484f-4db9-b50b-9f519f310fff,24,Female,64,One year,Credit card,22.32,1423.74,0,No
7b9ea9eb-aac4-463f-9610-ac0abfcf214e,42,Male,39,One year,Credit card,67.98,2568.37,9,No
2804335a-3311-45e0-ac5c-ce54210c78d9,68,Male,45,Two year,Mailed check,32.43,1428.4,2,No
cb21aa80-19d4-439a-bdff-e27d9b125dfb,63,Female,22,One year,Credit card,68.56,1485.57,5,No
7e64c44f-fe67-4797-b16c-084e6a7df379,46,Male,34,One year,Mailed check,28.69,991.74,7,Yes
8e8c71d8-359d-45ae-bc16-89c24dbc217c,21,Male,55,One year,Electronic check,32.46,1811.63,0,No
5bd972c7-04a4-44e7-bfcf-956e0c0b6cd1,40,Female,26,Month-to-month,Bank transfer,21.35,543.43,9,Yes
ad4b24ec-5b67-4a25-82c4-5041e1831003,69,Male,69,One year,Mailed check,104.78,7271.03,2,No
dc05ae03-d3f4-41e7-acba-1bc6289a5e38,32,Male,71,Month-to-month,Bank transfer,69.99,4997.89,3,Yes
ce8b76a2-082f-4fb9-80e3-fe4fe4fb2a3b,22,Female,36,Two year,Bank transfer,79.31,2794.07,5,No
1d2d1771-6e3d-4494-9675-c8f3104c6350,53,Female,22,Month-to-month,Mailed check,70.16,1539.24,1,No
8fde042a-1ee5-4930-ba08-5f6a9e189a98,18,Male,26,Two year,Credit card,33.22,866.33,4,No
fe60afde-4200-41aa-bc82-6fbe395e54f0,30,Female,13,One year,Bank transfer,86.42,1110.55,0,No
c4f5b03e-5af1-428c-88ee-46bf571f7cdb,65,Male,48,Two year,Bank transfer,25.46,1271.87,8,No
8e990457-e0b1-4762-8524-f0470bf2fb51,37,Male,19,One year,Bank transfer,51.78,942.71,0,No
da78f4c5-26b3-403a-a575-13a5447a4e2c,40,Male,52,One year,Mailed check,61.62,3141.7,5,No
9ab2b735-83f0-4e7d-9faa-8505b0acb9ba,37,Female,10,Month-to-month,Credit card,21.31,252.08,3,No
0ce87570-b4d6-43e6-9aa9-0d26ab636d66,38,Female,13,Two year,Electronic check,21.66,287.41,0,No
cc8a6796-7015-493c-b23e-9a06ed37c2ce,40,Male,16,Month-to-month,Mailed check,98.0,1601.35,4,Yes
c179c596-d772-463e-b670-0a627506d74c,20,Female,44,One year,Credit card,55.42,2460.32,8,No
c81a5f0f-1b1b-4a94-b983-4d4b1c65f6bd,64,Female,13,Month-to-month,Mailed check,40.32,409.05,8,No
dbbf46ed-c83b-4467-9c12-67d29c4e7b65,57,Male,38,One year,Credit card,26.31,992.15,1,No
8ffe38c9-d2d8-4eb3-9a14-0609f287b989,27,Male,22,One year,Credit card,118.08,2622.91,7,No
2ac38bd3-1afc-488c-81de-c9db0abe8257,54,Male,23,One year,Bank transfer,22.7,501.49,1,No
34943114-def1-4d58-9e39-2331a142d68f,33,Male,62,Month-to-month,Bank transfer,95.74,5905.93,9,No
ba751921-2833-48ea-9c94-563ae9365d1b,57,Male,38,Month-to-month,Bank transfer,45.26,1790.0,1,Yes
c3101e2e-7107-414f-b54a-31ba4ac8927e,21,Male,18,One year,Credit card,73.63,1245.08,8,No
ded89c47-bb88-454e-bf96-8d71818270d2,50,Female,37,One year,Electronic check,100.41,3730.83,9,Yes
5d1ddcb7-a5a7-4280-a77f-ecc6196b58f1,25,Male,1,Two year,Mailed check,66.05,130.32,6,Yes
1f7bd82f-2345-4e72-91b4-856255a8d6a1,25,Female,8,Two year,Mailed check,94.06,818.73,3,No
f83a1bce-7069-4977-b3af-15bed93d8722,55,Female,9,Month-to-month,Electronic check,112.6,1006.51,0,Yes
01afb939-c4df-4b8d-84eb-8e5d6a6e94cf,36,Female,26,One year,Bank transfer,22.13,610.77,4,No
7942000a-cf24-4413-95b6-54383ecd0888,57,Female,48,Month-to-month,Credit card,115.67,5522.31,7,No
2bd7d038-8149-4b7a-8968-fdf25760c094,21,Female,23,Month-to-month,Bank transfer,53.16,1242.24,8,Yes
b717548d-5f57-4d27-8419-99b615d1e2f8,25,Female,35,Month-to-month,Bank transfer,59.78,2033.51,7,Yes
a1230193-5c53-4042-aa3e-0103c13d8929,55,Female,70,One year,Bank transfer,116.52,8212.97,4,No
c0d2201b-26cf-4e04-bed5-e52eaa3d2111,36,Male,11,Month-to-month,Credit card,92.7,1075.09,5,Yes
c986f893-6bf5-4c98-8797-2916c0e5d883,44,Female,33,One year,Credit card,43.62,1464.89,3,No
6dc75587-cd40-4648-a353-98a63a6a22d9,32,Female,65,Month-to-month,Credit card,25.75,1651.67,6,Yes
e5e79add-68c8-4ed8-ab03-5cda69d53317,46,Male,63,One year,Bank transfer,107.27,6749.04,1,No
8422c0cf-da36-433a-b3ab-d2467570d730,32,Female,7,Month-to-month,Bank transfer,79.26,550.29,1,Yes
f198f62e-5c9d-4ead-aea4-91fccb6b6306,40,Male,15,Month-to-month,Bank transfer,96.23,1318.56,6,No
c528ac36-2545-434c-b14c-d65e079e8b0b,57,Female,35,Month-to-month,Credit card,89.03,3014.52,1,Yes
8470f6c8-ce66-41cb-b7b6-51ee028bffb6,38,Male,5,Month-to-month,Electronic check,21.64,91.25,3,Yes
569b111f-15b4-466e-91d0-12a7f19293c9,41,Male,56,Two year,Mailed check,98.2,5454.23,5,No
c5ba36af-fb60-4e1c-a6d2-975250970843,20,Female,22,Month-to-month,Bank transfer,25.68,595.47,0,No
64ad1905-0fbc-4377-af1f-5c6a2a112eab,29,Male,58,Month-to-month,Bank transfer,91.56,5270.82,3,Yes
ec2a322b-a901-4e33-897e-f98dc25a6eb3,53,Female,49,Two year,Mailed check,44.88,2271.83,6,No
93162f53-e70a-4828-a6a4-cbefa437199c,51,Male,26,Month-to-month,Electronic check,102.23,2686.02,3,No
fae45d7c-a1b1-487e-ba4c-b5590ecc9ff5,36,Male,63,Month-to-month,Mailed check,27.51,1687.27,1,Yes
e0354d75-a90d-45ad-8c8f-e6ceb69f627c,27,Male,26,One year,Mailed check,59.26,1603.05,1,No
6b579789-4bb4-4889-b900-5224851031c0,44,Female,47,One year,Electronic check,96.52,4582.48,7,No
b366ffd1-ae4d-4a19-a2c2-aa2466e9a80e,43,Male,69,One year,Bank transfer,21.09,1432.21,2,No
b8b791b0-4de8-4d1e-9fa0-bc178db969af,25,Male,50,Month-to-month,Mailed check,51.88,2630.75,8,Yes
581ab26c-e8c3-4a79-904e-54acbe216c79,25,Female,25,Month-to-month,Bank transfer,116.89,2863.3,6,Yes
e67410de-479f-45f3-93b6-81500205e16a,57,Female,40,Month-to-month,Bank transfer,87.56,3535.61,9,Yes
2598bc54-eba2-467c-9c43-3e67871d5bfc,59,Female,68,One year,Electronic check,47.19,3149.13,3,No
a4d546e1-7239-4201-a768-7c42b3468999,40,Female,64,One year,Mailed check,67.57,4331.16,2,No
9fd60922-8b5f-44aa-a338-6d523483a23b,29,Male,37,Month-to-month,Mailed check,113.55,4172.79,5,No
71305648-a6eb-4702-9e41-8884c9d0c0fc,28,Female,66,Month-to-month,Credit card,78.92,5089.37,9,No
cfd42949-e33e-4976-9862-5813b28d7506,34,Male,30,One year,Credit card,61.13,1793.94,8,Yes
c680a2e5-678d-4f97-a614-f06ac81484cd,60,Female,24,Month-to-month,Mailed check,42.67,970.46,3,Yes
15936f42-4d31-49b3-a187-8e933281f976,28,Female,59,Month-to-month,Electronic check,71.64,4174.18,2,No
63d69dd8-55a1-4414-8995-3dd10976e09f,42,Female,37,Two year,Mailed check,39.06,1473.9,6,No
e13f8740-bd74-4fe0-b808-8e14b9a01137,24,Female,41,One year,Bank transfer,48.34,1970.26,4,No
8a713a73-fdee-4aa1-853d-80902041e7ed,67,Male,25,One year,Electronic check,97.13,2482.06,9,Yes
82fce908-17c3-45fc-b6b7-4e2748af7f10,18,Female,62,One year,Electronic check,99.38,6231.28,4,No
5738b277-8576-4472-8fef-c63f8d41d660,26,Female,36,Two year,Electronic check,76.42,2743.77,6,No
05fef7bc-28f7-4d49-a2bc-491ec1cdc9a4,52,Female,1,Month-to-month,Electronic check,75.33,115.74,7,Yes
8a39068b-cbed-4473-a3eb-f7c10723e11e,49,Female,32,Month-to-month,Electronic check,30.99,1019.37,6,Yes
d50cf57e-3dc8-419c-8239-850b97ae50f0,61,Female,2,Month-to-month,Bank transfer,104.02,242.83,2,No
6c3912ef-b9fc-429f-8dcf-2615c62f3461,60,Male,51,Month-to-month,Mailed check,39.45,1973.55,8,Yes
bb63721d-1c45-4ba3-8159-ace5fca91028,43,Female,3,Month-to-month,Electronic check,93.98,227.45,7,Yes
427f6635-5f7b-4b00-9772-03300f589a93,34,Male,27,Month-to-month,Bank transfer,50.12,1385.84,4,Yes
1fb235c4-5abe-43fa-81eb-7abba08262df,64,Male,57,Month-to-month,Electronic check,92.26,5343.93,2,No
f0fbdb65-a6a5-490a-81ad-e98a0c3838a5,61,Male,29,Month-to-month,Bank transfer,71.85,2141.66,5,No
928b1e4b-4c47-4ded-b2e0-6bb41fef9a77,37,Female,58,Month-to-month,Bank transfer,45.65,2680.46,4,Yes
56c76990-7401-43c1-8155-aa51bca2c581,30,Female,37,Month-to-month,Mailed check,60.85,2181.29,7,No
beea002a-ce2d-4105-bc70-dfcafba2a5f1,39,Female,45,Two year,Bank transfer,94.7,4270.05,7,No
b6f31d02-90ca-4ac3-94e3-552bfd2f1be9,61,Male,52,One year,Electronic check,115.84,5994.83,1,No
aa5f8dfc-a0b3-4a83-b002-9577e4f364d5,60,Female,65,Month-to-month,Electronic check,72.42,4621.58,6,Yes
3bdccce0-9875-44da-9830-dffe88859ae5,22,Male,15,Month-to-month,Credit card,70.75,1121.06,0,No
aabb6cac-48d7-4165-8c98-7a1b59afb1d1,38,Male,34,Month-to-month,Credit card,116.62,3984.85,2,Yes
92a0c677-b700-43c5-90a9-0840c8e7f2f6,43,Female,12,Month-to-month,Credit card,86.75,1012.78,1,Yes
60aeb372-b6df-44a6-a3d5-2be0ac249f30,64,Female,34,One year,Mailed check,37.05,1199.94,8,No
1af026df-3f64-45ee-bccd-9b8c8508df91,68,Female,14,Month-to-month,Credit card,65.72,894.22,8,No
314b4d36-9516-4359-8436-2fc753edc74f,69,Female,17,Month-to-month,Mailed check,109.94,1917.06,8,Yes
744da236-5c7c-4778-874f-054fd2a5d216,39,Female,50,One year,Electronic check,92.86,4654.53,0,No
6cfa28cf-b62e-410a-a584-83851915bb1c,58,Male,45,One year,Electronic check,41.46,1927.1,1,No
179d9ae3-14fa-4d50-a97c-4d7dd4147d03,62,Female,50,Two year,Bank transfer,93.58,4610.9,1,No
214bd473-e375-4867-acc5-60710febecad,67,Male,13,Month-to-month,Electronic check,52.8,718.57,2,Yes
13fc927f-7237-4f5b-b6fc-1c4679ebb8bb,23,Male,49,Two year,Electronic check,105.6,5095.8,6,Yes
671adde5-86b8-4fef-ad44-3c485e8a10da,67,Female,55,One year,Bank transfer,70.25,3853.22,0,No
c7610e83-84d9-4451-8f18-8e729696dc6c,46,Male,18,One year,Bank transfer,77.51,1416.41,1,No
9594eea8-4381-4e47-9f3c-5c8a651076d6,36,Male,5,One year,Electronic check,103.14,531.5,7,Yes
ff1b654d-6c65-459d-a2ef-1e217fb32568,60,Male,16,One year,Electronic check,93.43,1475.02,8,No
f2a45575-ee58-4967-b063-796a70a91477,28,Male,9,Month-to-month,Electronic check,63.06,544.46,2,No
6abb6c41-f928-42a9-bb51-cd747d52903f,54,Female,68,One year,Bank transfer,109.08,7462.92,6,No
817b2f21-24f3-4f14-a9b0-1062d2e55512,64,Female,60,Month-to-month,Mailed check,73.97,4491.08,1,No
752caa97-b60d-46a3-bc19-8515208b326a,22,Female,28,One year,Credit card,106.51,2884.38,2,No
83601fb5-b45b-4ad3-b7d0-eea0211f632b,69,Female,47,Month-to-month,Electronic check,64.61,3095.22,6,Yes
b1c8d50a-1e39-4f21-8775-cabfdcff5f1e,64,Female,16,Month-to-month,Bank transfer,55.97,934.35,5,Yes
0858f527-792d-4499-b497-375c366fbddd,50,Female,8,One year,Credit card,84.07,647.96,3,No
8f1c5f8c-f1ae-4af9-a826-a561bf1a61d7,47,Male,38,One year,Bank transfer,104.65,4074.94,8,Yes
1e6773d7-f3aa-472b-abf4-5b9d5e8c8bbf,55,Male,37,One year,Credit card,103.32,3850.97,6,Yes
1c3efda4-689b-4fb2-9a31-7fd79a0278a6,60,Female,39,One year,Electronic check,22.54,855.26,4,Yes
4a229ba5-925f-4cc6-9e9d-2f8a1ef11a27,35,Male,3,One year,Bank transfer,37.7,173.66,6,Yes
1e245a97-273e-46f4-85d4-bf0f0a4fee3b,34,Male,21,One year,Credit card,116.06,2466.35,9,No
5fdc9844-fdb3-4e45-8e0f-89b95f187c02,25,Male,44,Month-to-month,Electronic check,47.54,2136.22,9,Yes
07298d47-7c65-4dc9-8b42-5bba4da273ed,20,Female,40,Month-to-month,Credit card,108.69,4407.19,4,No
c8a6a005-2463-463c-a493-16b4ca8c5366,24,Female,33,Month-to-month,Credit card,67.5,2242.34,1,No
efd37a6d-0c74-4518-abf8-43df96f19d54,46,Female,18,Two year,Bank transfer,20.79,414.15,9,Yes
48924bd6-e399-40dd-8e1f-39bee4edc295,58,Male,28,Month-to-month,Electronic check,58.1,1634.2,3,Yes
bd5a6112-d1b2-4e3c-aede-2487373058be,69,Female,23,One year,Credit card,119.29,2699.72,0,No
8c2b678e-1f50-41aa-8088-b13a7d2194cb,21,Male,34,Month-to-month,Electronic check,81.66,2816.81,5,Yes
0b704f97-ded4-4617-914b-e8ca59410ea3,47,Male,58,Month-to-month,Mailed check,85.87,4934.07,8,No
4f489f45-92b4-402c-bb2e-60e16ae63480,35,Male,12,Month-to-month,Bank transfer,72.9,933.33,2,No
567b9583-e679-4a4b-b3ce-cf7c90d5e87e,68,Female,23,One year,Bank transfer,34.08,790.67,1,No
d59f2b69-79a8-432f-a097-1a15c80682d3,46,Female,19,Two year,Mailed check,36.78,737.97,5,Yes
21ffcf72-9b0f-4aa7-956c-478fb8541d6a,34,Female,8,One year,Credit card,112.21,867.76,6,Yes
a2ef0f53-8138-4447-a376-324fc30f3c69,67,Female,43,One year,Electronic check,56.94,2458.17,2,No
aacefa98-732e-4280-82fd-617775ffe99a,52,Female,57,One year,Mailed check,118.33,6747.98,8,No
ba554e35-ddc8-427b-a623-b91a72f68fe1,46,Male,71,One year,Mailed check,44.23,3086.41,4,No
9ff0f466-ccc0-4446-96dd-58af53415fe2,45,Male,68,Month-to-month,Electronic check,74.92,5170.06,4,Yes
6321d753-68dd-46fd-9fa3-8f4baa1cd2d8,68,Male,18,Month-to-month,Bank transfer,76.42,1311.07,7,Yes
56c890a5-6538-4f11-a676-6b0a3b9a3daf,50,Male,5,Two year,Bank transfer,74.19,430.91,4,No
aba23511-f544-428c-8bba-d72a8a7e9cce,48,Male,35,One year,Electronic check,104.77,3761.89,4,Yes
47020de0-bc64-47e9-b16e-c0b6e3d9de7f,26,Female,68,Month-to-month,Credit card,50.88,3387.93,0,No
2a65bae3-ddaf-4233-96a9-e518a55ac92f,29,Female,60,One year,Electronic check,45.23,2664.94,4,No
a14ed649-926e-402e-8659-8f83b50b9ff8,26,Male,30,Month-to-month,Mailed check,62.87,1881.0,9,Yes
4f10aae3-b518-474f-8587-4243cbd10fdc,65,Female,17,Month-to-month,Mailed check,80.89,1318.59,3,Yes
a4d78f64-1fb0-46cc-a529-2f568fa09a4c,45,Female,38,Month-to-month,Credit card,92.19,3489.96,0,Yes
f485e944-3142-40c7-95cc-861a8f31bf2e,19,Male,67,Month-to-month,Credit card,26.53,1854.14,0,No
c1f31143-93ac-4eb8-8ab5-a7999e63638c,55,Male,38,Month-to-month,Bank transfer,118.36,4429.73,5,No
8591a818-91fb-4925-b511-24380d892ced,60,Male,32,Two year,Electronic check,103.79,3307.27,0,Yes
80acefb5-79d0-4e2b-8024-9b51307c3f63,43,Male,23,Month-to-month,Mailed check,92.03,2144.73,9,No
a8835c66-1eca-40c0-84c7-2b2ae598e5c2,36,Female,5,One year,Bank transfer,91.96,546.71,9,No
f65e52fd-2e03-49cc-8827-f0b5efa99c7e,28,Male,71,One year,Credit card,102.1,7268.03,9,No
34afa2e1-c968-48ee-8663-f1a104db73f3,30,Male,17,Two year,Mailed check,102.51,1744.87,4,No
d6c34b19-b4a3-4c95-9466-99843ecb1bd6,46,Male,45,Month-to-month,Credit card,83.47,3710.66,6,No
15ab7cd2-71b9-45c8-945d-91a5e33d6982,34,Female,6,One year,Bank transfer,50.19,295.77,0,No
5207c6cc-9b5a-4674-8896-54b2ce926059,58,Male,63,Month-to-month,Credit card,87.87,5564.27,0,Yes
7dd12d57-0b84-4c50-96c1-b18366dc3989,19,Female,34,Month-to-month,Mailed check,75.42,2617.74,2,No
57076494-05f4-449b-af10-b6ccdcaa5994,68,Male,68,Two year,Bank transfer,84.62,5719.34,8,No
06289878-6a39-4607-ae35-c5c86fe05fa2,68,Male,62,Two year,Electronic check,96.06,5932.1,0,No
61cb78c3-513f-49a9-8724-91cadc11eb13,36,Female,69,Month-to-month,Bank transfer,38.22,2661.62,1,No
fad34352-1d59-498c-974d-6b8741d6676a,65,Female,46,Month-to-month,Bank transfer,90.36,4183.6,0,Yes
490ccf97-2b0c-456b-8ab2-0bf4196dedc0,42,Male,65,Month-to-month,Credit card,86.23,5570.22,7,Yes
c4af9dc9-416c-4562-aec3-641124df6dcc,56,Male,25,One year,Credit card,24.49,640.57,3,No
f3c1114d-4e8a-40cb-a77b-71ea16f1e5cb,59,Female,41,One year,Mailed check,20.97,949.42,0,No
0f14f86c-2b50-4ad7-adb9-4a81684344a1,20,Female,52,One year,Credit card,52.93,2741.69,4,No
2e740569-5346-405c-b60c-2dd39d4e42f2,21,Female,36,One year,Mailed check,118.02,4262.23,1,No
4c4b52aa-0ef9-4903-b69a-deac06f4b0ee,49,Male,41,One year,Mailed check,22.18,904.53,7,No
24784b7d-51ee-4cc8-9947-4d1a63d316c1,42,Female,53,One year,Credit card,106.2,5626.32,9,No
4207fb51-52ff-4ff5-a49c-5edd69aec17b,28,Male,5,One year,Credit card,52.02,326.75,2,No
e645bb00-d3e6-4c21-b10b-394d6021a15b,43,Male,69,Two year,Mailed check,52.61,3714.67,2,No
3d57ee27-33da-4fc1-8d47-e26d1ef7a52e,46,Male,30,Two year,Credit card,114.47,3443.58,7,Yes
3c8aae87-9606-406a-98d5-4b7ec08bd631,65,Female,25,Month-to-month,Credit card,106.27,2641.7,8,No
8121c051-c09c-4132-8235-00f97e33e68f,38,Male,24,Month-to-month,Mailed check,60.78,1497.05,1,No
44f00717-1d75-4901-b309-106e62928cdc,21,Male,29,Month-to-month,Bank transfer,86.97,2520.64,6,No
8d9957fa-76fe-4cd6-917e-7f4a0f8593c3,42,Female,26,Month-to-month,Bank transfer,35.5,953.84,7,No
0766699f-7bf2-4a06-90c1-de9c683629ce,45,Male,37,Month-to-month,Mailed check,23.57,924.88,0,No
e9ea8b10-3bd6-4a06-a22f-c33168518341,68,Female,71,Two year,Bank transfer,94.85,6680.82,0,No
8dd7e052-44e7-4702-84c4-7757e2db1ce3,37,Male,30,Month-to-month,Electronic check,81.38,2322.38,2,No
19fc8579-acd3-4f62-960f-69fcf6a646ee,27,Female,31,Month-to-month,Credit card,47.46,1577.81,3,Yes
a6cc0a57-8e01-4eb3-8352-8ba43f0e924b,30,Female,43,Two year,Mailed check,27.82,1245.13,4,Yes
91788bdd-4dfb-4b6e-a025-7194c903cc1d,46,Male,52,Month-to-month,Electronic check,97.03,5094.12,6,No
d8a5aa52-157b-4495-b22b-e4aa68208025,62,Male,38,Month-to-month,Mailed check,109.91,4220.46,6,Yes
c86aed73-3415-4076-801c-5617a2c3b917,51,Male,57,Month-to-month,Electronic check,76.73,4359.97,7,No
8a5a4272-5f90-4e57-a472-2a76f7c90c89,28,Male,43,Two year,Bank transfer,21.75,955.01,0,No
3ec2e72a-c832-43f0-ab0e-63fdfc3d3138,20,Male,44,One year,Mailed check,110.92,4823.72,8,No
f61b2bfd-6c7b-4a77-b3de-6bc2899bef4b,43,Female,38,Two year,Bank transfer,80.39,3039.28,1,No
0ab2e2ca-73a5-4d2e-8e1e-7525e957967a,30,Male,38,Two year,Electronic check,46.37,1815.93,4,Yes
f60b9881-76f3-4fc7-9009-6b2a00419afc,21,Female,66,Month-to-month,Electronic check,104.16,6935.33,2,No
a72edd5f-4a0c-408d-9ee8-27fad451b59f,47,Male,7,Two year,Bank transfer,56.4,402.39,0,No
0f67a174-0023-44e2-aad9-8682f8da5a79,44,Female,45,Two year,Mailed check,31.99,1429.72,4,No
45f72e6c-7b70-4f15-abfb-c97aeefa4d76,47,Male,51,One year,Credit card,118.04,6026.7,9,Yes
ae1455f4-d6e8-4ad3-803a-423a990ddc73,49,Female,12,Month-to-month,Bank transfer,110.37,1401.51,1,No
d7aa0f83-59f6-464d-bfce-50b36151bd93,62,Male,45,Month-to-month,Credit card,102.61,4621.13,8,Yes
d7371450-95cc-4da2-b677-0e04a1d8507b,52,Male,70,Two year,Mailed check,95.06,6614.98,7,No
29529420-0ba4-432b-8804-044c82a4e22e,20,Female,15,Month-to-month,Bank transfer,60.68,935.6,7,Yes
11e74656-9026-4d4c-88ba-135ebd3b17eb,59,Male,42,One year,Mailed check,21.13,858.94,4,No
b2cc4372-6532-43ae-96f7-91ac4cf6a297,26,Male,53,One year,Electronic check,40.85,2240.4,5,No
b99e6f7b-23c0-4eb1-949b-862d1f7b6b19,69,Female,61,Month-to-month,Mailed check,92.73,5559.66,9,Yes
e0d6e969-478a-443a-bfb2-bfe18e7569bc,25,Female,43,One year,Bank transfer,100.38,4295.84,1,No
813be64b-9c46-44d3-b5fa-46fe6e951719,53,Female,55,Two year,Bank transfer,33.01,1812.64,7,No
e2495790-517c-4dec-8d53-9417f5194ab9,57,Female,62,Month-to-month,Mailed check,33.08,2039.64,6,No
a29a7e5f-57b6-41aa-b206-4a1cae9e2bbf,27,Male,64,Month-to-month,Bank transfer,32.21,2007.61,4,No
b52f5f46-c0b0-4dd0-bac9-b5b642e88605,26,Female,22,Month-to-month,Electronic check,54.62,1153.86,8,Yes
a98afcb0-3ef5-47fe-85e4-307a73e5550d,36,Female,16,One year,Bank transfer,108.25,1720.17,6,Yes
35eb728f-5775-4d0f-9256-e276fba75385,31,Male,23,Two year,Mailed check,21.34,471.86,2,No
5415c636-9979-4a46-b580-8b5975b568d7,28,Female,3,Month-to-month,Electronic check,69.31,199.54,0,No
223bd9be-b11c-420e-a9fd-197204105bd1,25,Female,46,One year,Mailed check,27.98,1350.96,4,No
9bd972ca-0086-4f9e-ac19-1606a57d4eb4,56,Male,26,Month-to-month,Credit card,90.0,2350.62,0,No
0273be68-e6c5-4969-8118-71cf79fdcd33,27,Male,45,Two year,Mailed check,93.04,4120.33,1,No
8e484bc0-69c5-4d69-ac6c-db5aac367cb9,31,Male,66,Month-to-month,Credit card,33.42,2186.44,5,Yes
7d2d93e8-b40b-4288-b24d-2a35e5304b87,26,Male,43,Month-to-month,Bank transfer,118.22,5073.91,2,No
14c62aba-89c2-4ba5-a48d-f4c0c330ec14,62,Female,22,Two year,Mailed check,81.24,1742.48,0,Yes
a6b96653-a62b-4d30-a070-bdb9c98cd5fb,24,Female,13,Two year,Electronic check,99.64,1229.21,4,No
e47f9c7e-07ec-4d32-89e4-ec2813d88e04,61,Female,5,Two year,Electronic check,38.85,207.02,9,No
71f71add-abee-45b2-90e9-15d4d50372a8,48,Female,11,One year,Credit card,115.21,1352.8,0,Yes
f8d78cbc-5a5d-4cc5-9f98-2a0dac184ef9,63,Male,33,One year,Bank transfer,24.44,702.34,7,No
99ef827f-d3d4-4dd3-a05a-34f5d0126e91,39,Female,38,One year,Electronic check,70.52,2720.94,6,No
d6d24227-2d5c-4a61-a302-1daa5ba3a49c,34,Male,10,Month-to-month,Electronic check,103.16,1070.68,5,No
fbda05ae-b270-4103-8fd6-b161c49968dd,41,Female,3,Two year,Bank transfer,61.85,194.2,3,No
5ed7d1a6-7673-4495-9ff0-864c02288f07,34,Male,4,One year,Credit card,58.71,201.14,9,No
0265a223-71cf-4772-b167-d947efadf069,28,Male,60,Two year,Electronic check,72.66,4296.55,5,Yes
c227e0f2-0510-4943-be3e-b6f738b595b9,42,Male,3,Month-to-month,Credit card,115.54,359.51,9,Yes
b58dfc59-ebe0-48c1-ae38-cf4647f86de4,49,Female,1,One year,Bank transfer,104.84,210.44,5,No
d0f7c7b0-1708-4bbd-b106-e8ce5b9a289a,54,Male,23,Month-to-month,Bank transfer,75.23,1756.09,9,No
cef44098-4d9d-4bb1-a00f-80d49d0a94df,62,Female,64,Month-to-month,Bank transfer,85.01,5460.88,9,Yes
fae91634-3bf8-4406-b89d-2267b7c25d94,35,Male,14,Two year,Credit card,80.14,1080.57,9,No
096b7724-5ced-43b3-b7a0-be7a7e6a3ea7,67,Female,53,Month-to-month,Credit card,112.64,5977.23,4,Yes
b43c7851-e78d-4f32-be2a-9f7347dfa607,34,Male,33,One year,Bank transfer,116.15,3861.06,6,No
01d3a033-3586-4e6f-9b24-955cb4fbdaf2,64,Female,58,One year,Credit card,85.76,4969.2,1,No
a3708c7f-d235-45df-bbf8-b1fe3232be72,28,Male,68,Two year,Credit card,40.56,2754.16,6,No
47003fcf-deb2-4490-9c66-fdd96565e779,51,Male,5,Month-to-month,Electronic check,72.73,407.86,2,Yes
2ba46308-7e77-46aa-8015-575691b0af07,63,Female,62,One year,Mailed check,84.37,5201.51,2,No
bd22f7fc-a8eb-4ba6-b19a-ed6a8d41cb4c,34,Female,42,Two year,Bank transfer,65.27,2758.18,3,No
9a5c68ad-aeb0-4110-ac13-b24990d22d54,35,Male,22,Two year,Bank transfer,24.16,488.63,6,No
9691f45d-10bb-494e-acef-755790ad07c6,38,Male,35,One year,Mailed check,30.82,1144.66,6,No
209f4ff2-10a7-4298-bef8-1d8520d4c165,40,Male,55,Month-to-month,Electronic check,46.46,2563.08,1,Yes
db00ab4c-91e5-4e86-aefe-02c34276bfe1,47,Female,5,One year,Electronic check,33.44,172.73,1,No
ba991da0-85e8-4165-a189-6b253a5bece9,32,Male,30,Month-to-month,Credit card,55.98,1706.41,2,Yes
d900b745-311d-4ed4-863a-5bb6c841b6a8,46,Male,10,Month-to-month,Bank transfer,26.14,234.66,6,Yes
f845846e-fdf0-461e-85eb-074dad900360,50,Male,37,One year,Bank transfer,75.83,2835.55,4,No
9d4d0658-886e-4ae8-ad80-016db16784b1,30,Female,33,One year,Credit card,91.62,3038.0,3,No
e212f7e1-8f63-42bb-ae41-115540bf6f6b,55,Male,71,One year,Bank transfer,81.64,5771.25,7,Yes
6d575fd1-f019-455f-8080-1ed9743480a1,38,Female,42,Two year,Electronic check,62.01,2607.71,4,No
a6685e80-f16d-4fe8-ac50-4475a4165dd1,39,Male,48,One year,Credit card,108.47,5259.49,8,Yes
52b0147b-f052-4803-9a96-8e7d0d46e159,66,Female,40,Month-to-month,Credit card,98.88,4012.53,4,No
682904ca-febf-4c56-9826-c4966ebb7a17,43,Female,68,One year,Bank transfer,38.26,2546.75,5,No
84aeffbe-ae1f-4957-9f28-e41746273272,63,Female,52,Month-to-month,Bank transfer,116.09,5967.09,7,Yes
846af2e6-5c89-4b2a-bedd-fc1777723a5a,52,Male,30,Month-to-month,Bank transfer,75.33,2236.01,1,No
b8a1e477-e240-4060-8b20-802fc24f3f4c,45,Male,63,One year,Credit card,94.79,5922.39,9,Yes
eb1bb47f-4726-4e7f-8c05-e009397bfdd7,64,Female,39,One year,Credit card,27.36,1032.93,6,Yes
50f53bd8-72e8-4652-884c-0a556b893000,66,Male,1,Month-to-month,Credit card,51.4,56.63,7,Yes
55af47da-31d1-46cb-a450-dd3c01521e60,41,Female,31,Month-to-month,Bank transfer,93.38,2966.95,5,Yes
cec3a6f4-9262-4536-a14e-21f714f16d92,56,Male,51,One year,Mailed check,57.49,2891.59,4,No
39c2c1a2-bcc9-445c-bd81-fbc0067ec672,36,Female,55,One year,Electronic check,94.0,5220.64,8,Yes
f530c98d-6c7f-4bef-b086-47e1fa647958,64,Male,18,Month-to-month,Mailed check,103.23,1797.35,7,Yes
326684ff-3ffe-4652-aac0-32fa130e8618,42,Male,44,Month-to-month,Bank transfer,43.72,1869.8,4,Yes
10168d65-4f90-491a-9448-10de2a1b76e3,45,Male,32,Month-to-month,Mailed check,77.6,2429.91,5,No
0722ab3c-18c3-4aa9-a013-5044a041301d,27,Female,15,One year,Mailed check,61.44,977.69,2,No
062667fc-cedc-45bf-ae94-34ab7adf1458,42,Male,21,Month-to-month,Credit card,98.67,2111.83,0,No
ef60250e-a055-41d3-8c16-ab4e97b018b0,66,Female,34,Month-to-month,Electronic check,31.0,998.33,6,Yes
3f4574d4-401a-45cd-972b-81545594d9c6,61,Female,14,Month-to-month,Electronic check,43.41,565.53,1,No
f574175b-3d05-4bf4-b93c-4fbf1b9b71f0,42,Female,45,Two year,Mailed check,89.87,4013.7,6,Yes
d25697ad-0def-4fd0-951f-de3f573ecc3a,55,Male,22,One year,Mailed check,115.48,2568.83,3,No
3c9b3b84-cb4a-4dc6-8509-6c7855660d8e,29,Female,19,Month-to-month,Bank transfer,72.81,1430.19,3,No
9997496b-c697-4476-92aa-48cff18c5581,51,Female,58,Month-to-month,Electronic check,97.81,5657.34,9,Yes
187de0c5-c39b-46de-b043-77c39e9be9e2,52,Female,70,Month-to-month,Bank transfer,98.02,6819.51,8,No
1ff49f0a-9435-4cb1-b24a-f3fba016db34,39,Female,57,Month-to-month,Electronic check,95.81,5433.69,0,Yes
eaadcb2f-0f89-4df6-b97a-822c15e59a0f,43,Male,7,Two year,Credit card,92.41,643.12,6,Yes
e3dc8702-5033-44b1-a09c-f7af0889360f,36,Male,41,Month-to-month,Bank transfer,40.95,1674.17,8,Yes
c85b811b-10a5-4073-b180-4803d9025a2c,42,Male,6,One year,Electronic check,69.61,377.95,5,No
cd693dab-eb4b-4c0c-8fdf-60d520a62f9b,43,Female,29,One year,Electronic check,63.48,1841.69,1,No
9c595e03-4d2d-4557-8e06-a41671219097,34,Female,38,One year,Bank transfer,111.89,4316.86,0,Yes
1a115f59-10d7-4164-ae8d-0018a04dac84,20,Male,59,One year,Mailed check,96.24,5675.57,1,Yes
0d5d2f64-8f2b-492b-8e48-4034ad74dd43,37,Male,69,Two year,Credit card,78.33,5369.7,9,No
66d4b394-61a7-4114-9994-f7ba4b7faa4c,43,Male,5,Month-to-month,Bank transfer,58.61,326.83,5,Yes
693e5fcf-c080-4ba4-9e07-809d188854db,41,Male,21,Month-to-month,Bank transfer,96.86,2034.78,4,No
c997f2fa-997d-4d9a-9d55-4b7d3bad3a0d,22,Male,66,Month-to-month,Electronic check,105.02,6883.35,4,Yes
7412c272-02b7-4c51-9fbe-ffb3a8e3ac9b,68,Female,35,Two year,Bank transfer,100.76,3502.28,0,No
6d98567e-cb8f-4981-b6d6-682f6248953e,34,Female,45,Month-to-month,Bank transfer,72.83,3360.58,2,Yes
19ed59a5-9e85-44d4-9ec6-20e0e143a0ad,64,Male,6,One year,Mailed check,58.01,413.46,7,Yes
acffa99f-f005-4f9a-a6a2-c94556f11afb,37,Male,54,Two year,Mailed check,22.15,1219.41,9,No
84681060-743e-4fef-86a6-1b3dc86e0b55,63,Male,24,One year,Electronic check,27.09,611.38,6,No
1ba651ed-3146-44a6-967a-efbb5404801d,29,Male,61,Month-to-month,Mailed check,40.13,2448.76,8,Yes
b69aca1e-985d-454b-8325-58201a49de98,65,Male,13,Two year,Credit card,85.34,1115.4,3,No
d73d52ba-ca17-41d0-97c7-68d6114a9827,24,Male,21,Month-to-month,Mailed check,71.41,1509.99,4,No
204054fb-92be-47c4-a784-cabe3190b8f4,36,Male,39,Two year,Electronic check,26.93,988.45,4,No
5afaeb32-419b-474e-8247-23c3a32a4516,49,Male,43,One year,Electronic check,50.19,2204.34,7,No
9ef01577-b980-4521-bb3c-fc106bc71d7f,49,Female,28,Two year,Bank transfer,65.48,1797.41,1,Yes
233e84ac-3e3f-4da0-af98-ad3371d2e63f,20,Female,50,Month-to-month,Credit card,20.62,1107.66,1,No
20afaf9e-0f7c-49ad-8b48-3935cc09de64,41,Female,54,Month-to-month,Credit card,88.86,4819.21,1,No
835c3541-6f93-4e2a-95a3-40d94fc9663f,56,Male,54,Month-to-month,Electronic check,57.85,3115.08,7,Yes
5b951652-c11e-416b-a6d6-2330f5b19be4,31,Female,49,One year,Credit card,111.13,5463.05,5,No
8a8864c7-e29d-4722-956b-212f4faa0851,58,Male,27,One year,Mailed check,90.56,2422.02,0,No
7832b59c-25bc-49ae-a547-a8dcc686e251,57,Male,39,Month-to-month,Credit card,72.25,2812.47,1,No
4a832ab5-57c8-40b0-9a73-cd2f4f05495e,49,Female,32,Month-to-month,Credit card,40.75,1250.78,0,No
8486b704-0211-46ca-b863-af2d5e6ba460,50,Female,33,One year,Credit card,73.77,2529.53,3,No
250487e4-ada5-47e3-a85d-81db9620ed14,60,Female,12,Two year,Credit card,106.06,1280.67,0,No
d1b60755-81d1-4226-bcc5-6af30eac5e90,31,Female,42,One year,Bank transfer,37.64,1604.69,9,No
0dfabe46-dbd3-4865-8f38-1c01d5ce0626,66,Male,39,Month-to-month,Credit card,51.13,1925.12,5,No
f9fc9c3f-3206-4388-9804-550b6c0c32f9,19,Male,32,Month-to-month,Bank transfer,101.47,3264.86,6,No
3385db3b-e893-486d-a3fb-6609334b92a2,43,Female,50,One year,Credit card,38.73,1993.83,7,No
30799b56-576f-4264-9182-e8e7c9070c97,40,Female,26,One year,Bank transfer,89.74,2197.45,7,No
b11c7dff-b1dd-448c-b9c9-1e00aaf8e1d5,69,Female,62,Two year,Bank transfer,68.05,4180.2,5,No
b1420898-998a-45a8-b7a7-aed0fb5f5290,33,Female,44,Month-to-month,Electronic check,94.61,4105.87,8,Yes
90ebba12-9412-4a0f-9a1d-3dab54c5f266,47,Female,25,Two year,Electronic check,108.51,2722.92,2,No
4cb4a7f6-9db8-4f7e-95ed-d864f68b6ba0,33,Male,61,Month-to-month,Credit card,67.47,4116.35,7,No
1ad74fd4-298b-4e78-9420-60ce6b2f9d47,35,Male,49,Month-to-month,Bank transfer,39.37,1921.68,5,Yes
e9195919-ca08-4252-a048-72dc744d2442,36,Female,22,Month-to-month,Credit card,102.14,2329.33,2,No
eb821435-382a-4bde-bef5-50110acd1ac7,61,Female,33,One year,Credit card,100.97,3333.22,3,No
b176e71f-3918-4c16-a386-3cd100f24a96,55,Female,60,Month-to-month,Bank transfer,52.84,3216.08,9,No
36903edb-9fb9-48e0-b76e-f3e63af33cc5,35,Female,57,Month-to-month,Bank transfer,104.97,6023.35,5,Yes
c4b27b21-bc0d-46ed-bb12-2ee53d305a07,43,Female,9,Two year,Bank transfer,64.62,588.16,1,No
cea95510-54de-4c80-908d-13dff3dcd264,60,Male,59,One year,Bank transfer,22.0,1297.8,2,No
667ae277-348f-4ce0-a03b-c183bd75f95c,18,Male,43,Month-to-month,Mailed check,57.74,2495.19,8,Yes
01b8c14a-fd68-45d7-937a-430a2f2aa5e8,68,Female,5,One year,Mailed check,88.21,399.94,9,Yes
5b9e75f4-12e0-4b9c-8288-49d95ce195be,67,Male,41,One year,Credit card,20.66,939.09,4,No
247474b3-1d7d-4bb3-8e00-44e207af3b8a,52,Female,64,Two year,Electronic check,119.7,7599.0,0,No
a19f2485-31c4-4c9e-b0be-96304a6333e3,61,Female,52,Month-to-month,Credit card,81.27,4208.22,6,Yes
5c230306-c3f9-4409-a9a7-480095ef8b1b,29,Male,40,Two year,Bank transfer,78.76,3126.17,8,Yes
32f9b771-0799-4940-b9ad-de7d0b3d58ad,68,Male,66,Month-to-month,Bank transfer,93.43,6073.36,7,Yes
380cc838-2c94-4f5a-88ba-d5fb32a4a8a4,18,Female,11,Two year,Bank transfer,95.67,1044.56,3,Yes
2c9de90a-b805-4e3c-8312-5b58e2a868e7,26,Male,61,Month-to-month,Electronic check,21.46,1317.92,3,No
3ef7839f-8df4-497b-98f8-001856fe4769,48,Male,53,Month-to-month,Electronic check,104.16,5486.68,6,Yes
2d1368f3-0580-4066-b22c-3dae2db4e428,24,Male,67,Two year,Mailed check,54.19,3601.91,3,No
19e79a3d-e920-4a24-8304-93f0d7c713b7,34,Male,62,One year,Mailed check,83.11,5205.28,6,Yes
23226464-ad6d-44ef-94d9-a0ae055fd8d1,51,Female,10,Month-to-month,Credit card,77.38,746.27,0,Yes
e2901d96-c993-4819-a7a5-81e8610114f4,69,Male,65,One year,Credit card,98.96,6470.53,9,Yes
35d21dea-efa5-4c8a-96a0-49431c687714,28,Male,20,One year,Mailed check,31.88,608.63,9,No
5ea0c503-3d7a-474e-b4c9-c3ad4e19392b,46,Male,58,Month-to-month,Bank transfer,61.45,3641.13,1,Yes
2bde3c78-a931-4044-9f52-58abcf3a9723,23,Female,17,Month-to-month,Bank transfer,78.85,1403.7,3,Yes
cc8cc291-fa23-48bc-86e4-abacf0effa1e,43,Female,50,Month-to-month,Credit card,103.86,5186.05,9,Yes
6f082598-e1b4-47ef-9f8a-4862ff68ef1a,43,Female,67,One year,Credit card,57.47,3916.35,1,No
1e559419-10bc-44d3-b600-4df4e0de0676,30,Female,12,Month-to-month,Mailed check,73.55,868.39,9,Yes
217bc29e-ec95-43e9-a1fa-246624f982ec,53,Female,43,Month-to-month,Electronic check,109.93,4712.2,9,Yes
8855817d-3112-4678-b08c-523dcb7e717c,40,Female,21,Month-to-month,Credit card,68.42,1436.83,7,Yes
516546ca-5fcf-4219-b1c1-2d4b60d16c16,46,Female,61,Month-to-month,Bank transfer,48.63,3008.2,3,No
a2da43a7-fa1b-4659-adf6-5800997c0dc9,27,Male,5,Month-to-month,Mailed check,85.83,353.27,1,Yes
c3595dc2-0bd3-42a9-abc7-8c063e9ace12,19,Female,58,Month-to-month,Mailed check,57.22,3257.08,9,No
dabc47ce-3068-4fdd-965a-fd0f9db402f1,32,Male,12,Two year,Electronic check,79.68,1004.02,1,No
26087b53-ca22-4cfe-8b4f-8f748914741c,19,Male,71,One year,Electronic check,53.77,3771.97,8,No
a1243bea-0da2-4154-bf46-a43a53e2e047,22,Female,58,One year,Bank transfer,109.07,6307.03,7,No
205f9619-df73-421d-87b2-e24dcbad3916,33,Male,40,Month-to-month,Electronic check,57.87,2311.18,9,Yes
95866982-f7e8-48a2-821d-f2cfd9fc13b8,55,Female,56,One year,Credit card,93.16,5181.09,4,No
ba303cce-3590-47e0-bd2e-7d9ee2c6093e,38,Male,16,Two year,Bank transfer,103.55,1693.65,4,No
ca7ecb33-787d-46d7-88df-d1f114d72283,35,Male,44,One year,Mailed check,99.88,4359.82,8,Yes
2adcecb5-109b-451a-9d69-32c9a9db47b9,63,Male,67,Month-to-month,Credit card,84.18,5703.67,5,No
e1e669e5-c055-4921-a35b-8f49823483a8,41,Male,61,Month-to-month,Bank transfer,80.95,4908.92,3,Yes
5fcfe711-8258-4678-804a-7761a52368e3,44,Male,41,Month-to-month,Bank transfer,71.05,2947.04,9,No
2dd2d8c0-76da-4875-84d6-21487fa372cd,53,Male,20,Two year,Electronic check,23.24,534.39,6,No
868592d2-5fb6-4406-b665-8a3452630028,39,Male,68,Month-to-month,Electronic check,36.61,2510.71,1,Yes
f4ac27ef-b734-4467-bbb9-5b07b1cb62d0,59,Female,43,One year,Bank transfer,77.45,3291.77,3,No
94c8a69d-44b1-41ee-b948-36f27eaab0a1,62,Female,50,Month-to-month,Electronic check,42.76,2036.61,6,No
ca665da6-ebd2-4b71-a35a-e36966a466d4,43,Male,4,Two year,Bank transfer,75.6,295.41,5,Yes
350b0860-095e-497c-a655-2e7f957fe29f,25,Female,48,One year,Electronic check,43.46,2040.74,6,Yes
73bb84e5-33f7-4722-a517-28b23832dfc1,24,Female,62,Two year,Electronic check,47.26,2838.48,8,No
37f5c238-6559-4365-bc00-a0f0dcf89878,35,Female,68,Two year,Electronic check,69.36,4696.62,4,No
6088825e-e382-4da1-acce-4c234e55f3fe,25,Male,55,Month-to-month,Electronic check,23.87,1228.46,4,Yes
d7a998ea-ef7c-4b39-a83e-deec92455468,43,Male,10,Two year,Mailed check,30.33,299.47,3,No
15b2c2b4-8cf0-497b-8128-d40b5fc57ff4,56,Male,23,Two year,Electronic check,87.02,2024.85,3,No
4b88445a-1582-4e78-806a-5949226378ab,53,Female,41,Month-to-month,Credit card,77.91,3201.68,3,Yes
3aeceaf8-5a00-40f2-84d1-6f5e71cb19b3,29,Female,12,Month-to-month,Electronic check,45.31,566.65,7,Yes
83239ba9-771a-43fe-8a88-57a5957e8c66,62,Female,54,Month-to-month,Mailed check,20.36,1110.35,0,Yes
737ea52f-6d15-4b06-961c-9af39f021a19,24,Female,14,Month-to-month,Credit card,30.79,519.06,0,No
5e15433b-68b1-411a-aeb8-b0e277b16be3,50,Female,70,One year,Mailed check,34.29,2403.56,6,Yes
45e49a9e-5128-4026-bf5e-fb6bcdf40137,53,Male,31,One year,Credit card,53.07,1695.55,4,No
71127f4b-2df8-4502-8653-ee8561e30fb4,47,Female,4,One year,Credit card,31.23,94.26,7,No
136d6cce-a535-49d7-83ff-fdea3bd9b015,22,Female,52,One year,Electronic check,30.27,1675.18,2,Yes
4b658517-1519-413c-a6c7-1f155bed83be,34,Male,52,Month-to-month,Mailed check,36.96,1935.35,5,Yes
8bf160df-8346-452b-8073-aa66d7b4db17,24,Male,6,One year,Mailed check,57.1,316.44,7,Yes
46c3c90c-c92e-4e01-9402-3a93a4c688ec,58,Male,24,Two year,Electronic check,40.56,934.89,6,No
1e5bc68b-1931-46f5-ba4d-45fded360bb7,18,Male,65,One year,Bank transfer,24.88,1681.18,8,No
8bc85d37-09cc-4f1a-9c38-7c2a1243e838,61,Male,52,Month-to-month,Electronic check,69.78,3610.29,9,Yes
acd3d56f-3257-49cd-9571-276b33474b1b,39,Female,71,One year,Credit card,26.34,1881.45,3,Yes
bec62bbe-4d7e-44b1-8001-8cbe54492845,54,Female,41,Two year,Electronic check,105.91,4331.78,2,Yes
d86f4bb4-aefc-4ef1-84bb-4aced0c8da67,43,Female,53,One year,Credit card,79.47,4155.19,3,No
9aa1f98b-b4a4-4eee-b0cd-f14946434f21,50,Female,9,Month-to-month,Bank transfer,42.3,452.9,7,Yes
dae13a7f-ff97-49f7-a34b-20fdff7ca58f,66,Male,58,Month-to-month,Credit card,37.65,2152.11,3,No
8b0a4802-bd64-48d6-b757-ec69c09c3207,60,Female,22,Month-to-month,Bank transfer,84.99,1912.0,8,Yes
c523b4e9-022f-46bb-82d9-c5d7e991e6d5,69,Female,31,Month-to-month,Bank transfer,84.43,2660.78,0,No
58bce5e4-d282-454d-8827-02f04caa568b,37,Female,31,Month-to-month,Credit card,28.74,866.22,4,No
f220eeb5-6760-4abd-bf31-0f21c87b17d9,21,Male,34,Month-to-month,Credit card,40.94,1378.95,8,Yes
c1ff9427-9477-49d7-9265-80c067dfc9af,52,Male,13,Month-to-month,Credit card,118.21,1501.05,7,Yes
a7728290-78d5-40ef-830b-4532a7c24c68,63,Male,58,Two year,Credit card,53.44,3097.53,5,No
f394c60d-c2db-4aab-bd41-1a05833cd4f2,25,Female,62,One year,Electronic check,65.26,4096.11,0,No
3a42958b-65c2-480d-9d8f-3007263749ec,57,Male,33,Two year,Electronic check,33.42,1127.82,8,No
35ba5e93-bfc7-4282-b92c-8a723a17d79a,57,Female,61,Month-to-month,Electronic check,57.28,3527.75,1,No
9645dec1-840d-414b-bbd5-48637974c90b,28,Male,1,One year,Electronic check,25.43,0.0,6,No
77ff3c31-c1f3-4837-8d78-3178c935a278,30,Male,20,Two year,Mailed check,82.22,1661.79,8,No
5735773c-761e-4287-907c-5e53b8f6703b,56,Male,24,Month-to-month,Credit card,50.89,1242.1,0,No
d8867545-5025-4c18-95fb-f5dccabaef3c,19,Male,15,Month-to-month,Credit card,50.26,749.71,1,No
f1224f43-c527-4f35-adc5-60443016b62b,38,Female,63,Two year,Credit card,37.42,2242.36,6,No
704d628f-35a7-48ab-aaed-979fb2ac4768,58,Male,40,One year,Mailed check,64.33,2615.5,8,No
07b4e684-8ef6-4ee8-9a5a-8bc373315c49,48,Male,70,Month-to-month,Bank transfer,26.01,1717.67,2,Yes
dfae1803-93d7-47e7-a392-3df45fec59ac,37,Female,27,One year,Electronic check,25.57,772.56,3,No
bce0caef-f17f-45c0-8e39-f65a20db4294,60,Male,7,One year,Credit card,101.61,747.23,8,Yes
a8aa454e-cf76-470a-bff2-e80a027a76dc,19,Male,9,Two year,Electronic check,117.3,1011.66,1,Yes
39b9c13a-56fe-472b-9acb-287dd5949c84,46,Male,46,One year,Bank transfer,68.45,3104.95,1,No
c0ac1c00-af8e-46b2-acfb-f1736b4d3d1a,64,Female,43,Month-to-month,Bank transfer,117.54,5123.02,6,Yes
b0c5d3d5-c755-4c99-8349-95ff67432c04,19,Female,41,Month-to-month,Bank transfer,84.33,3373.67,3,No
9642b052-5379-4279-8cb5-062589a06a99,43,Female,34,One year,Bank transfer,25.7,888.41,6,Yes
083ed925-c90d-45aa-914c-c11c05f30bc5,59,Female,35,Two year,Electronic check,96.39,3344.1,8,No
fa2c9e79-2758-4f1a-a39e-5593ec11a44d,33,Female,69,One year,Electronic check,41.66,2861.06,9,No
9174f53b-548b-4c63-be87-a6bcf3e00dc5,41,Female,51,Month-to-month,Mailed check,24.64,1228.01,0,No
e9eba9fe-9a5e-43f5-8c94-d15ca13d2600,34,Male,45,Month-to-month,Mailed check,95.36,4275.02,5,No
641118ec-ddf0-4771-92e9-b7659b9b3926,68,Female,55,One year,Mailed check,75.74,4176.74,7,No
f2dd85f6-3446-40f0-a19e-17fffaec8f42,66,Male,46,Two year,Mailed check,84.5,3932.75,7,No
62ed5403-88d4-4ff4-904f-3fc56400bb0e,31,Male,64,Month-to-month,Mailed check,62.51,4061.56,8,Yes
542ef29e-1bcf-492f-b98b-07573036f6b9,34,Male,29,One year,Mailed check,77.26,2210.3,6,No
a395b867-7397-41a1-b641-940591cbbc49,39,Male,4,Month-to-month,Electronic check,110.03,428.36,0,Yes
2be26bd1-17de-4ce8-8dfd-3ecde50dede5,46,Female,61,Month-to-month,Mailed check,85.87,5276.41,3,Yes
2d798f3e-8d8b-4c60-acc5-4c621ab444a7,24,Male,71,Month-to-month,Electronic check,30.16,2176.47,6,No
9a760ea9-b063-49a0-9393-daad0835075f,57,Male,39,Two year,Credit card,49.16,1880.42,1,Yes
32f194d8-2fcb-4dce-86de-e37b7d15c353,58,Female,54,Two year,Credit card,26.83,1535.15,4,Yes
62c9f4fc-f686-4fa7-a94d-ed1e11ca2a0b,31,Male,67,Month-to-month,Electronic check,81.5,5537.66,7,Yes
4a85e443-3ba8-48d9-b4b5-5b8648a84587,59,Male,50,Month-to-month,Bank transfer,59.79,2919.89,3,Yes
7464d6f2-11ea-4c00-863e-cbe2a8d99292,62,Female,65,One year,Credit card,104.44,6745.22,9,No
02d3fb7e-84be-4e1c-9e5f-feaa0eb54078,22,Male,39,Month-to-month,Bank transfer,79.85,3133.81,7,Yes
e8e977f0-dc15-47c5-93a7-55812bfcc524,32,Female,20,One year,Electronic check,59.84,1164.05,9,No
fd561b27-2833-49b8-a41f-79aa692e33b9,40,Male,48,Two year,Credit card,91.79,4383.1,6,No
6b1d20b9-8954-4c3d-a10f-2a8a1c59b736,62,Male,61,One year,Mailed check,22.52,1336.3,3,No
639509c4-119a-4396-be3e-9a907a6eaaa5,54,Male,53,One year,Electronic check,71.57,3808.41,7,Yes
34dbda6b-dd9e-4b6d-a751-82a4f48138b5,42,Male,27,Month-to-month,Electronic check,53.12,1438.99,7,Yes
4f4c3f0b-34a7-4f9d-9ed5-c01721433dfc,45,Male,16,Month-to-month,Mailed check,81.38,1409.98,7,Yes
aa2fd9d1-b5ad-49f5-9161-a3816ea4b405,45,Male,6,One year,Credit card,44.07,211.54,1,No
9339304b-9a8c-43d7-a8a5-e34d798b2f02,51,Female,63,Month-to-month,Bank transfer,41.59,2623.96,0,No
33f60730-9665-4f7c-8f70-b88bf06c69d9,65,Female,54,One year,Credit card,48.96,2746.11,9,No
757e2b43-af51-4850-b77e-5f7a80a233e3,40,Male,33,One year,Electronic check,50.7,1753.62,1,No
fdb7c107-01e7-4de7-b3a2-ca5f46834cc5,21,Female,56,Month-to-month,Mailed check,99.01,5585.24,0,Yes
d317d8c9-1060-473a-b21b-770724877651,36,Male,61,One year,Mailed check,54.89,3450.38,5,No
3f30ea12-cebc-4264-9ad7-5b94663463e9,52,Female,69,Month-to-month,Electronic check,81.67,5687.46,2,No
91b8ff07-e909-4654-9432-3b1c869e8836,48,Female,22,Month-to-month,Mailed check,111.3,2458.78,8,Yes
76733597-75cf-4755-bdaf-76e7e115d52b,30,Male,26,Month-to-month,Credit card,101.56,2591.46,8,Yes
1752815c-bcbf-4583-8a01-75e5937d6fb1,65,Male,42,One year,Credit card,70.34,2963.06,3,No
eb3cc270-e188-43d7-a573-dc3049b49625,41,Male,3,Month-to-month,Mailed check,83.43,308.92,0,Yes
d7b73862-b347-41d4-98c6-b1c674d082c5,23,Male,36,One year,Electronic check,86.06,3085.22,0,No
641e7f8c-4c25-498e-8ad7-3d36b62e8f02,43,Female,43,Month-to-month,Credit card,102.17,4389.61,0,No
d98f5e83-cf5b-494d-92cc-48539cef5ef4,27,Female,65,Two year,Credit card,52.26,3437.65,5,Yes
2df8d4a8-3fc7-4cb8-aa40-e5cc2cd51392,42,Female,56,Month-to-month,Credit card,62.75,3470.15,8,No
6e9c92ba-bbb5-4037-9e23-faf9e66414db,29,Female,58,Month-to-month,Electronic check,74.62,4308.44,1,No
a8b97820-e92c-4b92-a279-67a3753439c0,51,Female,2,Month-to-month,Bank transfer,105.76,146.14,9,Yes
1874ed7d-9190-453f-b2d2-570a2ef634f2,67,Female,46,Month-to-month,Bank transfer,23.0,1106.75,4,Yes
0b2d983a-f218-4128-b2da-61f764bfc76d,45,Female,33,Month-to-month,Credit card,34.35,1103.36,6,Yes
286e3f0a-dedb-4ec4-a2b2-de4b3d5cab0e,58,Male,31,Two year,Credit card,41.05,1298.08,5,Yes
89a92af3-a0ca-4f8e-a1ef-2dd3461633bc,43,Male,1,One year,Mailed check,74.27,0.0,3,Yes
11162039-ea92-459b-aaaa-077f4ab946a2,26,Female,69,Two year,Credit card,35.94,2459.05,6,Yes
e6f8dac3-b8ef-4250-b9fe-60c6b2b302d3,60,Female,41,Two year,Electronic check,107.67,4313.97,6,No
69498671-7e55-43ba-a8a2-f417379e03dd,21,Female,67,Two year,Mailed check,102.69,6890.51,8,Yes
1f08f855-8d85-4df1-8309-4f28fe0d40b4,26,Male,14,Month-to-month,Mailed check,27.36,436.8,2,No
c161b06c-1397-4542-9e65-3990fecd0ded,60,Male,70,Month-to-month,Bank transfer,101.61,7010.64,3,Yes
c78e0272-c43b-47af-8120-053d1aefff21,19,Male,20,Month-to-month,Mailed check,69.02,1386.03,7,Yes
2a32e553-7370-4a7e-a8fc-0e45537598d4,39,Male,69,One year,Mailed check,28.52,1989.68,5,Yes
0b6d35d7-818d-42af-b516-567d40b55023,66,Female,21,One year,Credit card,97.59,2096.34,7,No
a38cc35f-12bc-4090-86d6-fba776509bcd,57,Male,48,Two year,Credit card,35.35,1698.87,7,No
763f56ac-bfee-4533-acf5-9149b1c9d0dc,37,Male,14,Month-to-month,Credit card,69.67,1014.9,7,Yes
663b4427-bef7-410a-97f9-f3a761936947,42,Female,47,Month-to-month,Credit card,38.04,1783.25,8,Yes
09ab99a3-658c-42ee-b1c4-6ef9db13f2ec,35,Female,50,One year,Bank transfer,86.78,4280.77,6,No
b5878d33-1d5b-48b0-8027-b28302bfaf1c,43,Male,29,Month-to-month,Mailed check,59.88,1675.0,4,No
ab987d93-53bd-4128-a2f0-6403eac97d37,44,Female,40,Month-to-month,Mailed check,67.13,2705.91,5,No
761b7e11-7c19-4e61-b6d8-cbc7bfa93b6e,56,Male,30,Month-to-month,Electronic check,100.14,2959.34,0,Yes
a832a228-8c65-401b-9521-e8251177fdd5,33,Female,15,One year,Mailed check,72.92,1072.51,7,Yes
700ea842-f334-485d-b6ad-478c3e06f427,45,Female,71,One year,Mailed check,41.02,2820.73,4,No
4775d7ab-d207-4bc4-b885-8b6d23e7cd20,27,Female,43,Month-to-month,Electronic check,61.68,2641.14,7,Yes
d6a7aa06-2bab-4a12-a94f-513fd770a46e,59,Female,9,Month-to-month,Electronic check,119.57,1113.81,6,Yes
2d5f60d9-19bb-4bf0-9b63-9a38049ffb5f,20,Female,17,Month-to-month,Credit card,22.63,437.11,3,No
bdcf6fd4-88df-42c1-9fc8-628d4b4d1079,27,Male,25,Month-to-month,Credit card,59.58,1419.03,8,No
abe05b22-13dc-4154-ab1f-c2ab640eb68e,61,Female,15,Two year,Mailed check,108.96,1629.6,5,Yes
45f3dc5a-ad68-4b45-82de-b2e6c37a927b,63,Male,66,Month-to-month,Bank transfer,23.09,1596.16,2,No
2d8d7db8-5bab-46cc-b0ce-f646274b8b98,66,Male,71,Month-to-month,Electronic check,43.88,3110.76,5,No
e4872e77-08d1-4094-b6e3-b91b3777d823,30,Female,21,Two year,Electronic check,77.8,1622.16,3,No
712ab8eb-3756-4005-8844-bc0caccfb130,67,Male,54,One year,Electronic check,46.7,2564.54,2,Yes
a2819fce-d624-4055-8c39-bd0eb25db530,52,Female,30,Month-to-month,Mailed check,45.76,1438.98,4,No
a99c37b3-a419-4fe4-85db-19d7cfbf3d39,37,Male,70,Month-to-month,Electronic check,47.2,3278.47,1,No
1a50a93c-e5a2-409d-a8f8-687bb766ac85,67,Female,14,Month-to-month,Electronic check,48.96,587.3,0,Yes
71a91c81-4eee-4680-b0ba-8fe363ff910d,20,Female,21,Month-to-month,Mailed check,21.51,477.02,3,No
0c754a17-0131-4601-9923-fc7a0d6b160f,61,Male,40,One year,Credit card,73.26,2930.73,9,No
33a51ac6-c461-494d-a09c-fe40c5bca449,68,Female,57,One year,Mailed check,86.81,4927.69,8,No
e8a44238-5fe8-4710-bfec-5325edc72f12,23,Female,3,One year,Mailed check,55.77,91.68,2,No
041b1878-1765-49e7-b332-432b3d10fa95,29,Male,60,Month-to-month,Credit card,93.83,5590.24,3,No
03ba33a0-fd42-469c-8727-59406bf36656,30,Female,29,Two year,Credit card,31.65,930.58,9,Yes
ae11d3c2-3130-4c8f-920e-0734564d46aa,23,Female,60,Month-to-month,Credit card,87.28,5204.29,9,No
f5705436-3877-4265-902c-01a3ab404598,27,Female,11,One year,Bank transfer,114.39,1125.18,8,No
d5dbcbee-cc03-48d3-98ba-fcc9e1dd7fdf,45,Female,63,Month-to-month,Electronic check,29.72,1828.92,8,Yes
b958d153-2afa-4f6a-aa03-081bd4986a31,35,Male,61,Month-to-month,Credit card,109.98,6818.33,8,No
833334f6-6a6a-4149-8b44-676d2ac39be9,25,Male,57,One year,Mailed check,29.9,1777.56,7,No
529b20e0-53bf-4b10-90cc-c1a51b912adc,38,Male,28,One year,Bank transfer,111.01,3042.42,3,No
9fea97cc-3086-4fe3-a075-13728fe2c74f,59,Female,46,Month-to-month,Credit card,47.42,2175.81,5,Yes
6522e8b9-8aad-4665-af30-141d3505c563,36,Female,69,Month-to-month,Mailed check,91.12,6254.9,6,Yes
3b7f1998-1eed-4236-ad89-9035f05d45c7,46,Female,29,Two year,Credit card,89.11,2510.4,4,No
52c83bfc-5b48-461f-9b1b-4cd736ba4918,21,Male,63,Month-to-month,Mailed check,22.15,1355.77,1,No
a76c11cb-66f2-4d1d-83d6-af3f2c727675,56,Female,15,Month-to-month,Mailed check,62.52,953.66,4,Yes
3677f5b4-63a1-4caa-8311-362650f51e97,41,Female,18,Month-to-month,Electronic check,21.49,479.54,9,No
a8702d97-10e6-4176-b858-3966757256f6,24,Female,16,Month-to-month,Bank transfer,90.33,1368.63,1,Yes
9fb886b2-a662-4b92-8748-ffb3d0a96757,26,Male,63,Month-to-month,Mailed check,36.9,2319.14,3,Yes
e2ad828b-113c-4f25-8b3f-953a5e75788f,21,Female,4,Month-to-month,Mailed check,89.13,340.76,1,Yes
c47dd678-4d31-4923-a93d-a46c37f39aac,62,Male,27,One year,Bank transfer,46.43,1252.16,0,No
fd8fb938-fbac-4ade-bfe4-36d1994f7c31,50,Male,54,Two year,Electronic check,46.68,2475.13,3,No
ca90001c-8943-414f-b668-705d1a10748c,39,Female,47,Month-to-month,Mailed check,105.02,4982.34,4,Yes
91b76c45-d9b8-4389-ac16-ddb7fd93754a,68,Female,51,Month-to-month,Bank transfer,67.49,3490.42,3,Yes
18412e07-f583-4c69-807f-26542be4be9c,53,Male,60,One year,Electronic check,73.8,4415.49,2,No
a180f402-fb3e-427f-9308-e1f29990e4a9,46,Male,5,Two year,Bank transfer,67.11,349.41,5,No
ecaf8800-ad8a-4364-a379-064fb241b95b,34,Male,51,Month-to-month,Credit card,66.68,3402.75,4,No
2207cb65-b197-4ed1-857a-e3fff8ed08ae,28,Male,49,One year,Bank transfer,99.88,4912.38,8,Yes
c2ffd690-a2a6-461a-ace2-7ec9550100bf,19,Female,19,Month-to-month,Mailed check,102.08,1998.34,8,No
fa5f9e72-5166-488b-b008-32dae24ba9d4,39,Male,19,Two year,Bank transfer,46.7,864.3,1,No
11489054-7b6c-4596-aa97-435dd9ff74eb,22,Female,63,Month-to-month,Bank transfer,96.86,6143.72,7,Yes
e97f995d-9bc8-46f6-8484-a1b355c974a4,56,Female,28,One year,Mailed check,114.1,3221.91,1,Yes
82d29bf8-61e3-478b-b2eb-de4e95c4fab0,34,Male,19,One year,Credit card,29.81,664.59,4,No
80e022c8-3b80-4c61-bde7-8473a3fdd59c,37,Female,52,Two year,Mailed check,69.29,3658.67,3,No
03671560-fd06-475b-b462-931f966456be,55,Female,27,Month-to-month,Electronic check,97.83,2709.06,8,Yes
c249f59a-9dc9-46df-856e-3d783b8c0f84,53,Male,15,One year,Credit card,54.16,737.47,5,No
3c847821-4f10-4422-9fc2-2517e593562b,58,Female,60,One year,Electronic check,95.87,5730.2,9,Yes
3e59034b-c1da-4b7d-adb2-094bbce7e298,36,Female,46,Month-to-month,Mailed check,61.29,2786.74,4,No
2336d60b-0f57-4d6b-9452-e1309ea8ffe3,31,Female,8,One year,Mailed check,73.57,529.07,2,No
33b70b63-4bee-4160-bfac-89fe5fe0c7c3,53,Female,43,One year,Credit card,74.03,3247.14,4,No
a45ca94a-3452-48c4-a031-046126d3e222,38,Male,37,One year,Electronic check,118.67,4429.72,3,No
b9add00a-ec64-4a9b-bcf1-c29e09b4413c,28,Female,45,One year,Credit card,60.12,2716.33,4,Yes
71980a55-f224-464c-bd11-b3ff991b749e,64,Male,18,Month-to-month,Bank transfer,38.52,684.38,4,Yes
225f52ab-5425-44b8-a098-d2e3bd3fdb62,57,Female,48,Two year,Credit card,69.03,3354.69,1,No
c976ec61-a4c3-4af7-914a-36bf47334b73,32,Male,61,Month-to-month,Mailed check,109.9,6727.79,2,No
cab21438-8557-4c6c-8a23-b722c2afba28,55,Female,22,Month-to-month,Mailed check,25.48,534.66,7,Yes
d00dcc4f-a5e6-4ec4-aa36-7425fa41dd2e,41,Male,41,Month-to-month,Mailed check,103.03,4181.63,8,Yes
3aa06694-0610-442d-8024-1ac149d83188,42,Male,24,Month-to-month,Bank transfer,78.86,1829.54,5,Yes
57bd0ca8-54ce-40ea-bb9d-92c0d8d0b8db,55,Female,54,Two year,Bank transfer,110.94,6081.49,0,No
0dd7cac2-8a10-45c5-b4b0-738e3e040782,39,Female,63,Month-to-month,Bank transfer,78.27,4935.37,8,Yes
fd063a58-aa3d-4585-aaec-f4e0e81909ce,19,Male,58,Month-to-month,Electronic check,40.75,2217.64,7,No
b23f4738-aff6-48bc-8d2b-f2063f931507,47,Male,15,Two year,Electronic check,34.7,583.41,0,No
df69a560-9baa-4785-b8f2-17f0b8314c26,66,Female,56,Two year,Electronic check,85.96,4778.17,6,Yes
2efcd60c-5256-4d59-857f-2f3e61a90fb1,29,Male,41,One year,Electronic check,21.94,929.64,0,No
108abb5c-018c-4313-a139-6d49713e9035,60,Female,20,One year,Mailed check,74.98,1455.52,9,No
f42323d9-11ea-4815-bddc-44f5deaf9631,23,Female,56,Month-to-month,Bank transfer,86.79,4841.48,0,No
fdf48930-a265-4f65-8d56-e00031456a6c,25,Female,14,One year,Mailed check,113.0,1551.87,5,No
2024c407-3447-434a-b032-c262243b7101,25,Female,27,Month-to-month,Credit card,112.13,3023.66,4,Yes
8c813e53-97b6-4461-ac76-04c1177d8b26,42,Female,47,Two year,Credit card,81.11,3840.18,2,No
3451cf94-ee8b-46d3-8b94-6541d4cae432,48,Female,25,Two year,Bank transfer,63.16,1609.61,3,No
6d1e0d7d-1402-46ee-81e6-935f3c7ed208,53,Male,66,One year,Mailed check,69.8,4629.9,5,No
2a064fd2-4fbc-4984-b792-2d9eb998e2d3,44,Female,17,One year,Mailed check,32.43,557.14,4,No
6c8c5d0e-3eb3-46fd-b291-bc95b8bf9cae,22,Female,9,One year,Credit card,27.27,184.07,3,No
4d980202-3fbc-45e0-9b19-11122d2ae08e,28,Female,46,Two year,Bank transfer,99.74,4580.41,9,No
f7bce0ef-72c1-468e-9390-6193490ce315,28,Male,40,One year,Mailed check,112.1,4524.5,0,No
dcc7eb51-4598-4b17-b38f-0430a2b6eddc,44,Male,40,One year,Mailed check,38.25,1423.39,4,Yes
f37599aa-147b-4d20-bb2e-00e6c8028d0e,67,Female,43,Month-to-month,Credit card,38.44,1577.94,6,No
60b217f9-65f3-4984-9c0d-8fccf8f960bd,18,Female,8,Month-to-month,Electronic check,59.33,402.83,0,Yes
6c35e33c-70fe-45a1-b880-adc62af2b718,45,Female,46,Month-to-month,Electronic check,60.94,2894.45,3,Yes
6ef54cee-bc24-4f9f-9c01-4262815ada5d,62,Male,53,Two year,Mailed check,51.16,2669.64,5,No
f42973f5-d1d1-4e0b-a7e7-a6bdc2a49fd8,44,Female,4,Two year,Credit card,53.1,177.52,5,Yes
c30dcc74-0512-46b8-bb64-665ccb26a809,46,Female,71,Month-to-month,Electronic check,118.0,8377.65,1,Yes
154ebf91-daa2-42b4-ad69-e88c61a4b230,60,Female,18,Two year,Electronic check,90.35,1547.92,0,No
4cdbf99e-ebe9-4dd4-a80d-9169c24489e1,63,Male,38,One year,Bank transfer,30.44,1105.17,6,Yes
8d87b7be-271d-40f1-8985-c98d985defc4,65,Male,29,Month-to-month,Electronic check,117.76,3448.47,9,No
61652fd3-41dd-4edf-acfa-a174ba059e68,21,Male,32,Two year,Electronic check,118.55,3828.44,9,Yes
48817b98-741f-4545-8e4c-01f676b1d8fa,50,Male,13,Two year,Bank transfer,110.62,1347.92,3,No
7b189d5d-9b24-4a55-8fe8-8b776009a05a,66,Female,6,Month-to-month,Credit card,27.68,282.95,5,No
b7014925-22fb-4906-954e-d52c126aa315,27,Female,40,Month-to-month,Mailed check,102.72,4047.35,6,Yes
ea879f65-279c-458a-b21a-6d71782152e0,55,Female,71,One year,Mailed check,86.77,6145.13,6,No
dc956e31-0349-4b41-8111-fa05308b5146,52,Male,49,One year,Credit card,93.98,4556.49,7,Yes
5fcf5c22-b9b0-4c1a-baf9-706d802ddcc4,40,Female,1,Month-to-month,Mailed check,97.24,99.86,7,Yes
6a7330b3-ecfa-4700-a790-eee07dcfe924,57,Male,13,One year,Mailed check,38.74,560.74,9,No
be006ccb-f872-4487-a507-c321f0b6844f,57,Female,17,Two year,Electronic check,22.23,360.75,0,Yes
4eccb0ab-7d53-48ca-a250-46c05f866c8e,36,Male,24,Month-to-month,Bank transfer,119.95,2835.92,5,Yes
123c6a29-969b-4b4b-bcce-3ef8a41bc4c2,39,Male,11,One year,Electronic check,82.91,882.26,6,Yes
fe12ace5-09f0-4f24-a28f-553768a64d97,46,Female,35,One year,Electronic check,50.54,1714.42,5,Yes
eea00af9-6283-450f-9fdd-c20aebee30cf,49,Female,20,Two year,Mailed check,27.46,590.75,1,No
c350bf4f-31b8-4079-a990-94c090cbb982,24,Male,57,Month-to-month,Mailed check,44.35,2464.29,6,Yes
c571f9ab-4158-4d90-b504-4d156fb138c2,23,Female,53,One year,Credit card,29.06,1569.81,0,No
593c73f2-b8e5-4141-8067-6073e9c000f0,48,Male,69,Two year,Mailed check,32.33,2156.34,5,No
a28e0841-7d16-4228-b589-717e8275b18a,30,Male,20,One year,Electronic check,102.56,2020.83,2,Yes
0ec5bad7-b24a-46e3-9e41-1475b040d75a,69,Female,25,Month-to-month,Bank transfer,88.53,2183.38,5,Yes
6c8de840-ed30-4556-a2a5-3193a6a1cc2b,25,Female,27,One year,Credit card,62.94,1626.1,2,No
7a4c38ef-3e0a-466d-bf2d-bf97bc547d54,19,Male,31,Month-to-month,Electronic check,26.94,870.13,2,Yes
5c85a58c-d029-4d6b-abe5-5cc408d57cf7,46,Male,62,Two year,Electronic check,53.34,3230.75,5,Yes
073bca43-ad2a-4a7c-b4e1-0c33a1861de1,60,Male,58,One year,Electronic check,28.3,1538.62,7,No
25dbbe8d-a534-4425-aa69-b7f7b28d7cb8,21,Male,45,Month-to-month,Electronic check,118.27,5329.4,9,No
f1bb5d9b-7499-4b6b-9afd-d46442e6918c,68,Male,32,Month-to-month,Bank transfer,25.32,876.66,6,Yes
3f569381-4119-4559-a5b9-de82ae5a5f99,47,Male,48,Month-to-month,Bank transfer,99.98,4816.41,3,Yes
a9a0758e-f3a7-4d25-940e-35219a26755a,52,Male,16,Month-to-month,Bank transfer,34.27,601.52,9,Yes
1de20f2d-0328-4b00-a953-4ea7d76d9612,64,Female,57,Month-to-month,Mailed check,65.1,3689.95,3,No
b62c09bf-a4f7-4a30-97a1-5a60c55e6efb,51,Female,36,One year,Credit card,69.57,2593.06,8,No
b4c0fd18-65cd-4fd1-a264-9ce8eab8d5be,38,Female,24,Two year,Credit card,35.92,881.4,7,Yes
1491b51d-e6a7-46b0-b961-9ae2960e9c1a,38,Male,69,Month-to-month,Mailed check,43.58,3003.56,2,No
e041f0a3-3056-487f-a8f2-6d6384bed7ed,54,Female,49,Month-to-month,Mailed check,39.72,1930.24,0,Yes
6d4772f8-d46a-47af-aa73-6a676c461d48,25,Female,17,One year,Credit card,52.97,890.17,7,No
802a63cc-4d5e-42e8-b11c-377f40bc2b56,52,Female,33,Month-to-month,Electronic check,115.21,3807.98,4,No
e2fb8d66-a892-4ad4-887f-e19cf7ba19f9,27,Female,32,Two year,Mailed check,110.39,3532.11,5,Yes
bbe30fd2-4ed7-43f3-9609-52eb61fe6f28,22,Male,41,One year,Bank transfer,105.42,4362.91,3,Yes
eca04629-e05b-47ea-80a1-5dbc695f34ff,49,Male,12,Month-to-month,Bank transfer,78.26,919.89,5,No
1bf962a5-16c0-48e8-9e92-2cf1ba47680f,31,Female,18,Month-to-month,Mailed check,115.83,2130.89,2,No
cc2b2f49-c6d5-4a90-9296-ae08a2dcb574,21,Female,47,Two year,Mailed check,65.63,3070.39,1,No
44de950f-2488-4ee3-9071-3f73582a2099,57,Male,13,One year,Bank transfer,61.42,741.28,1,No
bf8ff33e-ee15-45cf-b5a3-7765bfacc63e,37,Female,31,One year,Mailed check,44.16,1316.73,6,No
01a4c2d1-4edf-4a12-b2f2-40e365e1605b,66,Male,15,One year,Credit card,81.52,1197.26,5,No
7de1936b-d0fe-44f1-ab1c-2d3dfcadb3fd,59,Male,47,Two year,Mailed check,108.05,5190.7,7,No
c6141017-11e1-41c7-98cc-84170067743e,64,Female,10,Month-to-month,Credit card,107.0,1004.44,6,Yes
6ab62dbf-8663-48bb-aaf7-895bb241cfd3,47,Male,36,Month-to-month,Bank transfer,102.5,3654.28,7,Yes
6e52b671-bba8-47e5-89d0-aac1a78eb37c,55,Male,25,Two year,Credit card,46.23,1075.8,3,No
2fb7e9bd-5fe9-4750-ad28-a2a82baeafc7,27,Male,33,One year,Bank transfer,22.18,838.52,1,No
7c89617d-32b1-492b-a263-960ab43c6fef,34,Female,67,Two year,Mailed check,74.0,4996.02,7,No
1c3892e8-f2cf-4d63-80ab-4b7f2e968660,19,Male,21,Month-to-month,Electronic check,47.31,987.49,6,No
366b3575-d07a-4518-912c-f322735e8153,46,Female,10,Two year,Bank transfer,104.52,1063.09,5,No
bffa7a4f-0f19-42db-b370-dc1d2f85f99d,64,Male,6,Month-to-month,Mailed check,106.31,702.6,5,Yes
311f5d4a-c258-4de2-8f26-54892ec75a83,65,Female,21,Month-to-month,Electronic check,49.82,1141.81,9,Yes
df223246-e6fb-41d3-bba2-6c214264e318,51,Male,36,Month-to-month,Mailed check,113.37,4034.29,2,Yes
e9b87e7a-a078-4a1f-b0d3-b5f768a69e71,29,Male,22,One year,Credit card,45.64,959.79,7,No
a2ed50b9-de4c-48bc-9bf4-3b9f9fda15ac,33,Female,34,Month-to-month,Bank transfer,88.03,3003.12,4,No
15f0e5ea-4b0a-4742-946e-6a4f2a873e02,45,Female,68,Month-to-month,Mailed check,59.84,4010.97,3,Yes
107380cb-46d9-434d-9feb-21c760b2d14b,37,Male,63,Two year,Credit card,24.88,1526.52,5,No
3c1a8ce2-95ec-4c2c-8798-3bc0579744ba,54,Male,60,Month-to-month,Credit card,57.27,3445.15,6,Yes
c2b2547d-ac3c-4be3-bc35-b2747a57772b,43,Male,62,Month-to-month,Electronic check,114.67,7060.86,0,Yes
441dde33-0fa1-459f-826f-05f619cea0c3,39,Male,70,Month-to-month,Mailed check,119.31,8299.92,5,No
aa528f85-01d9-4b33-b488-e328c075e119,23,Female,64,One year,Credit card,110.58,7053.04,8,No
0ab74b5d-fcd4-4681-8a09-7b17951b2503,47,Male,7,Two year,Mailed check,51.13,317.15,1,No
cab285dc-85b7-4774-b608-937418caa0a9,39,Male,64,Month-to-month,Credit card,42.15,2647.0,0,No
852393d7-9a5d-476e-a02b-a25601dbeb73,30,Female,26,One year,Credit card,85.88,2158.24,6,No
440dd09f-c2e8-4fc2-b649-6cdefca54576,27,Female,68,Month-to-month,Mailed check,53.44,3620.01,8,Yes
c1c4f618-7925-47d5-bc65-a804ee9ff73c,29,Female,68,Two year,Electronic check,96.46,6558.63,3,No
56282768-6df0-4c3c-9ab8-180f56479889,39,Female,21,Month-to-month,Mailed check,67.06,1362.72,0,No
57d3ec63-e3e1-43bb-ae8e-60755eebc618,49,Male,17,Month-to-month,Electronic check,20.89,389.9,3,Yes
3d563b0e-d11c-45c8-90b2-81c0ffdba2ee,31,Male,18,Two year,Mailed check,86.74,1567.66,7,No
660237ed-aa42-4203-9c78-4ca4f0e4ca0b,52,Female,30,Month-to-month,Credit card,112.19,3412.3,6,Yes
f9ad97ae-0ea7-41a6-9c5d-fb8d60e12973,64,Female,51,Month-to-month,Electronic check,41.35,2134.79,0,Yes
ce67b962-548b-4bb7-9f82-00b85b24bb54,18,Female,24,Two year,Credit card,58.39,1331.64,4,No
dedbcef9-74f8-4913-80ca-280f19a53942,22,Male,32,One year,Credit card,101.64,3294.91,8,No
d5de293b-b9a8-47ba-a6dc-e997b2c454a4,18,Male,21,Month-to-month,Mailed check,101.98,2166.88,0,No
0692fe02-238c-4712-accf-3b91e35209a0,20,Female,42,Month-to-month,Bank transfer,82.37,3405.35,6,No
87d75309-de77-4156-9f76-043f9a16b853,25,Male,50,One year,Bank transfer,101.64,5049.03,1,No
c05e5ade-b303-4188-b378-cb94478b2f00,54,Female,32,Month-to-month,Bank transfer,72.97,2351.8,5,Yes
73b0e73d-5e51-4bf8-bfa0-29a6d0a73b72,45,Female,15,One year,Bank transfer,95.1,1493.19,5,Yes
deaeb0c0-a8ac-4ab1-afa9-d02c9e4c4be7,37,Male,9,One year,Mailed check,52.01,427.43,9,No
a904babd-69c2-4a17-83d1-677a79a6ab72,23,Male,17,Month-to-month,Credit card,119.82,2017.45,2,Yes
a358c4d3-fc76-427b-80cd-11a8301c8108,21,Female,29,One year,Mailed check,64.82,1859.58,7,Yes
527a9f7b-d007-4d41-b122-d458f521cf35,31,Female,45,One year,Mailed check,43.43,2026.62,3,No
df996726-5c36-4f5c-a23f-3abf0441e22c,65,Female,28,Two year,Mailed check,97.2,2695.02,3,No
bc5e3e2f-cebc-4bd7-b837-8be20bb68d75,40,Female,54,Month-to-month,Bank transfer,41.19,2245.13,0,Yes
3bca7ff6-71be-4c72-ad8c-c85c53559e80,66,Male,67,One year,Electronic check,34.34,2392.38,6,No
bd3c83c3-6671-49de-bc0a-8f909b54d227,62,Male,50,Month-to-month,Mailed check,81.16,4041.49,9,No
592c6a0e-14d4-4d3a-8b40-fcdd9cd2da08,25,Male,29,Month-to-month,Mailed check,24.9,721.35,3,Yes
f104ad27-ee75-434e-b067-dba16d8bebc3,69,Male,37,Two year,Bank transfer,107.74,3962.52,1,No
a888e7af-fca3-4bae-b9e3-202eee4bd350,58,Female,52,Two year,Mailed check,48.52,2515.2,5,Yes
19b7775f-e7bb-4e42-b312-6a11db6ae7db,25,Male,55,Month-to-month,Mailed check,35.8,2038.13,7,Yes
9b6fbe20-4b3a-4a83-a286-16f4bbf9a04b,67,Male,26,Month-to-month,Mailed check,71.93,1912.32,3,No
deaf0fa9-24a6-4a6c-b641-d44931f09021,55,Male,18,Month-to-month,Credit card,66.21,1182.52,6,Yes
c8ecb641-9267-4e10-a050-df248522496a,20,Female,15,One year,Mailed check,94.53,1475.57,6,No
08207d4e-812f-4d98-b777-6609db576a7f,26,Female,8,Month-to-month,Mailed check,35.32,390.13,3,Yes
164b85f0-cbfc-421c-bf78-042820bb859a,64,Female,34,Month-to-month,Electronic check,78.08,2628.27,9,Yes
ff0dd3c2-ac4d-4d33-9515-28af4d25298f,21,Male,25,One year,Bank transfer,66.87,1717.89,4,No
77806788-dff1-45e3-bcba-6c808c7aa939,25,Male,48,Two year,Mailed check,32.34,1539.99,4,No
f47e3ca0-723f-485a-a57b-084d2b0582e0,52,Male,67,Month-to-month,Electronic check,51.94,3502.59,5,No
8a693650-a9a2-49cd-bb6f-65df1d9d1d80,47,Female,66,Month-to-month,Electronic check,113.14,7363.06,0,No
2ba17f78-362e-47d4-be4c-943a3dabba61,35,Female,63,Month-to-month,Credit card,78.91,5077.76,7,Yes
b32d3c81-a8e5-4e05-b1b7-bd1ec0d52828,64,Female,13,Two year,Electronic check,99.73,1381.58,6,No
fe4cefed-6f55-4c9e-9b00-0f9f16e500e5,39,Female,50,One year,Mailed check,37.95,1951.87,7,No
edd32be9-2905-4dd7-877b-1426b73c62ab,63,Female,22,Month-to-month,Mailed check,76.4,1621.67,9,Yes
622c636f-e713-4930-9395-8e5cedd0ce02,31,Female,60,Two year,Mailed check,114.82,6862.04,6,No
b81bda1d-386a-4050-87c5-8839c42cd0ba,54,Male,58,Two year,Mailed check,36.08,2081.8,8,No
f395c213-79ee-42c0-aa7a-907d41f3f1b9,68,Female,32,Month-to-month,Electronic check,118.52,3790.5,9,Yes
aa5ca8cd-1f83-4b8d-abac-8660e5c345fc,59,Male,39,Month-to-month,Bank transfer,105.22,4126.06,1,No
a23036d2-88d7-447c-ac38-704b22c0eee9,65,Female,43,Two year,Credit card,53.56,2261.89,7,No
cba88a28-1727-40d8-bdf1-02c2b9b4c225,46,Female,32,Month-to-month,Mailed check,31.64,1071.27,1,No
394b5d35-df37-4ff8-9532-7432b118cad6,33,Male,68,Month-to-month,Electronic check,117.77,7983.54,8,Yes
ec814510-c42e-4fc8-9372-e80dee892190,57,Male,13,Month-to-month,Electronic check,25.96,276.36,5,Yes
57dda51e-a4dc-4d4e-908e-04ac99c6207f,51,Female,43,Month-to-month,Mailed check,98.49,4261.45,2,No
be332380-b7aa-43b6-a900-b66f6083bf88,69,Female,59,One year,Credit card,87.0,5107.23,3,Yes
a7674726-61b3-48f3-b99b-70d6bc6aa8a7,64,Female,18,Month-to-month,Credit card,118.69,2103.48,6,Yes
f75c0751-8fd8-4cb4-88fb-2050a460cf44,20,Male,18,One year,Bank transfer,49.76,887.74,3,No
3bbdf80c-cef6-4a14-afdc-c21bdb2c0eb7,60,Male,41,Month-to-month,Mailed check,28.95,1187.65,5,Yes
4a7d6fa1-1d9d-4b86-8253-fb27393aa0a9,26,Male,68,One year,Mailed check,111.32,7527.04,1,No
5719d3e4-16d1-4768-9c83-90ba1672380e,18,Male,2,One year,Electronic check,70.91,139.4,1,Yes
302b0401-efed-498b-979a-7368bd96bb0a,24,Male,22,Month-to-month,Mailed check,102.47,2280.72,5,Yes
92a593c8-1db9-4330-b127-6a5cbe9f44cb,68,Female,63,One year,Electronic check,38.04,2397.97,0,Yes
50392a8c-da73-4ae0-a09e-6e485e24038e,18,Male,20,Month-to-month,Mailed check,99.15,1883.54,0,Yes
bca6a6b0-93b0-427e-a154-7769f43dd740,59,Male,18,Month-to-month,Electronic check,64.24,1190.43,2,Yes
970e287a-0fd7-40f2-8f90-8490006e0070,23,Female,37,Two year,Electronic check,37.47,1434.4,4,No
635d8150-d8dc-43a5-b09a-8327891d47fe,22,Female,58,Month-to-month,Bank transfer,35.63,2050.98,5,No
c572aa5b-51d4-4f72-ac77-8135fad76ab7,47,Female,37,Month-to-month,Credit card,42.47,1488.92,2,Yes
ef15b821-ade6-4f3c-8c2a-261d5d7233db,35,Male,30,Month-to-month,Credit card,114.93,3491.29,3,Yes
a9eb0bf9-850e-4d30-a055-adeccbebb43f,32,Female,27,Two year,Bank transfer,51.12,1409.39,6,No
1b493710-38de-44f1-973d-18559a039d06,50,Female,60,One year,Credit card,31.05,1815.78,5,No
da3465d9-89cd-40e7-825a-2dd465333140,28,Male,1,One year,Bank transfer,60.4,52.14,3,No
d0ef1299-250b-4c5a-90e0-8a8175ea1023,32,Female,42,Month-to-month,Bank transfer,55.47,2406.56,6,No
380a1bb7-d653-44bb-8bfc-a0caf1613bab,65,Male,27,Month-to-month,Electronic check,20.93,574.85,5,Yes
25bdab14-74ae-4b96-ae13-3adc7ff5088e,21,Male,13,Month-to-month,Credit card,96.64,1187.72,7,No
bf3f51d5-2557-482c-888c-6ea499f9a338,64,Female,51,Month-to-month,Mailed check,74.37,3714.4,8,No
d3e78237-cd21-44d3-9960-6af0aa546c79,52,Male,15,One year,Electronic check,23.64,431.6,0,No
51f4a724-9950-4858-88ca-c260b3f5a21c,67,Male,41,One year,Bank transfer,78.43,3182.87,3,No
b04816fd-fd86-4a13-809b-d8134f13823b,51,Male,54,One year,Mailed check,81.02,4407.02,9,No
d900da4b-ff31-4846-8600-fc5f1f9b5662,48,Male,28,One year,Electronic check,52.03,1457.08,7,Yes
a18e4440-7a70-4cf8-92ef-d363b4dea4a4,34,Male,31,One year,Mailed check,103.47,3208.85,3,No
4a9f6c5c-7eb9-4e2d-b738-7270d424d9f3,41,Female,47,Month-to-month,Mailed check,23.23,1083.03,5,Yes
0f0e5767-606f-4a15-b76c-432eb4428cde,54,Male,36,Month-to-month,Mailed check,47.8,1615.95,5,No
27177e59-5548-4613-8f69-ef2dfb2c2c83,44,Male,58,Month-to-month,Bank transfer,70.04,4119.3,3,No
d91b1cb6-35ea-4d3e-b77d-ff3ad3f04058,30,Male,6,One year,Bank transfer,85.29,406.61,9,No
399e4d08-cf77-48cc-af36-feb1bb8f7b2b,32,Male,40,Two year,Mailed check,26.99,1173.87,9,No
ec5412b4-0d74-4c38-bc58-82ecb34de663,53,Female,30,Two year,Mailed check,87.79,2652.34,1,Yes
db55daf5-2dd4-450c-86aa-7991dd8cf1ca,36,Female,4,Month-to-month,Bank transfer,56.55,193.45,0,Yes
4c91ef0e-644d-452c-ba36-96cc7ccd1ac6,29,Male,8,Two year,Electronic check,53.41,533.56,5,Yes
e9917f60-a8c4-40ca-90a4-a31afc00f3e7,43,Female,61,Two year,Credit card,36.42,2251.88,4,No
05855672-fdb6-41a6-a8c0-e305d9387dfb,69,Male,59,Month-to-month,Credit card,104.29,6081.45,7,Yes
6c24dcaa-5660-42e1-a46c-d3c18c45fc9e,47,Male,41,One year,Bank transfer,69.83,2742.72,7,No
592aa87b-fd85-4cf8-b932-28b9ad8ac4bc,43,Male,57,One year,Mailed check,33.17,1921.92,4,Yes
126301a0-641c-4619-a430-58d9c1f98e90,39,Female,6,Two year,Bank transfer,111.31,679.41,2,No
4849032c-4875-4d16-ba0c-96e28720d00f,57,Female,11,Month-to-month,Electronic check,74.66,829.29,8,Yes
b37bdb99-31f1-4f8b-ac4d-e885b245b7d9,59,Male,17,Month-to-month,Mailed check,39.72,640.2,0,No
18e9ef77-64ce-4589-8c4a-62badb335860,52,Male,23,Month-to-month,Bank transfer,27.82,666.76,7,No
ca9128fb-c094-4932-92cb-8f692182b518,40,Male,10,Month-to-month,Bank transfer,38.42,458.92,3,No
0ddb0654-ce19-4f51-9da8-b3919494065d,31,Female,61,One year,Credit card,24.81,1550.01,6,No
4dd7cb5c-b5a7-4756-af40-55ddd98d213c,64,Female,8,One year,Electronic check,99.93,715.02,9,No
93c09687-29e7-4176-a796-17c47520d99e,27,Female,43,Month-to-month,Bank transfer,88.57,3866.21,4,Yes
7b814ce1-b22a-4428-b11f-4ae4233731e0,64,Male,43,Month-to-month,Bank transfer,70.91,3010.09,9,Yes
35b33f54-2513-4cd4-a5b0-15b44a84525f,35,Male,41,Month-to-month,Bank transfer,85.37,3403.9,9,Yes
32167340-bf95-4f33-8dea-6f5237d7cab3,45,Female,26,Two year,Mailed check,42.95,1060.93,2,No
5cbad410-0256-4225-a6b7-8891bc3ddbfc,57,Female,20,Month-to-month,Electronic check,27.99,564.41,6,Yes
1a1940e4-935f-46e2-9b2c-1379b9d859f5,33,Female,23,Two year,Mailed check,115.28,2721.99,6,No
dbc21e42-fd0d-4cb1-8916-7a93ada63c4b,35,Female,12,Two year,Bank transfer,62.38,684.48,4,Yes
fb924354-f34d-4b13-a065-f5cf25c978b5,19,Female,9,One year,Bank transfer,59.69,542.17,9,No
2b10a823-d777-4933-adf0-1fe06d572692,48,Female,16,Month-to-month,Mailed check,103.34,1697.84,5,Yes
5b078b11-1896-4587-8e6b-bde0ed0d6017,40,Female,27,One year,Credit card,47.18,1254.99,0,No
f1efa963-2dfc-4b9c-b94f-ebeff96277e5,65,Male,28,One year,Bank transfer,102.86,2879.04,9,Yes
83f38f4e-faf3-4aec-9e0a-71570d6ed01e,32,Female,41,One year,Electronic check,24.26,1030.8,9,No
6f0eebef-97e8-4057-96a7-01aba66ccf43,47,Female,24,One year,Credit card,38.14,931.9,2,No
b8f91075-a081-45d2-a608-92d6f84006f2,60,Female,41,One year,Credit card,113.75,4645.31,0,No
1e69d7ef-08b3-4111-beb8-62c6676c269f,63,Male,64,Month-to-month,Bank transfer,34.5,2234.54,1,Yes
4d7d10f3-7d16-4638-a58a-83773da8b37a,37,Male,64,One year,Credit card,98.61,6332.51,5,Yes
2c281bbd-f45d-4d91-989d-a530b01fb9f3,39,Male,38,Two year,Electronic check,115.02,4389.1,1,No
c69e17c9-6018-4b17-bec5-715ca71db3a6,34,Female,33,Month-to-month,Credit card,87.28,2811.85,8,Yes
abb558e1-cb9a-4ed5-bdbc-ebdbb119779c,61,Female,57,Month-to-month,Credit card,73.46,4099.93,0,No
76b35303-c719-4dd0-96f0-c19ca894b11e,38,Male,55,Month-to-month,Credit card,62.8,3497.37,6,No
61d15db2-a67a-470a-9175-3cd1dd69cf6b,19,Female,58,Month-to-month,Credit card,109.56,6435.1,7,Yes
71f34593-a737-419b-a1e0-9bf146748ee4,69,Female,18,Two year,Electronic check,85.93,1505.72,3,No
1ddb4f15-1eb8-4863-82f8-60445e08e249,56,Male,5,Month-to-month,Mailed check,95.93,506.61,3,No
a43366c9-7d3d-4b72-9f3e-c5721527b2ac,53,Female,47,Month-to-month,Mailed check,93.72,4379.14,9,Yes
399557cb-827e-40b2-a892-0b25ab35f75a,67,Female,38,One year,Mailed check,64.94,2483.47,0,No
fcc2ed18-92ae-413c-963b-d56405e514ff,56,Male,22,Month-to-month,Credit card,104.23,2353.86,9,Yes
b198047f-4612-4424-bac0-67a69297eaac,56,Male,57,Month-to-month,Credit card,96.75,5477.4,2,Yes
97c6eb3c-cb5a-4c0e-9834-a40dbecfdded,24,Female,10,Month-to-month,Credit card,94.82,870.55,6,Yes
fffcff63-7bf3-48f5-a24b-31d72e5c58ad,64,Male,70,Two year,Bank transfer,51.76,3566.96,8,No
4c618a43-6f04-4c76-b3e6-922da5044925,62,Male,8,Two year,Credit card,29.46,182.07,1,No
534234cf-1974-4b71-a00f-7ed09248c8c8,58,Male,51,One year,Credit card,26.76,1398.1,9,Yes
dcb9d394-e8ac-44c4-b6b9-824010416cbc,52,Female,68,Month-to-month,Credit card,77.81,5260.07,1,No
67c3bd9e-2f54-40e5-899a-5349cb93dab6,50,Female,47,Month-to-month,Credit card,98.69,4628.94,3,Yes
64cfd9b9-050e-4961-b363-d272d0181ce6,42,Male,15,Two year,Electronic check,28.35,378.58,2,No
c891c9c6-8952-4c51-9145-3eb78e59f579,23,Female,25,Two year,Credit card,115.49,2917.2,6,No
105dd35c-7d12-4b6b-87b3-d329cfec1804,49,Female,33,One year,Bank transfer,50.01,1608.05,1,No
89fab5cc-95b0-4f8a-964f-10b584d6b400,63,Male,62,Month-to-month,Credit card,116.33,7250.06,3,Yes
a6d5dac6-ca41-4052-919e-af98b6b84329,43,Female,39,Two year,Credit card,105.14,4101.12,3,Yes
351c586a-c0c3-459e-80e5-ea1a1fc45171,53,Male,43,One year,Bank transfer,100.74,4291.68,7,Yes
1e0914d2-e5c9-43b1-a898-dac4f736df7e,65,Female,23,One year,Credit card,64.99,1514.64,8,Yes
b1f9ab31-995e-49de-9cac-41f82e4001c1,18,Female,52,Month-to-month,Mailed check,58.5,2999.29,7,No
727dda84-8e02-4ef0-815c-e9f42e106355,42,Female,28,Month-to-month,Bank transfer,69.78,1962.71,5,Yes
0a054950-1f7f-45b0-9075-b55accee6b1c,64,Male,22,Month-to-month,Bank transfer,83.41,1896.55,2,No
a71372ab-34cb-4b9a-9338-82b320fa15b7,68,Male,41,Month-to-month,Bank transfer,75.5,3029.69,8,No
41bb0e0d-8fff-406d-967b-6ea029451370,66,Female,61,One year,Bank transfer,100.51,6120.59,0,Yes
15a905b4-08f6-4b3f-80c9-1cd8d9f8a24e,58,Female,9,Two year,Mailed check,25.05,225.21,4,No
4c6f9a45-8192-4f8f-9fed-7603fadc9704,68,Female,26,Month-to-month,Mailed check,116.14,2992.15,2,Yes
2bee2fff-8b5f-43fe-b75d-dff45d123e9b,18,Male,70,One year,Mailed check,109.04,7563.08,9,No
a87d21ff-f1fa-4e6a-ba23-6dbb6c4d1774,27,Male,1,Month-to-month,Electronic check,109.52,102.35,9,Yes
0bd18d4a-4cf4-4edd-bf93-04fa00059b9d,18,Female,5,Month-to-month,Credit card,42.78,216.58,7,Yes
e79524eb-84fa-4889-b21f-9823f23b1efb,19,Male,47,Month-to-month,Mailed check,77.55,3691.35,7,Yes
88baef4a-a8be-4d1f-8b1c-0df3c865b35c,56,Female,40,One year,Mailed check,88.64,3526.94,5,No
7d8da92b-93ba-44a3-a3cd-8a4471e64bce,54,Female,7,One year,Credit card,69.81,410.08,1,Yes
e92915a3-85cd-44bf-901c-93a3b1f22be5,63,Male,61,Month-to-month,Electronic check,82.39,5004.97,0,No
9b2e18c0-5a24-491d-bf2e-1955fc6bc66b,53,Male,2,Month-to-month,Bank transfer,85.26,171.0,9,Yes
b01c337e-35b8-4aae-82b6-0c8e89c818d7,34,Male,10,Month-to-month,Mailed check,78.02,664.13,0,Yes
0b73ca1c-d1dc-41e5-a9a1-44751958a981,40,Female,17,Month-to-month,Mailed check,31.32,551.23,5,No
24444f64-3025-4856-8967-65693cb29bf1,55,Female,36,One year,Bank transfer,114.35,4104.49,5,Yes
371831f3-d527-489b-9b28-65da4cb9be7b,60,Female,60,Month-to-month,Mailed check,74.3,4511.59,6,No
8d548038-9a26-4279-a25b-74adf519ab52,27,Male,25,One year,Electronic check,53.18,1197.27,7,Yes
470367f7-5beb-41c7-977f-199a374e6538,56,Female,20,Month-to-month,Bank transfer,85.2,1591.31,8,Yes
6c092d0a-9f4f-4355-baa6-961c20e4dbfe,37,Female,21,Month-to-month,Credit card,118.65,2527.9,6,Yes
42bb8f63-4145-4abc-8cc2-e0f013093c17,63,Female,40,One year,Credit card,115.43,4613.67,9,No
29cf4c70-e756-41e0-a657-41db61bc7c56,32,Female,2,Month-to-month,Electronic check,64.1,125.4,8,No
f1da833d-1550-4390-b4c0-db3e666a4a82,63,Female,50,Two year,Mailed check,99.24,4992.65,9,No
f0b0e729-6ce3-4d67-ad30-c94b4111e681,19,Male,49,Two year,Mailed check,109.08,5421.11,2,No
3429ce3b-8931-4697-a4ab-a2a0b1cbc263,41,Male,35,Two year,Credit card,93.41,3269.98,8,No
44f760a8-bb90-4511-a12b-61ae12101787,63,Female,70,Month-to-month,Bank transfer,107.74,7530.89,2,Yes
a54427ec-b261-4d5c-a214-245cfecfdd72,59,Male,4,Month-to-month,Credit card,115.09,497.54,4,Yes
904ada37-5f44-4716-b6e5-dd9a315007d2,26,Female,7,Month-to-month,Bank transfer,95.84,631.07,7,No
82ece8aa-d20c-4375-a5d4-53c4a845fee9,29,Female,68,One year,Electronic check,60.28,4107.99,3,No
d2524487-6b70-4287-a9fe-ba149adda7c8,48,Male,12,Month-to-month,Electronic check,114.94,1401.06,5,No
c9ac376c-fe11-430e-90fc-fdaa274b369e,23,Male,17,Month-to-month,Mailed check,39.4,631.97,3,Yes
f6c9dd38-06a2-474c-a102-56376f023006,59,Female,5,One year,Bank transfer,44.32,222.59,5,No
4526ed62-13d8-46e6-bf5c-022a9a86013d,48,Male,7,Two year,Mailed check,31.89,253.14,9,Yes
af194390-1c28-4022-880e-6ddd1fe72d21,69,Female,57,Month-to-month,Mailed check,96.64,5495.52,2,Yes
5450c61f-10e2-4676-a822-d1288c61e59f,37,Male,61,Month-to-month,Electronic check,117.22,7170.15,5,Yes
e8c44e4c-5ce1-4cc2-96c7-02a1a3e2ac17,67,Male,40,Two year,Bank transfer,39.19,1606.94,3,Yes
2575dbd1-45f3-48a4-872f-a86e55616496,38,Male,5,Month-to-month,Mailed check,104.23,485.47,0,Yes
460db751-39cb-441a-8c50-1beade6d4e25,40,Male,27,One year,Bank transfer,85.98,2220.75,6,Yes
fabf8aef-608d-4b54-9913-0b900286675d,30,Male,22,One year,Electronic check,40.23,959.87,2,Yes
f3a80aa0-60ee-4cbc-b8e3-c67df8018a19,68,Male,13,Month-to-month,Credit card,56.2,640.21,3,No
1f9deccd-ecf6-48c0-8861-3afa1ae17565,50,Male,52,Month-to-month,Bank transfer,81.45,4192.32,7,Yes
e0218caf-ba73-4a4e-86c7-1c162cfcbb3f,52,Male,68,One year,Bank transfer,102.18,6968.26,2,No
ce8a5306-d243-4d1b-96bd-5e9f4e7a081e,18,Female,13,Two year,Electronic check,37.66,459.43,4,Yes
59518620-8769-4e24-9875-589a7d57a51f,48,Female,19,Month-to-month,Credit card,119.76,2246.44,2,Yes
4830effe-dd8a-4f0a-9278-f380b3510ddc,23,Male,42,One year,Bank transfer,61.82,2566.46,2,Yes
195c663b-9b82-4430-8563-cafe8d31df34,56,Female,43,One year,Credit card,59.05,2575.66,3,No
51683612-2bb6-4a4e-8c47-5261e585a0a5,52,Male,68,One year,Bank transfer,47.26,3164.73,8,No
2e408d57-63ba-4c3d-807a-be48f24e7fd6,62,Female,20,One year,Mailed check,90.84,1859.14,2,No
ad851456-bdc5-4633-8e5b-961f585d4011,38,Male,7,One year,Credit card,93.88,691.34,9,No
8d3a5b2d-881c-4211-89eb-597bf7ceddc4,34,Female,49,Month-to-month,Credit card,20.7,962.85,8,No
6714272a-d981-4a41-a1cc-233c9838d168,64,Male,68,Month-to-month,Credit card,73.25,5020.28,4,Yes
4251d2f0-20a8-4260-97a1-a2f67a139e90,22,Male,25,Two year,Electronic check,30.18,711.87,3,No
b695c2bf-8379-45ed-afc8-d769026e6d11,55,Female,69,Month-to-month,Electronic check,66.64,4510.61,1,Yes
248607c2-2059-4d46-a856-0b7427ce46ce,19,Male,20,One year,Bank transfer,38.87,750.83,8,No
44725ab7-bc44-4417-914b-a9bb60f91495,47,Male,61,Month-to-month,Credit card,102.35,6268.61,7,No
a3a22f35-b9b5-43c7-ab1e-fddc0d888933,49,Male,34,One year,Mailed check,118.88,4038.33,8,No
c70c15e3-b51e-40dd-9ec2-322ff978d269,18,Male,71,Month-to-month,Credit card,99.56,7066.69,0,No
6b1205aa-9bd3-4580-ad9f-835f3fc5c786,69,Female,9,Month-to-month,Mailed check,20.17,126.69,4,Yes
705faecd-2edf-402e-b531-8081b4effa29,25,Male,7,Two year,Credit card,61.4,429.01,5,Yes
77fa7bbc-cc68-453e-9a9f-d637fc7aa2dc,59,Female,66,Month-to-month,Bank transfer,64.99,4229.56,0,No
f3dea9dc-469c-458b-896d-036a8092189b,55,Male,65,Two year,Credit card,68.14,4381.41,1,No
b7ed70cf-f111-4e9e-8545-b11f6d820335,27,Female,37,Two year,Electronic check,60.77,2187.99,3,Yes
3a9048cc-d063-43e7-ac7e-f0abe1a29ffa,61,Female,4,Month-to-month,Credit card,26.37,131.46,8,Yes
1641d960-dba0-4dec-a2b8-fdcc4e20c377,31,Female,35,Month-to-month,Bank transfer,78.98,2722.56,6,Yes
c544a049-6811-4a5c-8e3f-d50bf28c635f,26,Female,46,One year,Credit card,89.92,4110.11,7,No
a27a2bda-1713-442b-9862-042e500f86b1,59,Female,17,Month-to-month,Credit card,81.83,1469.54,7,Yes
3d730c3b-bade-43a0-93a2-2a821458771d,48,Female,35,Month-to-month,Credit card,107.44,3705.39,3,Yes
9347f486-2a44-4a88-97f8-5f5bf1e2cce7,21,Female,7,Month-to-month,Mailed check,96.1,671.52,0,Yes
492d85a7-be50-4500-95a7-5ed90eb2858f,69,Male,66,Month-to-month,Credit card,89.85,5954.86,0,Yes
ceefd2c9-7e2b-43ce-adf9-8b8d8ddd6a3e,50,Female,64,Month-to-month,Electronic check,54.02,3475.51,1,No
f2ca2002-f650-4852-82bc-e2e0dfd5988e,42,Male,3,Month-to-month,Credit card,79.0,243.13,5,Yes
eeb47b07-8239-41c4-ad52-09e76c8a30c1,60,Female,43,Month-to-month,Electronic check,74.23,3183.73,3,No
7f702973-7aca-4b76-a2ec-f870bb15894a,40,Female,19,Month-to-month,Electronic check,85.05,1564.56,0,No
ad411244-ff79-40f4-af64-257283d7cafc,38,Male,4,Month-to-month,Mailed check,67.87,299.69,7,Yes
1febc9af-b2a8-4456-884b-fa8ce3593ee9,54,Male,68,Two year,Mailed check,85.18,5809.8,8,Yes
30afe613-9dc4-4583-838e-f7af67ccfa38,66,Female,39,One year,Mailed check,103.93,4146.17,2,No
01ddc628-bef4-4f0c-94d6-761ce92fd9fd,30,Male,40,One year,Credit card,102.14,4058.81,6,Yes
88c982ec-b3dd-4cfb-accb-6ae1b6d331ca,59,Male,38,One year,Credit card,64.32,2446.92,9,No
fe85544c-3e85-4c67-9855-e4a0bfea3d2a,59,Male,33,Month-to-month,Mailed check,22.67,780.63,8,Yes
eba332b1-f36c-4c45-a942-b4d7bd2dffff,69,Female,68,Month-to-month,Bank transfer,24.93,1707.27,8,Yes
f1e7ada0-e15d-4e51-bfc9-77e4d2c7f176,55,Female,48,Month-to-month,Credit card,91.05,4345.48,2,Yes
0ad7d77c-9bf4-4cc6-af1f-be1687324f52,40,Female,48,Two year,Credit card,50.18,2429.68,0,No
2b24ef63-f6f3-4192-b2da-dc219b7cd539,63,Male,45,Month-to-month,Mailed check,71.87,3230.32,2,Yes
c3828725-e1c6-4384-ae20-a0b5acad7c07,64,Female,13,One year,Credit card,61.18,785.33,6,No
2cc09f87-399e-4823-a75f-58ba86052bef,63,Female,48,Two year,Credit card,61.37,2990.25,4,Yes
22212e52-d6e3-4103-9df7-0cc1133b385e,46,Female,23,Two year,Bank transfer,78.85,1804.47,0,Yes
0d08367e-f3d5-4737-9a71-504b8380d397,64,Male,44,One year,Bank transfer,54.94,2348.01,5,Yes
2ba4d656-610c-4ade-bed9-9a6b6c3786c2,20,Female,9,One year,Electronic check,68.75,662.0,4,Yes
56847457-1cfc-4f01-b840-1eea5f8f8538,25,Male,27,Two year,Mailed check,97.3,2616.21,9,No
d4ec0595-3ff0-4d13-add7-1599e9fedd48,68,Male,67,One year,Electronic check,91.67,6188.86,5,Yes
db992f51-c433-43bd-99cc-86568a03be43,39,Male,3,Month-to-month,Mailed check,84.57,323.7,3,Yes
7bae0f3b-4c96-4dc2-8a41-aed81e2c6d4b,66,Female,9,Month-to-month,Credit card,118.99,1006.09,4,Yes
00926d61-368b-4d68-83c6-b5324b25c483,67,Male,16,Month-to-month,Mailed check,100.05,1552.34,5,Yes
64c46086-919f-402e-a194-c7b1bcef40f8,19,Male,40,Month-to-month,Mailed check,68.94,2779.81,9,No
edda1677-4e08-4b81-ac4d-6c0037abaaf8,20,Female,50,Month-to-month,Electronic check,51.77,2626.7,5,No
83f9b580-a499-4b92-b589-de14eee06433,56,Female,44,One year,Bank transfer,88.34,3838.78,0,No
ef775124-0911-4215-a4b7-0864d362dea7,56,Female,27,Month-to-month,Bank transfer,44.13,1204.72,2,No
d92d9519-9e24-4724-a47a-7b03768ae6fb,53,Male,39,One year,Bank transfer,89.83,3527.42,2,No
0182144d-5b12-4b1b-8eb8-1b177cff07e3,57,Male,26,Month-to-month,Mailed check,46.78,1214.97,2,No
4c60b543-541b-489c-b5d9-c07c9d9363ea,43,Female,34,One year,Bank transfer,95.87,3311.53,6,No
59875c7d-0151-4cb0-9b6f-1a9e5a98b715,24,Male,20,One year,Bank transfer,58.53,1143.91,2,No
66edef30-2fa8-4808-b8f1-6861e3e3e73b,50,Female,21,One year,Bank transfer,99.96,2047.11,8,Yes
6e4928ac-19f1-45cc-8244-e4d75ac2a176,69,Female,45,Month-to-month,Mailed check,100.11,4527.39,7,No
8772df4a-15b1-44a6-b292-45ba7df6bc1d,22,Male,38,Month-to-month,Mailed check,91.39,3442.47,9,No
6924e248-2759-4511-a604-bfbe83aa622f,41,Female,51,Two year,Mailed check,22.24,1067.21,4,Yes
01c4e229-7cc7-4b17-a9c1-84ce1fb426c0,64,Female,45,Two year,Electronic check,46.14,2079.37,1,No
4008d4da-a819-413d-84fa-84a427d764ce,69,Female,30,Month-to-month,Mailed check,112.68,3460.82,6,No
5fd2bec3-6536-4c77-b87f-b57839e1609d,51,Female,68,Month-to-month,Mailed check,80.58,5648.55,0,No
e466c937-6da7-495b-9d4f-97154c9df049,58,Female,26,Month-to-month,Credit card,25.25,671.03,9,Yes
44fcc054-cfc1-4689-8953-4e152ea37b78,37,Female,64,Month-to-month,Electronic check,40.76,2683.01,4,Yes
a801f15e-7046-425d-bd47-4d951bd36f41,23,Male,47,Two year,Mailed check,90.39,4282.63,7,No
23cecf1e-296d-491f-b079-ae53d6e0217c,45,Male,4,Month-to-month,Bank transfer,104.25,351.83,3,Yes
017cc74e-6f18-4343-bf41-5c985a8e8f05,20,Male,59,Month-to-month,Bank transfer,100.21,5978.26,8,Yes
b58f67b6-deda-428b-a232-0dc95bf6f06d,38,Male,61,One year,Bank transfer,55.88,3418.45,1,No
48ef30ff-3087-47b4-9c54-956f32ce93db,68,Male,19,One year,Bank transfer,40.48,734.9,5,No
6bca4f86-6500-4793-a238-dfc60a4e3ccf,41,Female,69,Month-to-month,Mailed check,45.25,3132.29,4,Yes
08175dd0-e6a7-4af7-94ca-6897be71cd60,18,Female,16,One year,Electronic check,73.03,1167.86,1,No
f2c8c25e-32f1-427c-aa8c-662d290a3d67,39,Female,7,Month-to-month,Credit card,81.66,544.02,8,Yes
fba13732-aa4d-4bb8-b5ae-d2e97ab3137c,59,Female,71,Month-to-month,Credit card,105.8,7464.34,9,Yes
7d338ca2-6bcc-472a-9e69-2c3f440b71a6,53,Female,22,Month-to-month,Bank transfer,45.59,955.18,0,No
ae864837-ccc1-4250-bedd-84838cd4e7bc,50,Female,39,One year,Mailed check,33.12,1338.07,1,No
c0476d80-532b-470a-a09f-839fb6ddbd11,40,Female,1,Month-to-month,Bank transfer,111.08,126.25,9,Yes
665e467f-e1bb-4399-87c4-32a0c3af3d93,47,Male,2,One year,Bank transfer,40.16,96.87,7,No
bdecb67a-ec6e-4294-b9da-c7798079cdc9,56,Female,6,Month-to-month,Credit card,94.56,571.97,5,Yes
21a496a8-638b-4370-935d-1936d7d2f88f,37,Female,64,One year,Electronic check,34.9,2130.29,5,No
caef3c9e-1b9d-4f1b-b52a-6cbf1c17729f,29,Male,64,Month-to-month,Bank transfer,20.54,1300.31,5,Yes
581848c5-27d1-4990-a049-a289056a3b28,65,Male,65,One year,Mailed check,79.73,5233.03,5,Yes
af374e8c-c473-4700-837e-7f6080000fac,55,Female,66,Month-to-month,Bank transfer,82.01,5339.25,4,Yes
d4701dd2-ada5-4eb9-8d52-7b893c8b966c,42,Female,1,Month-to-month,Credit card,103.64,182.08,2,Yes
98daae8c-f9f7-4004-adfe-874557968d64,28,Male,61,Two year,Mailed check,98.96,6010.97,7,No
7aededf4-6f30-4743-820e-2e6abcc8509b,66,Female,17,One year,Electronic check,31.3,560.95,7,No
15263fef-7c65-4bfb-883f-ca724a1a7c2e,68,Male,13,One year,Electronic check,52.72,630.58,1,No
9e1be56d-3f6c-4de5-adcf-cb58c2ca55ed,46,Male,65,Month-to-month,Credit card,58.15,3821.58,7,Yes
2fd6129a-82e0-4d39-bab0-08df2709f5b2,69,Male,38,Two year,Mailed check,54.91,2098.23,0,No
1d71f339-c448-42af-87f8-b6f13fdd0e2b,35,Male,42,One year,Credit card,32.99,1399.7,1,No
b371d64d-fe87-417b-8376-bff9dd3a0936,37,Male,7,One year,Mailed check,42.72,356.29,9,No
6ddd5c02-d213-4565-aa94-a1d43f529dae,63,Female,7,One year,Mailed check,100.48,686.05,2,No
c86022c4-b4da-4f04-b951-0a4532cb28ba,52,Female,61,Month-to-month,Mailed check,106.54,6405.3,1,Yes
baff361a-b37e-4c41-9a62-75f5cf590b8e,37,Female,52,Month-to-month,Electronic check,63.95,3382.44,5,Yes
304c9c7b-2e62-4a6f-9c71-14398098f50d,25,Female,52,Two year,Bank transfer,52.29,2801.05,7,No
a1001bc8-9758-425f-9ad8-e2dafe17ddb3,47,Male,41,One year,Credit card,22.82,901.35,7,No
1ed68b71-3ab8-4c3f-a612-e9e5a26d18f6,42,Male,49,Month-to-month,Electronic check,105.89,5155.93,4,Yes
461bcbc3-09d2-41e0-a6ba-7e5121de2360,68,Male,12,Month-to-month,Mailed check,103.51,1153.11,6,Yes
256df639-edd9-436e-b132-8995fd8ac696,46,Female,50,One year,Credit card,86.28,4325.81,5,No
331bd602-9dd0-4e04-8485-742a6d22313c,67,Male,27,Month-to-month,Electronic check,22.14,558.58,8,Yes
615eca80-0d0b-4920-9d46-0c9117478b5c,47,Male,19,Month-to-month,Bank transfer,99.29,1829.4,5,Yes
b33d9c7c-4e73-4dcc-8664-82ee6844a0e3,41,Female,42,Two year,Mailed check,106.27,4555.51,3,Yes
38c6430f-3b3e-47bd-bae9-6dd3a2209a31,54,Female,24,Month-to-month,Mailed check,28.97,705.18,0,Yes
0fb49d98-7aac-4a0a-ad13-4ea8560fc071,41,Female,2,One year,Bank transfer,88.24,175.67,2,No
0d394b57-a4d4-4f15-ad54-a50182866d40,64,Female,3,Month-to-month,Bank transfer,71.16,93.98,6,Yes
5d13539c-44ed-4fd5-9c2c-8fb14de5f2f7,38,Female,29,Month-to-month,Credit card,115.92,3401.85,3,No
b62a7941-59dc-4e0f-b168-5db847d28391,44,Female,33,Month-to-month,Mailed check,48.27,1577.36,5,Yes
e525aeaf-51e1-4799-bf39-562d6b06e92f,66,Female,37,One year,Mailed check,96.82,3554.48,6,No
00231f70-0a77-45cc-ae87-46510c2ca7fa,40,Male,68,Month-to-month,Mailed check,68.45,4630.34,1,No
5256f928-bea8-4e9f-a911-fd6d0d586ee2,45,Male,34,One year,Electronic check,21.47,738.25,9,Yes
47b885fa-78d8-4dd6-890a-886c36442939,33,Male,19,Month-to-month,Credit card,116.51,2354.76,1,No
6e4ff4a4-19cb-44c8-9b45-03bce892464d,54,Male,70,One year,Electronic check,34.61,2375.72,9,No
7dc4f12b-f2c5-42da-8094-4f952f51aca6,39,Male,3,Month-to-month,Credit card,73.25,171.61,7,No
1c8d23b4-4dea-4200-9593-83cf5d13a906,44,Female,55,Month-to-month,Credit card,44.06,2449.0,8,Yes
aed690cc-037f-4347-ab40-256118cd99c9,35,Male,59,Month-to-month,Credit card,111.45,6551.45,6,Yes
215bdef5-dcaa-4893-853d-1af98d40aeb2,55,Male,56,One year,Credit card,106.56,5939.38,6,No
cf5e7840-bdc5-41bb-9c4e-3b0054ca4adc,27,Female,21,Month-to-month,Bank transfer,109.75,2293.17,7,Yes
96c2e045-c75f-4b36-be30-cae95c83b98e,46,Female,63,One year,Credit card,34.88,2196.49,4,No
3cfe18e9-5f20-4c06-9ace-863187638104,35,Female,22,Month-to-month,Credit card,66.65,1509.47,0,Yes
959677e9-35c4-4e08-86a4-7588a676ace1,43,Male,30,Month-to-month,Bank transfer,23.98,707.13,7,Yes
1b3ac54c-e31f-4212-9654-c83f62510f01,18,Male,64,One year,Electronic check,84.52,5391.47,7,Yes
9a11ddf4-be1a-45c9-a12a-c11c21677dca,42,Male,70,Month-to-month,Bank transfer,118.06,8287.21,8,Yes
f7e47c8c-9628-4429-8a81-870a1ecf8aec,61,Male,4,One year,Credit card,49.85,221.89,5,No
d141b9e4-a783-41c8-a250-891ae9846baa,33,Female,7,One year,Electronic check,59.85,358.94,1,No
721df83c-b464-49f4-b163-b27430c041a9,37,Female,18,One year,Electronic check,64.32,1133.01,8,No
f11afc00-132b-4f36-9940-4d24eced9c30,29,Female,56,Month-to-month,Electronic check,59.82,3331.48,8,Yes
4d2d8efd-57c8-494c-9e77-76ae8bec9a50,39,Male,42,Month-to-month,Mailed check,49.6,2092.87,9,Yes
c2d01c42-fd59-4978-b965-12e3b9b094ac,52,Male,13,Two year,Mailed check,82.92,1043.3,4,Yes
27571245-b884-4902-8897-3a4a33b636dc,55,Male,65,Month-to-month,Mailed check,27.19,1790.09,3,No
6b0ffa79-3113-413a-a0b9-98300b373468,48,Male,24,Month-to-month,Credit card,51.72,1201.3,4,No
e43f05c8-40a5-42f7-b62b-9f628ced48ea,42,Female,39,Month-to-month,Bank transfer,33.4,1286.5,9,No
d89939ba-da7a-4e9f-8265-1976e0880267,39,Female,62,Month-to-month,Bank transfer,114.35,7083.71,3,No
58eb3e59-f9a1-4e3f-8f72-d6afe825049a,24,Male,26,Month-to-month,Bank transfer,98.79,2578.43,3,Yes
a13ecf15-72cf-4b0e-9db2-f6cee5190530,57,Male,8,Two year,Electronic check,89.57,750.28,6,Yes
6fa5f03f-e92d-4961-9e0f-d29bb7a2ab33,58,Male,29,Month-to-month,Bank transfer,98.88,2920.32,5,No
861550f6-6b43-4b40-bb9a-21c41155581f,26,Male,28,Month-to-month,Mailed check,116.79,3335.49,9,Yes
ca77736e-80fd-463d-b3d3-6295ee6bcb89,23,Male,40,One year,Mailed check,32.8,1357.46,4,No
462e9af3-9962-4263-aabc-42b1059997f6,28,Male,25,Month-to-month,Mailed check,31.98,786.07,8,No
4a26eb59-2101-4598-b7ad-3965b25b56dc,49,Male,44,Month-to-month,Bank transfer,62.06,2863.32,0,Yes
0f9027d5-90f0-447c-b4af-80050ba24c4f,53,Male,14,One year,Electronic check,53.55,712.23,7,No
30b05a0b-b19d-4860-b8f4-0e49cb5d2aff,47,Male,45,One year,Mailed check,81.13,3662.24,9,Yes
7eba0464-65c2-47c0-9085-449dbd9f82d7,28,Male,67,Month-to-month,Credit card,68.58,4607.91,8,No
8373edf3-dec9-4438-884f-f1a7af481fc0,55,Female,60,One year,Mailed check,78.94,4694.14,4,No
70100d7e-2a5f-46e4-9332-406ff8b6bdee,46,Female,66,Month-to-month,Bank transfer,89.82,5999.17,8,Yes
8fffe845-6257-4e9c-8260-1132c02fb24f,38,Female,4,One year,Credit card,84.03,338.53,2,No
9b72a9fe-669e-498d-a3e7-3896c784ef4b,53,Male,6,Month-to-month,Electronic check,53.57,369.8,5,No
00ebf725-2f1e-48dc-b4f9-02b74580a4ae,26,Male,69,Month-to-month,Mailed check,42.71,2997.28,3,Yes
9794b389-37c2-4f27-9267-e7e628f5f5c2,52,Female,41,Month-to-month,Credit card,101.83,4182.95,0,Yes
edba84d1-e110-4d91-8244-bc44b25c5b50,20,Male,40,Two year,Credit card,86.71,3481.91,9,No
80fa3363-7497-47d9-8346-93d1ca67d562,23,Male,12,Month-to-month,Electronic check,31.06,380.68,0,No
4242fc5c-866b-429a-b877-e049b52f5e0d,43,Female,43,Two year,Bank transfer,30.31,1301.05,2,No
4bde7d88-3867-462d-9a3b-ce8e4dac49f6,18,Female,67,Month-to-month,Electronic check,51.95,3468.24,4,Yes
1e7d8f7b-8d59-434d-84bd-604fb5502e2b,21,Male,11,One year,Credit card,85.37,1014.94,4,No
8897c497-0bad-4234-b953-70c02bcdce43,63,Male,37,One year,Mailed check,38.21,1369.69,6,No
a3bdd4d6-0a01-48b6-8ab6-3e0f3cfbc642,38,Male,15,Month-to-month,Bank transfer,88.37,1245.4,7,No
471b0cc7-e233-4597-b129-ed2f25ec77e4,19,Female,43,One year,Electronic check,83.71,3584.37,2,No
df96048a-453b-47f5-a20a-69d3ed601f49,51,Female,60,Two year,Electronic check,99.09,5938.62,7,No
fae2d4a8-a475-4fa7-8d30-69bfca6628a8,30,Female,58,Two year,Electronic check,115.62,6764.68,9,No
35c0c003-d2cb-43eb-bd52-3fad3fbefe33,37,Female,13,Month-to-month,Mailed check,109.49,1392.77,1,No
a60da1aa-005b-4f73-9dbe-4a3c88db3692,58,Female,9,One year,Electronic check,102.21,1013.09,1,No
f8e351ea-9aeb-4c3e-a1f7-815758f34359,42,Male,35,Month-to-month,Bank transfer,42.12,1516.95,7,No
f2491816-154f-4eb4-9316-7cb55e7e00e5,58,Female,23,One year,Mailed check,100.52,2419.99,9,No
4398018f-8c9d-4a84-a24c-ee91b4992393,52,Male,67,Month-to-month,Electronic check,75.73,4944.07,5,No
e5f95507-6889-48ad-a234-5eacb8da3559,47,Female,23,One year,Bank transfer,94.9,2236.17,6,Yes
fc3a156a-531b-49d8-8b7e-42df9c8a1631,59,Female,65,Month-to-month,Mailed check,28.79,1828.35,7,No
02aa1c76-d0e0-4655-a03e-9b5d0ea8d0ee,69,Female,62,One year,Bank transfer,113.17,7107.97,5,No
bb0084fa-3822-451b-9b00-f1a0d2ed3196,48,Male,39,One year,Bank transfer,51.67,2029.03,8,No
418860b9-2d3e-454b-8799-c04bf71925ae,29,Female,34,One year,Mailed check,81.49,2728.24,1,Yes
a845f723-8992-4e2d-8400-e249f8bb1616,21,Male,60,Month-to-month,Credit card,76.67,4571.09,3,No
f0636972-c737-427a-9e34-106afa902bfb,58,Female,22,Month-to-month,Credit card,92.07,1997.35,0,No
b8fc7513-1b3f-44b0-9550-9b75c7cfb659,47,Female,47,One year,Credit card,76.64,3585.56,2,No
f216880d-61c9-415e-b028-5484beeac4d3,51,Female,25,One year,Credit card,37.5,915.81,6,No
a05095fa-deba-4297-81e1-5f65a7610e80,34,Male,35,Month-to-month,Bank transfer,51.58,1882.42,9,No
34c6d620-8d06-43e2-9ab6-2311a261d918,40,Female,18,Month-to-month,Bank transfer,34.85,626.96,6,Yes
5302e6e2-387b-4cda-b133-0766d11ce313,46,Female,59,One year,Credit card,82.74,4806.46,2,No
a13a9da2-94e7-4b2a-b434-02ef44cfa6ba,64,Female,13,Month-to-month,Electronic check,113.12,1508.91,3,Yes
653d171f-c0bd-4748-9bb4-64a3cec79642,42,Male,36,Two year,Mailed check,90.66,3377.02,0,No
bad4f3e0-3b52-4525-b230-b85b27d81ea0,33,Male,24,Month-to-month,Credit card,113.34,2749.9,6,Yes
25f93ab9-5e5f-410c-af14-4dc6b9ede33f,55,Female,69,Month-to-month,Mailed check,27.93,1933.11,9,Yes
7ef74fdb-17fc-4335-baa0-3208e6f47dcf,33,Male,70,Two year,Credit card,67.26,4733.33,5,Yes
d0cb079f-2f5d-4f13-b59a-97252e77abe3,39,Female,11,Two year,Bank transfer,45.31,465.82,9,No
91d51b06-3059-4fbc-ad15-94cbdcc31cb2,29,Female,38,Month-to-month,Mailed check,77.2,2921.64,8,Yes
2e2f2127-babf-4375-b17f-b7867d929cc0,32,Male,45,Month-to-month,Mailed check,101.61,4546.01,5,No
4f66a914-0563-4b30-8834-0d51a5c6c5ae,47,Male,47,One year,Bank transfer,40.29,1914.32,3,No
d147a0bf-2d7f-4e23-a29f-f19c29b50942,47,Female,37,One year,Electronic check,28.44,971.13,0,No
3016cecc-9b9a-4a55-aff7-45a064ea1dd3,67,Male,21,One year,Mailed check,75.65,1567.91,5,No
6d283989-1271-4873-a4bd-e1a811c7bec9,67,Female,41,Month-to-month,Electronic check,57.78,2525.98,7,No
a52680b3-e8bc-4007-b47c-76903ec8f48e,66,Male,70,Month-to-month,Electronic check,23.28,1584.66,1,Yes
b96c2da0-19a8-4c19-a70a-858cf86b2e95,54,Male,44,Month-to-month,Bank transfer,98.09,4347.78,5,No
c01d1c62-ba0d-4f1f-a325-85b486daf596,20,Male,10,Month-to-month,Bank transfer,74.71,704.96,9,Yes
1987e6d0-9a71-41aa-8304-92b3ced89c97,25,Male,60,One year,Bank transfer,113.71,6832.55,3,No
1c2b498f-054d-4360-a24d-347360bc6cbc,55,Female,25,One year,Electronic check,37.11,946.4,1,No
d49cc547-c371-4e42-8378-25dad399956c,35,Female,50,Month-to-month,Electronic check,74.05,3722.8,1,No
21d67c73-0b32-4c23-af47-0a44a4fcc79c,22,Female,45,Month-to-month,Bank transfer,88.5,3961.0,5,No
44852295-1566-4483-8526-6dc83f936724,49,Female,29,Month-to-month,Bank transfer,116.98,3438.12,7,No
9981d28f-a09c-4325-b047-fbeb2483c458,39,Male,42,One year,Electronic check,79.31,3260.16,2,No
0267c983-f763-4b4d-8ada-c12203748864,48,Female,32,Month-to-month,Electronic check,101.98,3170.53,0,Yes
8ad8c568-1b39-4777-8aaa-4685f5266edf,57,Female,12,One year,Electronic check,94.6,1109.99,1,No
da4bdf2d-56a0-48b4-9179-2ee0bc731d47,64,Male,35,Two year,Credit card,33.99,1164.91,4,No
23a49571-33cb-49ef-95c0-4765b51bd20f,27,Female,19,Month-to-month,Electronic check,76.06,1413.8,3,Yes
e473b0b0-9017-44a8-8279-d9137afd2923,46,Female,5,Month-to-month,Bank transfer,108.13,580.79,8,No
4eb0c866-29c3-4598-90c2-4f2171bf5c97,65,Male,4,Month-to-month,Electronic check,49.48,189.88,9,No
3e6a41f1-278e-4f60-ba99-bd7654edfb70,19,Female,27,One year,Bank transfer,39.31,1072.42,1,No
447809c0-b129-4cb7-8b24-8c7e0e4ddb72,36,Male,28,One year,Credit card,37.08,1038.24,1,No
056de195-1f81-4097-8b2a-3730a0a2e9bd,20,Female,68,One year,Bank transfer,34.31,2405.3,1,No
8b6daa25-1a52-4aa2-8b66-0bcdd32e4757,25,Female,43,Month-to-month,Credit card,48.56,2043.08,5,No
e2eed64b-82f4-4196-9a41-c57f4bf70dc6,30,Female,16,One year,Bank transfer,52.38,882.84,4,Yes
004f5362-244f-4ce3-aa50-18b5d623c671,63,Female,44,Month-to-month,Mailed check,74.53,3342.0,7,Yes
3a0761d9-0624-4bdf-b96c-8f79e983c62e,47,Male,63,Two year,Mailed check,80.09,4988.31,9,No
5a7284a2-25ba-4795-a2a8-76d76d58bf63,20,Male,63,Month-to-month,Credit card,114.37,7153.24,9,Yes
ebf3ef99-39d3-4f2b-896e-c0c9a7c5f960,35,Female,55,Month-to-month,Bank transfer,37.47,2015.5,8,No
afcfea4d-627e-41e1-af35-fbc0e1057ec8,31,Male,28,One year,Credit card,78.78,2259.95,8,No
e6d037c6-d2a2-4765-b700-7ce3e25c7f9c,57,Female,4,Month-to-month,Mailed check,88.48,361.37,7,No
fda2f9a0-2b68-48e3-bde7-f41a1cc6d08a,59,Male,21,One year,Mailed check,105.27,2137.49,1,No
f4dafcc8-1a0b-4310-b97a-4dc81c31d9b9,42,Female,43,One year,Credit card,95.3,4056.8,9,No
1387bcda-5b78-47ed-8824-faf3f4b28643,45,Male,45,Two year,Credit card,38.12,1672.26,3,No
5c494d63-1e4c-4fdf-956e-fce49d9e4da2,44,Male,31,Two year,Mailed check,60.13,1833.84,7,No
15b5bc25-eb7c-4628-acb9-48f7ec5eac70,57,Female,49,Two year,Mailed check,92.02,4549.38,1,No
26aeaf29-9ac0-4e26-8b18-c73ce545281b,57,Female,46,One year,Mailed check,102.77,4650.49,3,No
55b85720-87cd-4444-adba-97542d95d98d,46,Female,22,Two year,Electronic check,29.93,670.08,3,No
6cdcd3be-adef-4777-ae6d-f7e899802368,28,Female,31,Month-to-month,Mailed check,89.52,2686.66,9,Yes
afe9c3dc-aad2-4db6-a4a3-5a102674d1ff,54,Male,28,Month-to-month,Credit card,35.45,1004.08,0,No
49793220-d14b-4771-9ff0-287a4d334878,69,Male,30,Month-to-month,Electronic check,119.28,3540.83,9,Yes
45665e79-1a9a-4b54-a01a-5b5e592fcdc6,59,Male,44,One year,Electronic check,32.02,1498.11,2,No
5e7e2813-a967-4fe1-bfce-e629ea8e55a5,26,Female,56,One year,Bank transfer,106.43,5993.09,5,No
e830257d-cf8b-4eb2-83f1-5176eed15809,67,Female,15,Two year,Electronic check,75.95,1114.58,6,Yes
c9f279a8-138c-437a-8c76-864ab61831c5,59,Female,2,One year,Bank transfer,74.63,123.27,9,Yes
fa61726a-eedf-4f78-9c99-4976008ec990,40,Male,26,Month-to-month,Mailed check,118.12,3034.09,1,Yes
2586dcd1-a7e6-4e4e-871c-dac2260d76ca,33,Male,36,Month-to-month,Mailed check,111.66,4003.88,0,No
725aa10d-63fe-457c-a5d4-ec1951fc4c23,24,Male,3,Month-to-month,Mailed check,51.48,159.93,0,Yes
f9f15e65-c919-4c69-8bfe-68f0b8a9f704,18,Female,18,Two year,Electronic check,97.01,1703.92,3,No
1cf85164-113b-476e-908c-e31e7a7a852e,60,Male,55,Month-to-month,Electronic check,99.37,5370.76,3,No
ba098484-f5a7-420d-ad6d-91e193ed82c5,19,Male,67,One year,Bank transfer,89.53,5929.83,5,No
52b3a0d1-1727-4924-a508-f357474a3674,50,Female,57,Two year,Electronic check,42.2,2409.95,1,No
c47d336f-2e8f-4f7f-a0a6-2edffea95b73,51,Female,12,One year,Bank transfer,89.9,1079.62,2,No
7e8450d7-51be-4dc1-9a44-914362908017,34,Male,3,One year,Mailed check,84.82,234.44,2,No
f90c9f84-b184-471c-bb35-b9f96c80423a,60,Female,37,Month-to-month,Bank transfer,98.73,3675.55,8,Yes
a2f87dea-cb22-4b8d-9a0b-d63d69f841b0,59,Male,49,One year,Mailed check,74.87,3702.48,8,Yes
f1abf7a0-cd59-4b8c-a362-7835555df8c6,58,Female,34,Month-to-month,Bank transfer,58.44,2033.09,0,No
62186d10-3ef3-45be-abee-4c80a7698b2d,42,Male,47,One year,Electronic check,76.92,3597.86,1,No
89eb56c1-7f42-4889-8ca1-7f756b2d470a,58,Male,46,Month-to-month,Credit card,104.89,4843.0,7,Yes
894539ec-8850-4e9d-be1b-203488a5316f,25,Male,44,Month-to-month,Bank transfer,46.17,2000.47,1,No
1567f88e-6276-4e87-bae8-c8f8d2478bb2,57,Male,4,One year,Bank transfer,49.54,199.56,5,Yes
86e5edf4-6bfd-4189-b705-10f894ba0d7c,26,Male,45,Two year,Mailed check,76.66,3480.93,6,No
cfb0d68d-b189-45a6-86ce-c51b93efb5c4,59,Male,27,Month-to-month,Electronic check,108.85,2910.8,1,No
165607c0-b3fd-4c76-b826-45adbf8f81ea,20,Female,71,Two year,Bank transfer,56.14,4015.68,6,No
340a22d7-00bb-4543-9c98-fd573c359ce2,52,Male,35,Two year,Bank transfer,67.52,2288.34,5,No
5cc624ef-0464-4f52-99c0-99f6fe709416,38,Female,49,Month-to-month,Credit card,106.95,5249.26,5,Yes
2233212a-f526-4ea2-b953-3cb78ef1a114,37,Female,23,Month-to-month,Bank transfer,37.89,895.16,8,Yes
e94f03ec-0f40-46a2-9c33-345debc05f02,43,Female,51,Two year,Credit card,87.64,4494.98,8,Yes
d96da200-d947-472a-9c61-3985596ed71c,69,Male,11,One year,Mailed check,87.83,1058.2,2,No
23ac64e5-d1aa-4b53-8755-66c2dde4cd87,20,Male,14,One year,Bank transfer,62.96,903.69,8,No
d5d318cf-24e6-4ffd-b5dc-037d4b71481f,61,Female,26,Month-to-month,Credit card,56.75,1467.42,6,Yes
ee6c69f7-f8c9-4b4a-8d2f-2114da72ab37,27,Female,5,Month-to-month,Credit card,86.7,456.44,6,No
35f2e254-3e14-4f6a-abcb-b347e9b758ee,27,Female,48,Month-to-month,Bank transfer,30.01,1496.5,2,No
bf3b1681-0e4d-464e-b97e-8bfbd3ec2149,59,Female,10,One year,Credit card,95.32,952.26,1,No
b21eafab-f649-49e8-9e03-2a652346f26d,20,Female,39,Month-to-month,Bank transfer,95.56,3752.07,9,No
bbab3b0e-60a1-451d-a4a0-aaadb436e8fb,58,Male,63,One year,Credit card,110.38,7067.1,5,No
6cb9b655-f704-4d14-b235-161506beab4a,67,Female,17,Month-to-month,Electronic check,106.14,1806.24,8,No
1b2375d0-b38f-40f2-8dd8-67e55f26b2a6,64,Female,31,Two year,Credit card,112.03,3429.49,9,Yes
7a114e56-12e2-4c2a-94e4-339da9a9cef7,41,Female,14,Month-to-month,Bank transfer,42.7,595.26,9,No
287e09f1-ded7-445e-980b-82cbd66248bf,32,Male,6,One year,Electronic check,116.47,644.53,3,Yes
242ac30f-5d80-453b-a59a-5d6c07ba408b,63,Male,28,Month-to-month,Bank transfer,48.45,1298.57,7,Yes
0331bd0d-13ba-4d24-bebb-527c1438e799,52,Male,68,Month-to-month,Mailed check,30.26,2019.51,6,No
6a9f687a-d04f-4197-94c0-df2891b5fcb4,22,Female,13,Two year,Bank transfer,92.39,1203.26,6,Yes
78428071-2eb3-4f6a-83f2-6a392653de2b,35,Female,65,Month-to-month,Mailed check,33.87,2229.19,7,Yes
8706f724-bf83-42d4-a3de-67fcbe59d035,47,Female,36,Month-to-month,Mailed check,102.77,3646.29,7,Yes
785e02ee-4cac-495c-b2e2-503ab2d515d1,49,Male,30,Month-to-month,Electronic check,85.43,2525.16,2,No
71a84189-565b-4785-b8f9-85fc69598983,56,Male,42,Month-to-month,Mailed check,75.15,3242.09,2,Yes
0361b157-b1fb-4587-a514-b3fcc809a0b4,62,Male,2,Month-to-month,Electronic check,58.42,138.4,9,No
0f5c365a-27e8-4b87-9c7b-f8eb4969b2a1,28,Male,61,Two year,Mailed check,34.41,2059.74,8,No
9aab1efb-0838-4528-a477-e25ae19383a9,47,Female,68,One year,Credit card,56.13,3816.22,2,No
290c9e51-80d7-4805-ac6f-c084c04a3f68,51,Male,45,One year,Mailed check,87.28,3946.23,0,No
6c726915-d52a-45c8-a579-dc2202c837b6,61,Male,55,Two year,Mailed check,55.53,2921.98,5,Yes
744cc6ae-e03f-4f2c-b2bf-fc3fae0e289b,28,Male,2,One year,Mailed check,93.23,160.2,0,No
420fd9a8-d45b-4e9b-b61e-c0ed8ddd2994,46,Male,59,Month-to-month,Electronic check,70.07,4129.76,5,Yes
4e583dde-807a-4658-9272-dc48eb4d6df5,62,Female,25,One year,Mailed check,100.57,2564.07,5,No
ee7385d8-6c75-4765-ba31-4e67b5982577,65,Female,70,Month-to-month,Mailed check,84.82,5960.82,4,Yes
178926f3-f91e-4b9b-8596-7e762824162d,38,Male,56,Month-to-month,Mailed check,29.62,1602.21,5,Yes
f37985df-fa59-407b-a0a7-ca57858117a1,40,Female,67,Month-to-month,Credit card,49.95,3390.09,1,No
6680c5e3-363c-4c32-be3e-14022008bd4c,34,Male,36,Month-to-month,Credit card,82.03,2924.57,5,Yes
646d2e33-380a-402d-8e55-ced39e79a6fe,62,Female,28,Month-to-month,Credit card,105.78,2931.02,7,Yes
f9da4f55-bef9-4394-928f-af652f068e12,57,Male,2,Month-to-month,Credit card,54.9,38.82,8,Yes
13c3fc1b-d77a-40b8-9ae6-befe8f2de908,51,Male,41,One year,Credit card,86.66,3524.93,2,No
7a37f3d6-77eb-4d89-b142-de87d109ffe5,33,Female,51,Month-to-month,Mailed check,118.32,6113.52,4,No
67b4a019-a452-4530-a717-5804502d3281,37,Female,67,Month-to-month,Bank transfer,87.54,5804.93,1,Yes
0dfef633-2a31-4dfd-a166-7c7cd3c6e5a0,49,Male,45,Month-to-month,Bank transfer,89.73,4018.75,0,No
6c99ce56-a58a-4bb5-9f19-30e0cda7a451,37,Male,41,One year,Electronic check,87.71,3633.65,6,Yes
1ab9f662-1bc0-4912-8519-72c431d9dd32,42,Male,15,Two year,Mailed check,71.8,1122.78,5,Yes
c75f41dc-9a6a-4bb1-9cda-038513eb4358,58,Female,8,Two year,Electronic check,38.65,355.75,0,No
3d51d528-072e-45dd-95e1-7880d8bb62b7,66,Female,1,Month-to-month,Bank transfer,48.96,21.71,2,Yes
1b4142aa-8aa4-41e9-a9aa-aa7e483eb6a1,33,Male,22,Month-to-month,Electronic check,39.88,825.26,7,Yes
02cf63a8-98dc-4031-b63f-bae910b8c1c5,45,Male,60,Month-to-month,Mailed check,61.75,3670.87,5,Yes
300ffa68-4f22-4efa-a8e1-3f98c1ab6398,30,Male,64,Month-to-month,Electronic check,33.41,2133.53,5,Yes
ede02d33-a36d-4567-b3a4-4f408d3ba57f,46,Male,30,Two year,Electronic check,77.73,2325.66,2,No
15c52392-44e8-41e1-bd86-9ad2084930a1,66,Male,37,Month-to-month,Credit card,88.25,3256.15,0,Yes
0b7ce5c6-9096-4629-91f3-90f4fa069889,62,Female,20,One year,Credit card,90.88,1826.51,8,Yes
7bdac670-ca4c-4b4d-bc8a-de6a9051385e,53,Female,70,One year,Mailed check,35.22,2483.1,3,No
17dcabf5-5088-4581-8c4c-eedf0bb1b984,35,Female,48,Two year,Credit card,119.31,5677.54,8,No
fb04c6b1-022b-4960-8f00-ba6af189d0b1,64,Female,56,One year,Electronic check,70.65,3968.3,5,Yes
f56febb1-484b-424b-806e-10295b4d5bbf,33,Male,53,Month-to-month,Bank transfer,111.72,5908.25,1,No
50814407-31e3-4608-800e-295265ec4424,48,Male,58,Month-to-month,Mailed check,61.67,3526.84,1,Yes
5b182716-b9c6-426b-a401-118dc078bc3e,64,Male,53,One year,Mailed check,76.65,4037.68,0,No
acb83fce-b3e1-411b-a128-04c5f94e485d,26,Male,22,Two year,Bank transfer,92.54,2029.5,4,No
e581c1bc-6843-4e98-94d1-44d518ede297,49,Male,69,One year,Bank transfer,113.75,7804.18,4,No
808eadf2-19db-433e-80ea-83afbdcfc159,18,Male,38,Two year,Credit card,30.95,1154.2,4,No
06103d84-2672-420c-866a-5821ceb7f2d6,59,Female,12,One year,Credit card,114.68,1270.08,0,No
7a199807-61d2-4319-8bcb-329396512240,54,Male,47,Month-to-month,Mailed check,62.19,2922.62,2,No
099396ff-da1e-42b2-9e6a-7c6e961b9221,39,Female,66,One year,Credit card,57.3,3790.85,8,No
aeb00fb9-26cb-4e99-a945-e93a4a454398,23,Male,15,Month-to-month,Mailed check,46.65,711.86,4,No
a03e7003-e29c-4897-9429-25a0768e212d,48,Female,58,Month-to-month,Credit card,100.87,5834.62,1,No
3b482d28-b7ed-4c13-b3eb-e65817e1e8f6,25,Male,68,One year,Electronic check,38.68,2508.65,9,No
ae742530-ceb6-4fdc-b734-a78de2682c9f,53,Male,45,Two year,Credit card,90.23,4005.31,4,No
b7f330ad-c4d1-4310-a40f-92a4a77af8cb,24,Female,61,One year,Mailed check,81.62,5015.94,7,No
806a29ad-f6b2-4778-be50-8d4d293a60be,22,Male,10,Two year,Electronic check,61.61,582.43,9,Yes
9bd65068-ba8d-4f8c-be05-fcef842c49fa,51,Male,1,Month-to-month,Bank transfer,62.0,0.0,1,Yes
c4c557d8-ee23-4eb0-85f6-2467a6c1d136,41,Female,36,Two year,Credit card,78.59,2826.02,3,No
21962a11-c90c-41d3-b28e-10025766fe0c,21,Male,10,Month-to-month,Credit card,101.75,921.67,0,No
9f9bc7bd-5c3d-415c-8a74-982e56ca0fb3,48,Female,49,One year,Mailed check,77.23,3775.83,2,No
0a3e4918-6e4f-4ea3-b0ad-16f7db1fb4d4,48,Male,68,Month-to-month,Mailed check,63.93,4336.31,5,No
aed0cbcf-c630-4536-b677-9a11e403999b,59,Male,4,Month-to-month,Bank transfer,51.35,146.05,7,Yes
ff3c03a6-3575-44ee-bd36-5abf633bffff,58,Female,55,One year,Bank transfer,68.83,3839.9,9,No
f540838e-1333-4679-9b5c-4b589c425665,68,Male,66,Two year,Credit card,85.26,5593.44,9,Yes
fe914b95-a0b6-4265-9120-6a372703c75d,60,Male,59,One year,Credit card,58.54,3433.71,8,No
03d33907-ce02-4d60-98ef-9a287f5da7f8,19,Male,53,One year,Credit card,78.88,4147.72,0,No
4f3e2a2c-ded6-4d2a-842d-5f032482e8d1,45,Male,62,One year,Bank transfer,44.09,2769.04,3,No
cc214b4e-f80c-4b1a-9e16-afca8c111ba4,27,Male,12,One year,Electronic check,101.4,1253.9,4,No
7fb8b6c6-1650-4f14-a527-8ea2c80cd031,21,Male,38,Month-to-month,Mailed check,94.39,3572.25,0,No
2b729d66-504f-4e7c-b46e-49a81817dac5,42,Male,48,One year,Mailed check,106.77,5123.73,7,No
11730df2-2956-42c6-8bac-fa4aef1e4acf,53,Male,33,One year,Credit card,48.6,1646.95,9,Yes
5a765b48-5d03-44d8-9396-440547b5c4cd,66,Male,36,Month-to-month,Bank transfer,111.42,4070.95,4,No
b5ed7ce8-2ddf-4675-9235-d52e16d7ba54,58,Male,68,Two year,Bank transfer,61.11,4137.26,7,Yes
fc73e358-4208-4fc8-b5f3-21cbc59de4aa,28,Female,9,Month-to-month,Mailed check,47.95,381.48,2,No
c35d8f64-418a-4089-ba7d-e9617927a136,53,Female,53,Two year,Bank transfer,118.62,6282.87,5,Yes
ec95ccf1-a679-4ab0-b129-e2f6e06ca678,61,Male,17,Month-to-month,Mailed check,91.63,1515.31,1,Yes
f8c01007-1fbc-4004-b098-aa1f23f459be,59,Female,65,Month-to-month,Electronic check,113.93,7501.7,6,Yes
5d0c8205-0a22-4e56-bcfe-8ab0919883f9,60,Male,59,Month-to-month,Mailed check,101.02,6007.6,0,No
68b666d6-66a3-43db-8960-42b0dbe7a333,53,Female,61,Two year,Mailed check,27.13,1602.94,5,No
ae3acdf2-eac9-41cc-9ea3-93eadb646a33,23,Male,42,One year,Mailed check,22.72,1027.65,6,Yes
8331d711-5de2-4a7d-b0da-152821051c60,30,Female,49,Month-to-month,Electronic check,91.11,4519.16,6,Yes
504b10c8-f3b9-47f2-9fe7-e068d847260b,61,Female,36,Two year,Credit card,45.55,1724.03,7,Yes
69c718ee-aea4-47d6-955f-a2f45fa9b21a,47,Male,3,Two year,Mailed check,82.51,297.1,8,No
e09dd9e8-4348-4887-b339-3f5d8185716a,25,Male,37,Month-to-month,Mailed check,47.35,1749.93,0,Yes
0aecc94d-aebb-469f-bdc2-705ce023282a,25,Female,18,Month-to-month,Electronic check,43.36,733.22,2,No
0e9b65bb-a4d4-4431-ba38-f5a09ee08a70,57,Female,8,Month-to-month,Mailed check,95.25,800.67,3,Yes
b32281f3-3eac-4015-8a64-25fcbdb4f711,24,Male,57,Two year,Electronic check,59.81,3379.76,5,No
279163f4-0208-4c91-8f90-9d9dd23c7585,30,Female,9,Month-to-month,Credit card,37.54,314.04,2,Yes
6035d9af-4a68-4bad-9af4-cf72da622059,63,Female,1,Month-to-month,Electronic check,51.38,0.0,1,Yes
da948cdf-6637-4dc7-91f4-48bb28802cff,24,Female,13,Month-to-month,Credit card,45.38,579.66,4,Yes
dfc8e060-6362-4509-b919-e3be12aebb0e,63,Male,56,Month-to-month,Credit card,23.06,1270.03,6,No
5953ff90-17ef-4203-ab4d-738c7657e37c,48,Male,7,One year,Credit card,51.67,351.34,2,No
88fd5890-a479-4ce2-b7ee-e00f7743c104,23,Male,71,One year,Credit card,28.5,2004.03,5,No
1bef39f1-7700-4b2e-917b-6fc6e66eb0e2,52,Female,49,Month-to-month,Electronic check,111.19,5355.41,8,No
1bbcb748-bb55-4fa3-ae26-651915f87768,67,Male,22,Month-to-month,Credit card,43.59,1027.91,4,Yes
659e2deb-ec28-4a93-b5a4-f270eadeae69,42,Female,8,Month-to-month,Electronic check,31.66,270.12,1,No
66ca0baf-3310-480a-aee0-95d5c4a9d8ac,31,Male,60,Two year,Mailed check,79.27,4741.48,9,Yes
57a911b3-5139-44a1-9081-34dc54270925,24,Male,35,Month-to-month,Credit card,33.74,1226.55,7,Yes
366f4268-7c7d-4490-9ab7-f449ff169376,54,Female,30,One year,Bank transfer,88.18,2661.31,9,Yes
1d447f41-79e9-44e1-bdc4-d680b3c95502,53,Female,50,Month-to-month,Credit card,70.33,3563.34,7,Yes
8b8a7166-09cc-4f05-b45f-44334743968f,60,Male,43,One year,Bank transfer,106.41,4530.99,3,No
2540647b-784f-4b14-b2d3-1a6527dea64c,43,Female,65,Month-to-month,Credit card,36.23,2301.6,7,Yes
9175fc63-51f7-4017-b6a5-fabaa3e53892,20,Male,10,Month-to-month,Bank transfer,80.12,759.95,1,Yes
c632554b-99e0-4598-bce1-2a250804ccea,69,Male,59,Month-to-month,Mailed check,26.18,1504.46,5,Yes
cefc0e85-efbb-4216-8ff9-7696615a58bd,61,Female,18,Month-to-month,Credit card,24.73,456.85,7,No
fa82f65d-6e1b-4be2-8a20-8c075c8aca1b,30,Female,65,Two year,Electronic check,75.29,4860.12,6,No
362465c1-0dd8-463b-b6a2-bf6979315fc6,27,Female,44,One year,Mailed check,65.66,2889.27,7,No
c234af07-f3e0-4b1f-85df-9333de36992f,57,Male,60,One year,Bank transfer,61.61,3681.32,8,No
4087be6a-4514-4416-ac44-821eaf051764,44,Male,1,Two year,Bank transfer,38.34,78.34,1,No
2448ef43-1566-4d1a-ad15-420ba2bc6715,45,Female,43,Two year,Electronic check,100.55,4368.18,5,No
14eae37c-67b2-416c-861e-a8aa11baf616,40,Male,17,One year,Credit card,77.78,1356.77,8,No
73905263-b653-4dba-9faf-c6cf4c5fccfb,45,Female,29,One year,Mailed check,23.61,622.52,5,Yes
36cf9429-8657-48ff-ab72-e451df0ccde7,52,Female,1,Month-to-month,Bank transfer,84.65,35.42,5,Yes
2f1fc132-426b-4236-a4a0-7521ab6dd0aa,56,Male,30,Month-to-month,Bank transfer,87.94,2642.78,6,Yes
e51bdfff-17aa-4aee-8dc2-0df3d49edd91,68,Female,48,Month-to-month,Mailed check,113.41,5469.65,7,Yes
f69f239b-578e-411f-adb4-6c7fe6d1fe21,65,Female,67,One year,Credit card,81.97,5455.72,0,No
32d7cc22-2a1e-4a7b-8c01-f701c0d02553,67,Male,58,Month-to-month,Bank transfer,103.69,5944.89,9,Yes
7b4bcaf8-6b4a-4541-b123-167e596a2b36,53,Male,57,One year,Bank transfer,36.91,2166.44,1,No
c8aae0c8-b057-41fd-8916-f0b779ba547e,37,Female,34,Month-to-month,Electronic check,117.66,4002.57,9,Yes
6fd1134e-b25a-4809-b730-e52e2922ecb0,54,Female,12,One year,Bank transfer,98.74,1137.07,3,No
92004957-b161-4d16-a9a0-02a45acd1e90,25,Male,69,Two year,Credit card,101.11,7083.5,8,No
8f97b21d-028a-4f1c-92b1-2838639e8bbc,36,Female,1,One year,Bank transfer,20.25,0.0,8,No
32d4d3a5-98dd-4c3c-a4ce-b832c8776e4b,51,Male,61,One year,Electronic check,88.74,5449.18,3,No
9417e0f5-aaff-46ff-b904-6b5213eb4599,27,Male,59,Month-to-month,Electronic check,20.2,1215.96,7,Yes
aa000756-52e0-434e-a505-a2b69dd3c15a,34,Male,58,One year,Mailed check,29.84,1751.4,8,Yes
bbfecb11-f060-46a1-92d1-2566fc829c09,40,Female,49,Month-to-month,Bank transfer,103.5,5107.84,7,Yes
bbae2fbd-bc99-4291-9342-98bebe2a85c6,34,Male,20,Month-to-month,Credit card,46.34,902.14,6,Yes
e58118d1-2687-4443-83a1-beac5107256e,54,Male,21,One year,Bank transfer,114.39,2365.2,7,No
7fdbabc1-25c1-4e41-af0e-c9cb756aae2d,40,Female,15,One year,Credit card,93.35,1493.03,0,Yes
cac19d2e-1d15-471c-9100-1ab9dd42da67,61,Female,38,One year,Mailed check,97.88,3694.59,0,No
43470982-6808-4471-ac87-ae14f8505ae9,52,Female,58,Month-to-month,Mailed check,98.31,5688.04,8,No
fcfd348c-00f0-47fe-b8e7-bcf5854c0d1f,49,Male,56,One year,Credit card,100.46,5704.0,3,No
db75dada-d51f-4de1-b17d-aa267357d500,28,Male,61,Month-to-month,Credit card,59.74,3615.27,5,Yes
a3900655-7307-43d5-a261-078d202f00a8,27,Female,68,One year,Credit card,57.76,4022.98,5,No
09572517-18f2-4999-9410-8438f82e5e1b,50,Female,5,Month-to-month,Electronic check,63.93,303.84,2,No
300a491a-faa1-4736-bee6-b06e37f7a96a,49,Male,47,One year,Mailed check,34.72,1642.38,2,No
c63e0e47-8bcc-4e8d-b24a-4a6d6b90a95b,40,Male,55,Month-to-month,Bank transfer,33.34,1774.66,5,No
3754c5ec-60a7-4c20-99d7-6c9c2a8598d1,64,Female,71,One year,Electronic check,73.72,5285.43,9,No
30efcbd3-f3ce-48b7-b5b3-0874591c228f,25,Male,53,One year,Credit card,85.65,4667.8,3,No
f481b9cb-93ab-4d5e-adfc-1dc4f8c43f7a,20,Female,50,One year,Mailed check,60.84,2995.9,8,Yes
5d21a235-d053-47f4-9ec9-1fdc03add1a4,31,Female,4,One year,Bank transfer,29.58,78.56,9,No
4e954929-e58b-4d2d-8d4c-3b8004251c71,51,Female,31,One year,Credit card,24.59,740.06,3,No
1fef4fb0-de25-45fe-91ad-5c228088a7de,24,Female,23,Month-to-month,Electronic check,41.7,890.65,0,Yes
ffc19ef6-a61f-435f-bfc7-06f0b30672dc,68,Female,13,One year,Credit card,95.06,1281.7,4,No
5a0ae917-690f-4c3c-a9ff-6cc074bc405c,66,Male,50,Month-to-month,Electronic check,117.23,5804.22,5,Yes
6d0473e7-8adf-4e46-9403-fd025a2a83bd,48,Female,22,Two year,Electronic check,119.75,2680.48,9,No
55f8bbb8-c3dc-4b92-b95c-a96d85ee751c,65,Female,43,Two year,Mailed check,81.3,3496.35,6,No
75757602-2d02-423f-ad25-32e51d0678b7,61,Female,61,One year,Bank transfer,42.36,2596.29,1,No
8d814215-2d49-4058-9f84-e3c56daa8c7e,32,Male,53,Two year,Electronic check,81.21,4223.16,0,No
6f959489-8af2-420e-a9a3-e5f6984ad463,43,Female,6,Two year,Credit card,109.09,674.71,3,No
a8dbe9a1-d857-4c60-88f7-972661ae2255,22,Female,58,Two year,Mailed check,50.99,2971.63,4,Yes
a254da12-6fff-45cc-ae26-f348b044db1b,44,Male,6,Two year,Electronic check,100.92,584.08,3,No
f01a5097-9ed0-4e5f-b3bc-57914882f6eb,49,Female,11,One year,Mailed check,75.85,817.35,2,Yes
1966d047-db64-4c52-a7e7-eec3ecd5afa3,52,Female,13,Two year,Electronic check,29.56,332.93,1,No
d655005d-ce52-4176-966e-46aefed01fca,24,Male,63,Month-to-month,Credit card,107.41,6729.25,1,Yes
043486c3-a64d-4c1d-96f2-83191a936d0c,62,Female,2,Month-to-month,Credit card,28.57,29.47,9,No
1a8a76f3-6949-4fce-aeb8-1b7d9dc33d41,69,Male,70,One year,Bank transfer,114.7,7994.77,1,No
9fb30a4d-c071-4a38-bffc-4f097f1464b3,34,Female,69,Two year,Mailed check,111.02,7739.34,9,No
a22eb45b-1986-433d-8b73-aba7ed5edfa2,69,Male,67,Month-to-month,Bank transfer,85.99,5811.28,1,Yes
ce4d89f3-94cb-494e-80dc-4cf971b0c1fa,32,Female,36,Two year,Mailed check,30.02,1051.8,4,No
da095b0c-4a37-4da3-aaef-0d3e085acd62,59,Female,30,Two year,Electronic check,75.17,2368.42,7,Yes
c6e19fd7-390e-4f57-b63d-2fb56baf1e8f,18,Female,57,Month-to-month,Mailed check,114.23,6534.72,0,No
1d4ff1c8-618e-42a7-8d34-dd8374629fb5,41,Female,45,Two year,Electronic check,89.22,3990.57,4,No
f35757c5-7836-4477-9b39-455032103c49,31,Male,41,Month-to-month,Credit card,89.02,3591.87,6,Yes
cb33478a-f7b5-405b-99c1-d16c1fdb563a,44,Female,38,Month-to-month,Mailed check,67.3,2590.23,9,Yes
e8724434-69b6-475e-b6c5-3d2be9fdd358,67,Female,16,Month-to-month,Mailed check,108.41,1696.7,7,Yes
c8ddd9bb-b42e-4714-a515-81bad206e99a,56,Male,18,Month-to-month,Credit card,91.82,1631.86,3,No
f08aba21-01f2-48f5-a553-b5aabdbc34f8,26,Female,70,Month-to-month,Electronic check,61.65,4417.81,6,Yes
81ef8162-3953-48bb-883e-00325fe8a7f4,51,Male,20,Month-to-month,Credit card,43.19,838.49,6,Yes
a89f5f9d-e12d-4f58-8482-0852489a4ca4,68,Female,5,Month-to-month,Mailed check,118.82,602.52,7,Yes
e71594ff-d6a6-4618-8eb1-8c8843b63613,59,Male,39,One year,Credit card,54.27,2047.07,1,No
ac5d7133-6a2a-4cad-a8ca-5b2ecb8e2d61,66,Male,57,Two year,Electronic check,21.61,1203.23,8,No
e8b81813-e672-4bf5-8110-783e3dd6831b,65,Female,66,Two year,Electronic check,55.68,3667.9,2,No
06b81c8a-03f9-474d-885d-5d016a2062aa,60,Male,67,Month-to-month,Credit card,67.08,4453.58,7,Yes
d73cad84-5fd9-4dfe-8a5e-df3827439b53,60,Female,67,Month-to-month,Electronic check,55.7,3783.2,3,Yes
bdc242a8-d1ed-4618-84da-c679d113b5ff,25,Male,2,Two year,Credit card,81.27,166.91,6,Yes
2ba009ec-55c8-4441-9145-c6f899960a38,66,Female,54,Month-to-month,Credit card,80.36,4450.93,6,Yes
6e15c527-fe2a-4cbc-927a-e04ef58b8c61,62,Female,58,Month-to-month,Electronic check,44.17,2511.02,1,Yes
64305373-f936-4968-8e44-f2f83de8a4cd,39,Female,60,Month-to-month,Bank transfer,112.21,6656.34,6,Yes
64b078a7-a4f9-467f-9dc3-bbee31523136,59,Male,5,Month-to-month,Credit card,33.54,191.7,2,No
ee93a4d0-cd24-420c-8d34-6977d41bd8bf,31,Male,63,One year,Bank transfer,116.11,7330.62,3,No
f07bf9bb-20fd-4784-add9-a87993ee36ee,55,Male,24,Month-to-month,Mailed check,29.66,689.47,0,No
ba65983d-fa33-4a98-a3f2-0557a2e2d1ca,53,Female,11,One year,Credit card,50.28,557.27,7,No
5170a2ef-e777-4664-a732-ceca2c78bc22,24,Male,64,Month-to-month,Credit card,94.83,6158.74,5,Yes
3b20d154-6ff9-4cf7-a88f-c36a846c454c,42,Female,33,Month-to-month,Mailed check,77.71,2555.63,2,No
20572e73-cd19-4b5e-b5c4-3078197df05f,20,Male,23,Month-to-month,Mailed check,93.71,2125.8,5,No
93b1ee1d-a1a6-4f32-9e4d-acd68116fd6c,41,Male,50,Two year,Mailed check,67.93,3376.5,4,Yes
c31db215-d7d0-4c99-a45a-e8eec8c6a8b1,41,Male,41,Month-to-month,Bank transfer,56.71,2263.03,3,No
d65bc676-429e-40e0-aaaa-94c8a097efe3,43,Female,27,Month-to-month,Bank transfer,36.86,979.89,2,Yes
52891c31-f2de-45fd-a8b7-b5418d8b3728,62,Male,10,Month-to-month,Credit card,99.77,1003.56,5,Yes
06905ba5-17e0-4df5-97df-85b33429c8cf,38,Female,55,Two year,Mailed check,91.59,5082.86,6,Yes
c520d50f-a0ff-4498-82f4-298f6ffad356,46,Male,33,One year,Bank transfer,32.41,1131.9,6,No
9e3bc735-071f-4a27-a72e-31b197e1bc36,64,Female,52,Month-to-month,Bank transfer,43.23,2276.9,6,No
f8ef32ee-ebac-42ef-8b2e-1eb3b523b1f3,54,Male,64,Month-to-month,Credit card,43.45,2720.95,5,Yes
067965ab-61e5-48ca-9261-14b7142a6f47,24,Female,36,Month-to-month,Bank transfer,28.99,996.08,0,Yes
fbc1085b-216b-4833-bbf2-82a9be09f835,30,Female,56,One year,Mailed check,77.66,4365.9,1,No
c7101f3d-a1aa-49f0-a26c-2d5a742617e7,41,Male,24,Month-to-month,Electronic check,49.71,1173.2,9,Yes
a70bba9c-3d5e-49df-afc2-147c5badd755,26,Female,15,One year,Mailed check,78.62,1234.77,8,Yes
319ec58b-4c03-4d16-b8c4-f346e5dd614c,25,Female,49,One year,Electronic check,85.43,4211.07,1,No
b9ef9fa8-3ec8-4e58-9728-2d3089111a42,49,Female,32,Month-to-month,Mailed check,28.29,875.15,3,No
60cb9e17-c93a-4471-8e9d-ef4ec7affa24,65,Female,39,Month-to-month,Bank transfer,104.14,4019.45,0,No
0d3f69ed-a8c5-4cca-82ae-cc90c5386208,62,Male,66,One year,Electronic check,112.95,7504.42,0,No
24ce1460-ef5a-4491-953d-165346641858,36,Male,64,One year,Mailed check,84.76,5500.15,7,No
fc1bb61a-a36d-4d54-85ec-8e9fa09fc700,36,Male,40,Two year,Credit card,37.89,1656.35,4,Yes
1c66021e-1a79-4ec1-9def-b7bb945094c8,23,Male,31,Month-to-month,Mailed check,108.35,3359.08,2,Yes
1f683d6f-988c-49db-ad5c-ea4e758964f5,66,Male,40,One year,Electronic check,24.61,1108.1,3,No
4312153d-484f-4f7c-a44f-52f41b696031,19,Female,35,Month-to-month,Electronic check,34.92,1175.32,3,No
13cf44fe-17c0-4e28-ae3d-9de2e504d1c6,60,Female,65,One year,Bank transfer,41.2,2798.18,0,Yes
e9a7f5e0-5c84-48db-9839-40c97e86d7f8,29,Female,2,Two year,Credit card,111.28,180.58,3,No
19c59f2d-640b-4b85-b53d-aedcd69bdeb1,61,Female,22,Two year,Mailed check,68.24,1445.28,8,No
69eb337c-059e-48d8-8ba2-0d387db4990d,40,Female,60,Month-to-month,Mailed check,118.92,7096.44,2,No
a02cbed2-f58f-41b0-bc8c-65ab12d5dfe5,61,Male,30,One year,Bank transfer,97.5,2964.18,3,Yes
6b7f0864-aff5-4774-b5d5-f4e513893a70,39,Male,44,Month-to-month,Credit card,51.6,2270.78,8,Yes
a2307350-5047-4a3d-a3c4-43f16010ab93,54,Male,52,Month-to-month,Electronic check,57.37,2954.69,0,No
293e16b3-cefd-4224-b36c-c67ee886818e,38,Female,47,Month-to-month,Credit card,41.53,1888.33,6,Yes
e754d4c3-0298-4dd2-8c7b-34e22e07cb63,21,Female,12,Month-to-month,Credit card,94.53,1119.09,6,Yes
a197339c-913a-4b6c-a8df-e59a2dbdc7cf,64,Male,67,Two year,Bank transfer,83.32,5578.99,1,Yes
1e014975-080d-4370-9ad4-c20f9b4dbb90,36,Female,13,Month-to-month,Bank transfer,74.6,1035.34,7,No
58c6d166-fe65-4782-97c2-6cfdf9d59f7f,44,Male,13,Month-to-month,Credit card,31.7,452.22,5,No
999921ec-9d2f-4e76-beb2-d1727be19731,45,Male,12,Two year,Credit card,30.68,373.46,5,No
85915036-288c-4222-8148-a2458be64b98,19,Male,24,Month-to-month,Bank transfer,73.54,1760.86,5,Yes
1f20c257-ed34-4e32-8126-fa8fbddfd7eb,32,Female,59,Month-to-month,Mailed check,39.21,2301.89,0,Yes
89344b06-0790-4eb4-9b2a-1376315e4e80,46,Male,21,Month-to-month,Credit card,97.18,2041.48,5,No
c2ce56bd-8301-43a6-849b-50bc05e5d461,30,Female,62,One year,Mailed check,91.18,5620.85,1,No
5d697934-ddeb-48a4-b75f-dd572700260b,62,Female,41,Month-to-month,Electronic check,33.68,1352.53,6,Yes
078d27e5-378a-4ba6-a608-d6d31d62c6b5,55,Male,70,Month-to-month,Credit card,85.74,5959.52,7,No
155c8139-3842-43b4-a378-ff4453d9a4dd,27,Female,70,One year,Credit card,29.85,2062.4,0,No
2067902b-f099-42b6-b10c-cf77ba4d6c8e,42,Male,39,Two year,Mailed check,78.36,3001.79,2,No
33013b08-7b48-4db6-860f-01a54480d02d,53,Female,43,Month-to-month,Bank transfer,106.65,4712.41,6,Yes
b544f70c-593a-4b51-978b-55e7f406d6e0,24,Female,48,Month-to-month,Electronic check,54.73,2646.93,5,No
77902ddf-4b58-4ceb-a6e4-86bf8d2eea22,42,Female,3,One year,Electronic check,117.84,303.24,6,Yes
6fa1c232-7eec-4c53-8f1b-6490bec51040,60,Female,16,Two year,Mailed check,91.92,1559.17,4,No
ec1f0155-6662-4bd2-b243-b5c6833d7595,52,Female,15,Month-to-month,Mailed check,90.49,1426.19,1,No
32a807cc-2c47-4336-8006-1add316c00bc,38,Female,8,One year,Mailed check,72.61,613.86,5,Yes
b7a745e2-e327-419f-9895-cceaafe2ff5c,32,Female,56,Month-to-month,Credit card,99.66,5536.85,6,Yes
1a574cee-6490-4d65-b63d-329547f50a35,52,Female,8,Month-to-month,Bank transfer,47.24,451.56,9,No
966b91e7-c435-4e28-8b0c-17099569f8cb,44,Female,18,One year,Mailed check,33.47,629.84,9,No
34b16488-cb4a-4b4b-aa68-3e184fc40b0a,32,Female,58,One year,Bank transfer,62.11,3553.29,3,No
6ef7ffc3-7ce2-4b5b-b8d8-f272f429c05d,19,Male,6,Month-to-month,Credit card,89.95,532.96,9,Yes
98a91187-6c7a-4c9d-b237-64bae202f022,44,Female,59,One year,Mailed check,85.95,5158.65,6,No
5199839c-d0de-4fb6-858c-6c02bf409640,55,Female,48,Two year,Electronic check,83.92,4075.68,8,No
620f4af4-9b77-4a46-9b88-fe699f7717ca,33,Male,57,One year,Mailed check,95.04,5355.65,0,No
5a58abba-9130-4877-b320-e68f6de77482,20,Male,33,Month-to-month,Mailed check,93.23,3185.16,0,Yes
d1c06099-a1f8-46ce-a5dc-6ce55fbbdfd7,46,Male,6,One year,Electronic check,96.9,496.15,6,Yes
e3b2f985-2ad0-457e-b30c-19bc1073c0c3,63,Female,57,Month-to-month,Electronic check,58.15,3235.46,4,Yes
40c8c7a3-82e8-47ae-b545-dfb308a47ee1,39,Female,26,Month-to-month,Mailed check,95.03,2534.31,5,No
9a980457-4b21-4512-a8e9-31d8963d101f,28,Male,34,Month-to-month,Electronic check,114.14,3878.7,9,No
f34bfa59-a525-43e3-a093-97d5d3a1b88a,62,Male,32,Month-to-month,Credit card,60.73,1903.95,2,Yes
65f76d06-5a2d-465b-87ce-baaaf713c245,23,Male,54,One year,Bank transfer,37.64,2017.32,2,No
cf1d46be-2e0e-443d-9d59-b30807aa2515,49,Male,17,One year,Mailed check,73.04,1280.71,9,No
2f981e44-ca78-4f58-adec-4b0d529b3b96,43,Female,27,One year,Mailed check,56.15,1511.41,1,No
37164f31-1298-4e9c-becd-2b8c5b952506,43,Female,7,Month-to-month,Electronic check,102.42,687.42,3,Yes
252151f9-5f39-4d2b-9f25-210ea82e2d61,62,Female,66,Month-to-month,Mailed check,35.77,2297.53,2,Yes
02774ef3-1f4f-4a0f-907f-fc32c78e4415,46,Male,16,Two year,Credit card,56.06,756.25,1,No
b780606a-02ca-48d5-b033-ee83518f0ed4,64,Female,38,Two year,Electronic check,21.7,820.63,0,No
9145aa38-7722-4c2c-b6b9-ca355430c8c3,59,Female,21,Two year,Electronic check,46.38,1012.36,7,Yes
3b8ede31-e614-45dd-9251-d645cb94cf8d,25,Female,14,One year,Bank transfer,98.11,1343.0,3,No
489af195-62b6-4594-90f4-c9418fc7ad79,31,Female,50,Month-to-month,Credit card,70.69,3510.3,0,No
37abaed7-86fa-4a83-b651-1c939a0fb0b8,27,Female,7,Month-to-month,Credit card,72.54,391.15,4,Yes
b75d2f0c-472e-4f3b-8f9a-fd511a58fa44,24,Female,34,One year,Electronic check,74.35,2530.97,3,No
ceb380ac-e223-4389-b23e-d1fc9b9f9efe,40,Male,66,One year,Electronic check,77.75,5090.56,0,No
92ee4820-1327-4db9-abdd-439adc233c06,28,Male,43,Month-to-month,Credit card,88.0,3791.48,9,No
aea03292-6bf7-4125-a571-f542e485a118,25,Male,2,Month-to-month,Mailed check,93.98,173.67,1,No
d03a9ed2-515a-4eea-af69-a1cfc19666e9,19,Female,43,Month-to-month,Credit card,21.53,932.77,2,Yes
0cb68029-3276-4b75-b2b9-fc5651f37a1f,40,Male,1,Two year,Credit card,109.0,114.09,7,Yes
0bfa8cd5-7fa7-4708-be72-79cecd7f65f6,52,Female,11,Month-to-month,Bank transfer,63.97,719.64,9,Yes
1e87c27e-6bd6-4443-8640-1757fd81a925,44,Male,30,Month-to-month,Electronic check,53.44,1632.02,5,No
99f75c76-2bcf-403f-b3e9-b99b1fc489b3,22,Female,35,One year,Bank transfer,51.95,1768.99,2,No
3c862582-6202-435d-9756-fd3353ae1065,59,Male,8,One year,Electronic check,54.07,372.27,0,No
0490eb68-48f8-4df6-8571-dd83938fdb37,21,Female,53,Two year,Bank transfer,41.75,2309.88,5,No
9364ecb5-db29-420a-8886-b7c6a4c755b0,41,Male,33,Month-to-month,Mailed check,75.92,2541.42,2,No
7636ae1c-e961-41f3-8130-8be0fcea9a96,50,Male,26,Month-to-month,Credit card,49.7,1258.36,7,Yes
f783b6f6-d775-4809-a18d-052048cc32c6,20,Male,14,Month-to-month,Credit card,73.98,1125.4,7,Yes
88914b26-e555-4570-8979-5e75671e9bb8,45,Male,31,One year,Mailed check,41.65,1251.45,0,No
565f2ea8-0a03-48cd-870b-230ceb044ecb,54,Female,34,Month-to-month,Bank transfer,119.48,4056.22,2,Yes
784aee43-11c7-4eb2-842a-6bd7a51004b8,39,Female,5,Two year,Electronic check,37.7,188.58,5,Yes
6a429bd5-cd71-42b4-9471-104f1859c5ae,30,Male,66,One year,Mailed check,97.22,6379.25,7,No
5133577b-4651-4173-8d0e-391db9272714,34,Male,8,One year,Credit card,58.79,464.97,7,No
146b9fbc-667c-4788-9887-f3d2c0f1fa3a,43,Female,31,Month-to-month,Bank transfer,41.45,1310.4,9,No
7e6ae55c-502c-46f1-864d-10e38e738520,40,Male,68,One year,Credit card,46.63,3156.91,4,No
4c66d04f-64b1-4c49-8c0c-f61e9cc10bd8,20,Male,12,Two year,Electronic check,27.9,378.52,0,No
7e4b4f10-745f-480e-bbe5-403bb24b007b,42,Male,68,Month-to-month,Electronic check,51.03,3539.78,7,No
e914ae70-f797-4ec8-a41e-f111d94296b6,51,Male,3,Month-to-month,Credit card,45.73,193.92,9,Yes
f00d5a65-5fb8-4f18-97d3-ce211f14eb34,41,Male,59,Month-to-month,Credit card,63.44,3727.48,8,Yes
39590149-077f-4e36-9a4d-67db9e33bdbc,56,Male,34,One year,Electronic check,29.2,984.98,0,No
23841977-02a9-4064-9351-1e950c3edd5c,64,Female,53,Month-to-month,Credit card,96.1,5126.48,8,Yes
dc83f96f-52a6-43d4-be58-a9701aea2c2c,52,Female,56,Month-to-month,Mailed check,86.01,4782.58,8,Yes
39f18027-6f88-42c0-b968-ab06b0067b61,40,Male,66,Month-to-month,Credit card,96.48,6278.34,7,Yes
b95f22d5-30ef-476b-9688-43992b91aace,47,Male,8,One year,Mailed check,117.69,845.07,9,No
d0ef0cd4-5e6e-4398-8ff1-b675e6fb976b,49,Male,70,Month-to-month,Mailed check,74.32,5209.62,3,No
0143d636-fd54-425b-899d-6cd2e7232e8a,25,Female,25,Month-to-month,Bank transfer,71.42,1787.38,6,No
0d700c8b-de36-490a-b030-9415ef21db2c,36,Female,49,Two year,Credit card,116.32,5716.84,2,Yes
0b070a68-c8f2-47a3-a221-3776427ae472,35,Female,51,Month-to-month,Electronic check,63.24,3286.84,0,Yes
4de5f4af-f278-45f6-8c49-f33a1c5d9fe9,33,Male,9,Month-to-month,Credit card,117.67,1021.17,6,Yes
b01ba134-544e-4743-8383-9f121335f6c3,21,Male,23,Month-to-month,Credit card,50.23,1124.5,1,No
612a9cc6-cfff-4d34-8aa8-1f139cdd39a7,51,Female,3,Month-to-month,Mailed check,93.55,327.59,2,No
ecc38555-2b9b-4ffc-b2db-b2c54518f4c6,64,Male,16,Month-to-month,Bank transfer,77.25,1194.58,1,Yes
1eb1dc0c-75f0-46c0-955d-307823447519,47,Female,30,Month-to-month,Mailed check,117.02,3486.06,0,No
25e36ccd-dca5-44f2-91bf-c946205474fa,44,Male,24,One year,Electronic check,119.9,2844.21,8,Yes
d9a3ac28-e346-41b7-9589-9035c0c6e3ff,53,Female,29,Month-to-month,Bank transfer,111.07,3256.3,6,Yes
a30c1e0e-69cd-4159-a53d-fc49f7410b94,22,Male,50,Two year,Bank transfer,39.55,1976.97,8,Yes
85924e5f-1f53-4b6e-ab11-77367260282f,23,Female,14,Two year,Electronic check,111.64,1597.96,3,No
7a59697d-93f0-40c7-bd92-f1cb87101172,50,Female,14,Two year,Electronic check,50.14,656.88,8,No
47d1931c-f9f2-49ab-bd77-71f8a948ec66,40,Male,33,One year,Credit card,107.44,3553.49,5,No
7b92a41d-bb19-40fe-85cb-fedd5268c879,27,Male,8,Two year,Credit card,36.3,241.62,9,No
c425d020-4389-4f66-9780-29e939d00762,53,Female,5,Month-to-month,Mailed check,55.9,382.21,4,Yes
5a5ed7eb-1532-4177-b61d-170a4bd600e6,30,Male,18,Month-to-month,Mailed check,82.27,1450.9,4,Yes
3e0c5ec5-df74-4fb5-95e6-162f8efadaa1,38,Male,58,Month-to-month,Mailed check,31.87,1852.73,9,No
db19de67-bc3a-4abb-a5aa-9765a8d3bb7d,54,Female,41,Two year,Bank transfer,76.52,3153.47,9,No
133ca9cf-13f8-4789-b1e9-3b1a34b549be,55,Female,20,Month-to-month,Mailed check,48.26,880.11,9,Yes
3664cafa-0f6d-4751-be9e-7b8af8c59ac6,27,Female,5,Month-to-month,Bank transfer,67.53,342.28,3,No
77d8b428-3754-4771-aba5-d1c9035c5d03,48,Male,35,One year,Mailed check,69.62,2483.18,1,No
7cd6572f-301b-4b4e-a293-4e8ed189f750,27,Female,36,One year,Credit card,53.01,1955.24,5,Yes
d06200e3-356a-4651-9727-bd831ac2c99a,32,Female,19,Month-to-month,Bank transfer,80.12,1537.05,3,Yes
8390bd94-8713-481f-82f8-6229972c8583,64,Male,33,Month-to-month,Credit card,64.57,2057.17,6,Yes
f1c2fa18-c2af-46a6-9038-4c0ddbc3f559,43,Female,51,Month-to-month,Bank transfer,41.88,2230.35,1,Yes
a7c10adb-743a-4892-b561-10f64fd3ca88,60,Female,21,One year,Mailed check,56.71,1131.29,8,No
1b0c9092-8127-48f7-9909-e0c9276c7935,19,Male,34,Month-to-month,Mailed check,56.58,1847.06,9,Yes
eaacabb4-3802-485f-a14b-a540ea041d0b,52,Male,6,Two year,Bank transfer,70.25,388.85,9,Yes
73d2939e-f99d-46d5-a2b5-17815d17c25d,57,Female,60,Month-to-month,Bank transfer,113.94,6805.99,4,No
33f92a87-8372-4123-9ed7-a652de2bfe58,50,Male,52,Two year,Bank transfer,54.99,2899.75,7,Yes
11925880-301d-4817-a673-d42dc7af75de,36,Male,22,Two year,Electronic check,116.88,2524.37,2,No
afaf20ec-2a08-4526-ac4f-e33d47206b6c,65,Male,22,One year,Credit card,24.29,504.28,4,Yes
93c6267d-dead-44fc-b395-26574ea12bd9,21,Male,10,Month-to-month,Credit card,53.56,449.7,1,Yes
760116cf-25b4-47aa-9a20-e3baa5fc6d09,46,Male,18,Month-to-month,Electronic check,36.92,570.29,7,Yes
1c36036f-beba-4619-9b6f-b706e04e6585,55,Male,15,One year,Credit card,69.04,1220.18,9,No
75fa0ebe-e4e3-4c20-843f-1b5f3d958061,36,Female,68,Month-to-month,Mailed check,114.54,7795.84,9,No
79eae461-0751-4daa-844a-2a482fe12ed8,40,Female,30,Month-to-month,Credit card,102.14,3063.94,7,No
5a19d7ab-73e0-467e-87e8-1b25a9715404,44,Female,60,Month-to-month,Mailed check,49.95,2968.61,1,No
8ce0bd8f-ed4b-429f-9e4a-a01643fcf7b7,55,Female,60,Two year,Credit card,106.42,6334.34,6,No
3649f585-6e75-4e7a-9abb-b78f1585665d,53,Female,56,Two year,Electronic check,29.74,1572.68,5,No
6e4c1501-808f-4cb9-a59d-12db268f090a,41,Female,37,Month-to-month,Credit card,22.71,856.39,6,Yes
70fbb28e-0d9b-43b5-956f-f3c182077e01,49,Female,20,One year,Mailed check,50.9,1005.72,4,No
0c941263-190a-40d6-9ea9-f25945c86249,23,Male,29,Month-to-month,Bank transfer,111.89,3225.45,5,Yes
ed92b753-bb64-4511-a1ec-ff07a60c1329,64,Male,20,Two year,Mailed check,68.64,1327.95,7,Yes
307fc576-4b43-4873-b1a5-80d76c2ec07e,51,Female,45,One year,Bank transfer,112.08,4957.24,4,No
46a3110a-9813-4b31-ad38-9d1f6716d461,55,Female,26,Two year,Electronic check,97.71,2595.93,0,Yes
84c42de1-7e5d-421a-9b81-b89887916cbe,67,Male,13,Month-to-month,Credit card,71.06,862.69,0,Yes
0cc46000-ae60-4948-9bf3-84ef6efe2368,28,Female,45,One year,Mailed check,100.24,4443.85,5,Yes
1c6fec01-f57f-4bba-bfba-cf5fa576db48,25,Female,49,Two year,Electronic check,77.93,3856.65,8,Yes
e5228d31-0d9a-4fce-9d7c-f46d3836613c,19,Female,20,Month-to-month,Electronic check,99.54,2066.63,0,Yes
3d1fd7c0-4424-41ec-9342-4e7c0922d88d,20,Female,37,One year,Mailed check,95.25,3503.18,7,No
4684833e-19dd-4b90-8839-c8e410db5fdc,21,Male,71,Month-to-month,Mailed check,119.5,8513.15,5,Yes
b3133c8e-9ec6-495e-a1f2-17be39f99c64,29,Female,51,One year,Mailed check,27.72,1479.86,1,No
649423aa-6454-46be-a791-346cb7403274,45,Female,47,Month-to-month,Mailed check,98.2,4646.12,0,No
d2f629ca-bbe2-47ba-b84a-996719ef13bf,37,Male,65,Month-to-month,Credit card,113.02,7375.09,4,Yes
7ec391ef-44ad-4484-b112-3048e128b9a8,30,Female,41,Month-to-month,Bank transfer,33.5,1326.97,9,No
341d85cd-c925-4285-abc8-906f34a91b86,48,Male,33,Month-to-month,Mailed check,88.78,3013.09,2,No
b4b2ce14-49b9-4124-a30b-d3b558fe7bd2,68,Male,12,Two year,Credit card,58.9,711.87,5,No
00cb9caa-bbdf-4574-89b8-f7ba98a7fea2,54,Male,44,Month-to-month,Credit card,77.3,3398.25,1,Yes
e8646e0c-80d4-48b9-af61-5360182047f7,46,Female,30,One year,Mailed check,83.46,2518.27,1,No
bd350d2a-7a0c-456d-9f43-25f4b3521505,67,Male,51,One year,Credit card,48.07,2526.4,6,No
b01c9191-e81b-40ff-9a41-a15f4e29b9da,30,Female,49,Month-to-month,Bank transfer,70.23,3355.95,2,No
ae7303c0-50ab-4660-ab94-5cbb3d162ab9,53,Male,52,One year,Bank transfer,42.97,2266.19,5,No
55082167-2ff5-4dab-aaa9-46d411c7c76c,32,Female,62,One year,Credit card,62.17,3940.26,2,Yes
f6558f35-244f-45c6-b489-0e8ce65dd443,51,Male,37,Month-to-month,Credit card,118.89,4415.04,1,No
6d8c5504-797f-4e4d-aa81-0850034296fa,45,Male,68,One year,Electronic check,90.47,6197.26,1,No
f9705e4b-2d71-4040-8554-e88b558492ba,49,Female,39,Month-to-month,Credit card,20.58,844.15,3,No
2bb4a408-13b4-44f6-a19a-17f6438a819e,46,Male,69,Month-to-month,Mailed check,94.36,6492.6,4,Yes
027deb45-da64-45b5-82a0-72ddade03e6c,65,Male,12,Month-to-month,Mailed check,28.19,319.1,9,No
794ceef2-f833-4fa7-9a26-15f89810b8c1,51,Female,40,Month-to-month,Electronic check,63.44,2478.78,2,Yes
df8b4008-7d01-45a3-8041-f5d49549e631,66,Female,49,One year,Electronic check,22.98,1143.88,3,No
0b90b03d-1c00-4895-b8fa-3b843f5cd7ed,42,Male,53,Month-to-month,Electronic check,81.51,4317.8,5,Yes
ae1782f6-9138-4474-8473-b982d1a529db,45,Female,65,Month-to-month,Mailed check,75.42,4928.79,9,Yes
3a710f9e-d5da-46fd-8a68-998ffd8bb697,45,Female,31,Month-to-month,Credit card,54.81,1774.4,9,Yes
c1472ff2-2ad4-4bba-80ce-350586780a98,24,Female,57,Two year,Mailed check,45.59,2708.66,5,No
19991b39-180a-4e01-8677-36bc258675e9,31,Female,2,One year,Bank transfer,41.43,63.35,1,Yes
55eef366-bc76-4752-8dcb-e8184dfa6a17,63,Female,63,Month-to-month,Credit card,98.58,6189.72,1,Yes
59ccc94a-bc1c-460d-bd9c-03c773deaa56,46,Female,18,Month-to-month,Bank transfer,52.71,963.76,3,No
a9d52401-41e1-408c-8bb3-fbb2fd6314f2,32,Female,43,Month-to-month,Bank transfer,54.46,2362.75,3,No
7570b0ac-5d42-40d5-80e7-ca767c8ad37a,37,Male,4,One year,Mailed check,52.19,199.1,3,Yes
4d171ebc-5a45-48ea-93e7-63d10378bcb7,24,Male,12,One year,Bank transfer,109.54,1392.17,8,No
84909370-e430-4b91-956f-e90eb5ccdbe6,33,Male,57,One year,Mailed check,101.33,5675.0,2,No
dd7902fc-db61-4a80-a9f7-c6d1c6475ae2,43,Female,60,Month-to-month,Bank transfer,90.25,5356.47,6,No
7bfeadd1-9882-461a-97fc-88c5e6f467b9,69,Female,62,One year,Credit card,58.72,3715.43,0,No
84f16d9d-af8f-4cf0-851a-9ec71cdde8ca,18,Female,67,Month-to-month,Credit card,114.84,7733.27,5,Yes
25dccca2-054e-4210-a3c9-f400ba6c557c,39,Female,8,One year,Mailed check,71.83,464.33,5,No
3862abcf-db34-47bb-a90a-a98bfa87fba5,44,Female,22,One year,Credit card,21.01,495.3,6,No
5b7117bd-2442-4191-be7c-7d6ea8cc4515,24,Female,44,One year,Electronic check,88.53,3889.66,6,No
93dc8eea-3e8e-436a-87e9-5e6d7f71eef6,47,Male,5,Two year,Credit card,45.58,129.98,5,Yes
6e43b319-f929-4271-b220-58f9bdb2fd9e,28,Female,41,Month-to-month,Bank transfer,79.63,3279.46,0,Yes
16daa8f5-be8e-466f-b4d0-91d15c02f1da,65,Female,55,One year,Mailed check,77.17,4253.89,3,No
60b61367-f46e-4787-abaf-89c7319fa2f7,68,Male,35,Two year,Mailed check,88.28,3107.02,3,No
461fe028-f727-4e90-9ba1-68b8a3840e2b,46,Male,19,Two year,Mailed check,24.76,507.17,7,No
8b7fa47e-adc5-4fc7-a07b-f99be08c82ea,28,Female,2,Month-to-month,Electronic check,37.56,133.14,1,No
fcc1c48c-7303-40ca-a992-6bade6335f58,48,Female,17,Month-to-month,Electronic check,109.49,1847.74,0,No
2cc9abb6-86e3-4e9b-a047-9ecbf5538cd3,69,Male,56,One year,Bank transfer,93.7,5327.21,6,No
594de8d7-add7-4b0f-a90b-365143eb4ff0,68,Male,65,Two year,Bank transfer,67.97,4436.12,7,No
96d26487-641a-4b74-94c9-3d44e353a243,22,Male,53,Two year,Credit card,35.99,1869.62,5,Yes
46b821c7-fe73-4856-b1fc-fc366ad3cc40,44,Female,62,One year,Bank transfer,90.99,5675.09,6,No
945b3711-0a85-4722-b0c9-5ec44f2fcfd6,69,Female,6,Month-to-month,Electronic check,89.74,443.88,5,Yes
d58c449e-57e0-457b-b3ab-800b8523d070,19,Male,53,Two year,Bank transfer,53.61,2846.14,0,Yes
cb9aefff-6ef7-45aa-9f7a-63af9cc41ca3,54,Male,21,Month-to-month,Credit card,114.4,2455.71,1,No
cae2f489-f7d8-4086-9110-c9fd747cb18f,48,Female,12,One year,Credit card,41.76,432.91,5,No
1c35730b-49d5-4453-98d4-d949cad6d3ef,39,Female,61,One year,Bank transfer,115.32,7036.83,2,No
ed5f24c3-7fb9-4e49-8222-3c10f82f2dc3,41,Female,6,One year,Electronic check,66.85,391.09,0,Yes
ae50f96e-7760-44f6-a5aa-620faf7ead9e,20,Male,52,Month-to-month,Mailed check,48.7,2537.65,4,Yes
4a2f2373-f777-4816-85ef-875e26755363,49,Male,27,Month-to-month,Mailed check,61.1,1663.24,3,No
29a099de-aa10-4595-8ee2-51809fb109a3,52,Male,30,Month-to-month,Electronic check,47.05,1312.82,2,No
108ab4de-49cb-4790-bca0-8cde4dbbb7cd,34,Female,2,Month-to-month,Credit card,60.1,84.25,0,Yes
74300ccc-03fd-4d08-8b73-361fccbeb6db,57,Female,18,Month-to-month,Electronic check,29.53,553.3,4,Yes
d3520a91-4873-4252-b7a2-a1800a7be6e7,41,Female,18,Month-to-month,Credit card,31.87,575.88,7,No
7d05955b-0d9e-4328-9f99-7c8097d38ab9,26,Male,16,Two year,Credit card,44.38,619.34,9,No
5a2d6aee-6e29-4319-814d-98294e4a516f,37,Male,54,Month-to-month,Electronic check,119.24,6438.23,9,No
0cc66163-002a-4e3d-9588-3c8fa9065c79,39,Female,15,Two year,Electronic check,24.16,318.49,4,No
e0f3ee66-59a7-46e4-a341-89c5405df186,36,Female,12,One year,Bank transfer,119.2,1466.55,1,No
8082a0ee-dbe8-4d7a-8907-03e848841707,64,Female,35,One year,Credit card,108.01,3813.01,5,Yes
8f8d4107-c4d5-4c13-b561-d900aa52cdf3,39,Female,26,Month-to-month,Electronic check,73.47,1859.85,2,No
b69415c7-1604-42b7-b424-b79c27b0816b,52,Female,53,One year,Electronic check,87.74,4622.55,7,No
bba95ec4-fef4-4c9c-a484-557f454a8e82,31,Male,45,Month-to-month,Electronic check,62.85,2785.79,6,Yes
eb1313b7-95d1-4b6d-ae9a-e156325cba4e,20,Male,54,One year,Electronic check,37.41,2015.55,2,No
083a1c27-3807-4019-8a72-007114a9ee59,55,Female,2,Two year,Electronic check,114.14,219.28,6,No
3facabcc-5ac9-4db2-aed4-d00579222d87,65,Male,55,One year,Electronic check,74.46,4073.69,9,No
62e0adf7-a315-4bbb-adb2-31a2cfcc2abd,34,Female,59,Month-to-month,Mailed check,28.22,1578.29,9,Yes
e7773701-f787-4461-a62c-4f006c2d1b96,30,Female,27,One year,Mailed check,41.04,1013.69,4,Yes
eb91d7bc-42e1-4eb9-a49d-da44191f9e05,37,Male,10,Month-to-month,Electronic check,67.51,559.81,4,Yes
2c5d849c-4f8c-41b9-98d7-88d94d515b58,44,Male,57,One year,Bank transfer,40.0,2218.59,8,No
e03d1b30-adcd-495f-af91-a7be905c3fd9,35,Male,37,Month-to-month,Electronic check,49.3,1897.6,7,Yes
23a10fdd-9402-47be-8deb-dd3c528e0ae8,25,Female,63,One year,Mailed check,117.17,7350.87,9,No
4001570a-3312-4e73-8485-63a3aeee2302,56,Female,10,One year,Credit card,48.58,430.74,3,Yes
3313f36c-8de5-4a88-aa93-716a22bca104,43,Female,11,Month-to-month,Bank transfer,46.97,531.87,1,Yes
4c1e172a-15e9-4ee4-8e14-39774d126ab1,42,Male,36,Two year,Bank transfer,73.37,2682.6,5,No
760e36aa-a0d9-40ba-ad57-a5c89110f698,45,Male,9,Month-to-month,Bank transfer,20.43,284.92,8,Yes
c84bbdf5-603f-4ddc-aef1-7a908bbb8f3f,44,Female,64,Two year,Bank transfer,83.72,5399.2,4,Yes
18963a6e-6fd8-4533-9577-58f5e03c63df,59,Female,41,Month-to-month,Electronic check,107.49,4371.87,5,Yes
b1b2b9c6-7120-421e-86cd-6214237befd1,56,Male,4,Month-to-month,Electronic check,108.93,414.65,0,Yes
af66dc57-ef54-4897-80fa-07e35031d661,66,Male,1,One year,Mailed check,54.25,73.54,6,No
5aac72b1-77e7-4d81-9b88-fc72b66cdb02,56,Female,44,One year,Credit card,62.35,2702.98,2,No
f62162ab-6ba6-4252-b76f-fd036d7bba17,66,Female,51,One year,Credit card,97.35,5002.02,3,No
e99d6b91-0715-42d9-b616-b5036906b588,26,Male,45,Two year,Mailed check,49.98,2223.43,1,No
c44b04e8-f51e-4df3-86c3-998e8f14aac7,37,Male,1,Two year,Bank transfer,58.55,89.77,5,No
23fd6ade-c17f-4f19-96a3-48336bc152ad,22,Female,49,Month-to-month,Bank transfer,34.72,1702.24,4,No
c960b851-4d69-4e19-a827-3dee9d7e4eb7,54,Female,7,Month-to-month,Bank transfer,100.14,694.47,1,Yes
5f843666-831f-4c00-9490-029d3e1e0693,50,Male,8,Month-to-month,Mailed check,78.5,655.41,4,No
e660a8e0-8b13-4689-9ef2-a148209515d5,69,Female,43,One year,Mailed check,52.54,2197.63,3,No
0db4897a-4b18-4a0d-a0b7-d81890c97f32,35,Male,5,Two year,Mailed check,58.21,318.33,9,No
203d54c9-6485-425e-9858-f464c15da547,59,Female,52,Month-to-month,Electronic check,81.91,4167.62,1,Yes
767a92b7-0186-4029-ab8a-501567273710,69,Female,34,Month-to-month,Electronic check,58.4,1937.33,1,No
849c30c6-dffa-48ae-8353-ac87ceb7138a,24,Female,64,Month-to-month,Bank transfer,24.4,1614.38,9,Yes
15ac37f0-0de9-4283-96d5-aed275d106f2,44,Female,62,One year,Mailed check,94.53,5923.25,7,Yes
fc75de3d-d473-43b5-852a-2da70e00583d,48,Male,5,Month-to-month,Mailed check,77.43,459.62,7,Yes
9826a55f-555f-4bf4-9b67-8ec1a65e883b,20,Female,4,Two year,Credit card,99.69,362.95,0,No
90c0e607-4a63-4fc3-926a-ab2718ef2501,28,Male,65,Two year,Electronic check,36.86,2462.72,1,No
dd43b0cf-54d0-4314-b0ca-b2497b417aed,21,Female,71,One year,Credit card,57.11,4101.43,1,No
95a97dd7-bd8f-426f-9f16-de170f94d562,34,Male,14,One year,Electronic check,74.88,937.42,8,No
b78a2037-bd46-4bd5-82c5-2802aca65492,18,Female,18,One year,Electronic check,33.62,615.25,6,No
8429e12c-347f-4a8c-b39a-442b0d92bc7e,38,Female,24,Two year,Mailed check,30.34,743.63,9,Yes
f79f8fa9-bd8c-4f4f-8fe2-75b124e72383,41,Female,12,Two year,Electronic check,117.87,1471.21,6,Yes
e522266c-393a-46ee-a2eb-4a7f7ecc492d,48,Male,44,Two year,Bank transfer,95.79,4193.99,8,Yes
279f5df0-da2d-4df9-a3c1-4a53acf96a12,54,Male,60,One year,Mailed check,88.83,5301.37,4,Yes
b819b15d-4f96-4a84-a0d4-4d244d074581,58,Male,40,Month-to-month,Bank transfer,30.05,1161.73,7,Yes
ce3ce7ce-01a6-4260-afc0-8273fd397fe7,43,Female,66,One year,Electronic check,98.22,6471.14,6,No
33611134-b012-40ab-9fa8-70407c260521,65,Male,39,Month-to-month,Mailed check,112.35,4330.73,1,Yes
272c7482-0002-472a-9130-38f51d5d8f65,51,Female,23,One year,Mailed check,106.12,2435.13,1,No
8513176c-1efc-4c94-a141-10b69a920655,66,Male,51,Two year,Electronic check,82.68,4206.54,2,No
1a85fd69-344c-46cc-bf48-e5f018cc0e29,51,Male,24,Month-to-month,Mailed check,55.88,1364.85,1,Yes
817c6779-d52d-4f91-864f-e16479472ea4,46,Female,57,Month-to-month,Credit card,25.33,1480.59,4,Yes
ed113faf-0e3f-4912-a405-d362719deadd,22,Female,58,One year,Credit card,63.48,3600.96,6,No
7bd50aeb-6791-41dd-8cc7-cda21f2f087d,27,Male,27,One year,Electronic check,82.11,2289.86,2,No
3c243b45-d1fd-4711-af1d-80eafb91fb90,31,Female,44,Month-to-month,Bank transfer,93.32,4096.82,7,Yes
42a1279b-8bf5-4aed-9904-b887d77b03b3,19,Female,42,Month-to-month,Bank transfer,119.66,5011.72,1,No
706ad042-ae6b-4455-9cdd-d7c2d25a0b3f,53,Female,69,Two year,Mailed check,70.12,4864.52,4,No
1f89cec2-9dfe-49d2-a87d-2106dbfbfea4,46,Male,49,Month-to-month,Mailed check,56.04,2765.09,5,No
058b5ee1-a2dd-415a-a570-66e86eaebb60,51,Male,64,Month-to-month,Bank transfer,96.58,6124.87,2,Yes
be9e01a9-d18c-4fde-a445-8bad2f4f914c,42,Male,21,Month-to-month,Mailed check,69.0,1410.9,5,Yes
82f2a59e-2bb7-4146-bd9d-542aa84fa67f,28,Female,22,One year,Electronic check,36.36,740.68,2,Yes
334a34a8-8bf3-49a3-b31a-dd22bdddbd36,59,Male,68,One year,Electronic check,93.59,6297.37,3,No
4a1954ec-4a3f-4fda-baff-d9bd79e58450,46,Female,64,One year,Mailed check,88.38,5663.52,6,Yes
96b93974-f587-43c5-999a-e3daaae39bc0,38,Female,49,Month-to-month,Credit card,107.71,5215.3,4,Yes
467248f6-aaee-4d68-9e09-f48e7e32e5d0,42,Female,42,Month-to-month,Electronic check,86.28,3524.87,9,No
ccc34f70-b299-4e18-a2c5-26ab6424fa05,68,Male,36,Two year,Mailed check,118.99,4288.24,9,No
d0411dec-6ab9-4a0f-b6c6-533e1b7a5c94,53,Male,27,Month-to-month,Mailed check,54.66,1526.18,6,No
488e5bd8-0729-45c7-a5ee-3dfd6cc1da4d,30,Female,43,One year,Mailed check,106.21,4498.44,0,Yes
63b1a52e-9070-41b6-9ec0-9c3575035829,63,Female,53,Month-to-month,Bank transfer,59.35,3082.16,4,Yes
08b9b2e9-4d81-4859-949e-24ad02d22ee7,33,Female,52,Month-to-month,Bank transfer,48.93,2523.28,3,No
a83db2df-e4aa-412a-a682-13c7a525dcd0,25,Male,11,Month-to-month,Electronic check,106.34,1148.46,0,No
e879c9a6-0ae9-4acc-b1c9-66b39eb03954,23,Female,55,Month-to-month,Mailed check,98.79,5481.83,7,Yes
23a9654d-f679-4544-9acf-614ae834fb5b,40,Male,7,Two year,Electronic check,109.08,807.79,1,Yes
75566ff1-b91a-4e28-a1e6-8d3577c8c297,20,Female,35,One year,Mailed check,34.15,1215.96,0,No
28874d02-fb54-45ba-8255-b13b46e32efc,40,Male,28,Month-to-month,Electronic check,52.62,1389.82,4,Yes
dc6bf2c8-db18-4d46-8029-d6335b9559d0,45,Male,20,Month-to-month,Credit card,83.21,1753.85,7,Yes
e70d8d07-594d-40a9-b5f5-afea80d2157b,34,Male,28,One year,Electronic check,102.21,2915.88,1,No
8356ed61-63ff-44b5-866a-0c09b4cb22f4,60,Male,18,One year,Bank transfer,113.6,2020.5,2,No
26c25405-a7ea-42f0-acab-d3d710116af4,23,Female,48,Two year,Credit card,75.05,3500.92,3,No
902a73ae-b81e-4682-a7eb-40085a13f4bb,55,Female,26,Month-to-month,Bank transfer,119.7,3157.73,7,No
dbd165a3-b716-407d-b5a0-987556dbc7ac,42,Male,4,One year,Mailed check,95.91,366.93,5,Yes
c8f3332a-4741-4ca4-a3d9-9d90c964f746,21,Male,35,Two year,Electronic check,109.66,3867.93,5,No
ec68fc07-4d8c-4019-a88f-c85ac33a402e,49,Female,19,Month-to-month,Bank transfer,52.97,1002.82,9,No
d6de0902-ea89-4692-9176-37b264d88360,41,Male,32,One year,Electronic check,39.17,1288.53,9,No
f66a015b-6063-4b32-bbd6-b0b5a5278097,44,Female,1,Month-to-month,Electronic check,64.6,167.95,5,Yes
2e2d0681-a8b2-4070-9b18-72ac78c4c27f,35,Female,23,Month-to-month,Credit card,21.01,440.47,6,Yes
81c974a0-ed6a-439f-b560-4484937749f6,27,Female,62,Month-to-month,Credit card,60.85,3694.54,3,No
425ca2e3-8682-462f-a8ae-013ac6807bb4,27,Female,45,Month-to-month,Electronic check,61.23,2812.59,2,Yes
96bf02dd-52f6-4f5a-b2a0-f8512121cc4f,19,Female,4,Month-to-month,Credit card,31.71,179.16,6,No
95a15905-591c-44b6-94aa-600af487a21f,52,Female,36,Month-to-month,Bank transfer,47.54,1663.65,1,No
114c440d-675d-493b-9473-6d379e12d7cf,53,Male,48,Month-to-month,Bank transfer,42.67,2082.18,6,Yes
bb9ddc31-da1e-4729-878e-be4e0b8079d7,61,Female,71,One year,Bank transfer,114.34,8051.92,1,No
aa4e8b03-18b6-4fc7-bb50-f94f28bfffdd,42,Female,36,Two year,Electronic check,34.18,1244.67,8,No
ade81084-ef29-4413-bfda-e6661b314321,54,Male,46,One year,Credit card,66.59,3159.03,3,No
3b45d977-c289-4a30-92db-575a79f633e8,46,Male,39,Month-to-month,Electronic check,79.55,3129.29,3,No
ead217d1-cefd-4dee-8590-f851fb385671,37,Male,34,One year,Credit card,66.56,2253.98,1,No
1afd943c-3c92-41ab-8bac-c3c6bb8ec1cb,20,Male,69,Month-to-month,Electronic check,73.08,5102.6,9,No
ba68e69f-2c8b-4151-a179-2fcde658eb6a,35,Female,42,One year,Electronic check,35.28,1494.13,2,No
f92b7b46-c17d-449c-a253-4b28e47919dd,34,Female,11,Month-to-month,Electronic check,98.54,1109.24,6,Yes
0fda6ca4-107a-4bcc-ac20-d2016b88ccd0,20,Female,68,Month-to-month,Electronic check,55.31,3809.7,1,No
09943e76-1d4e-4772-801f-b5a69ca5b74f,20,Female,69,Month-to-month,Mailed check,44.84,3137.51,4,Yes
7108022a-12a8-4ff7-bffb-bc83d8c80184,47,Male,22,One year,Mailed check,26.86,550.46,4,No
a19c7caf-9b45-4430-9fd3-92e2c36b0890,48,Female,6,One year,Mailed check,99.93,640.11,0,No
2c8fabbc-ec6d-4411-878a-a79ed736c320,23,Male,55,Month-to-month,Bank transfer,74.95,4121.57,9,Yes
73131038-b2df-4075-9b8f-abe952377d88,27,Male,41,Month-to-month,Mailed check,43.47,1832.69,2,Yes
a32c5e99-fd26-441b-a21a-7c4e60ac4a64,58,Male,49,One year,Electronic check,117.32,5727.68,2,Yes
321a9240-3321-4bb0-8e74-b39c92e33940,69,Male,38,One year,Mailed check,75.38,2882.85,8,No
adc90caa-7000-493b-bdb8-ed7140a3823b,67,Male,47,One year,Electronic check,51.17,2491.55,7,No
bdfdcc7b-3381-4e0d-b9ba-243a493d269e,53,Female,39,Month-to-month,Credit card,106.05,4160.89,9,No
874db4a6-d057-4b85-af1e-c0de297eb3f4,29,Male,28,One year,Bank transfer,56.73,1627.21,5,Yes
16054b9e-313a-4c74-8a3d-b769cf052461,47,Male,32,One year,Credit card,88.64,2828.46,6,No
f5b79271-a10d-4956-8634-caf6950506dd,36,Female,56,One year,Mailed check,60.38,3343.82,2,No
08825d14-341b-4c09-98a0-f6c0ab2d2fef,46,Female,60,Month-to-month,Mailed check,71.45,4258.34,9,Yes
01572a56-e4ae-485f-a3fb-e8f2cf5cbd7f,50,Female,60,Two year,Electronic check,99.2,5964.68,3,No
917bc866-6874-4b44-863e-23bf5c0c309c,18,Female,50,One year,Credit card,73.63,3619.09,5,No
5738db52-126c-4e50-9d4f-4af28becb8cc,29,Female,2,Two year,Credit card,103.28,161.82,6,No
f52eaf63-badf-47a8-aeaf-39512f701b32,47,Female,63,Month-to-month,Electronic check,75.56,4800.87,3,No
87352231-a469-4757-ba70-c9f6e9368ad0,59,Female,49,Month-to-month,Bank transfer,31.02,1476.09,1,No
351d1137-d518-4b72-b0ac-cfda7f055b10,39,Male,4,Month-to-month,Bank transfer,98.81,398.2,6,Yes
8037b969-7946-4eae-93dc-00ee9203c5d2,41,Female,59,Month-to-month,Electronic check,25.56,1409.01,2,Yes
e65664ac-9e54-4175-9b42-9d0e5a239f52,43,Female,1,One year,Credit card,37.13,5.03,0,No
cd35637c-234b-4e09-9a79-d6868f06c963,52,Male,59,One year,Credit card,79.32,4731.15,9,No
a01ed90e-6d71-48e9-b05a-501c11310c8b,44,Female,2,Two year,Electronic check,28.32,96.84,3,No
91b3f921-1224-415f-9fbc-f340604948be,56,Male,23,Two year,Electronic check,67.53,1504.23,2,No
846a4a71-c84a-49b8-a08f-ae0214013b99,25,Female,21,Month-to-month,Mailed check,100.54,2110.93,2,No
7fab9b07-1e30-4f10-99d5-6f424c589a8e,30,Male,58,Two year,Electronic check,22.14,1274.52,8,No
8a60b332-99fb-48a9-8d2d-ba723b06dd82,43,Male,26,Month-to-month,Electronic check,42.96,1090.5,1,No
d24289ea-3959-4465-85c5-581054b728fa,20,Female,34,Month-to-month,Mailed check,116.63,3999.96,5,Yes
d4018a45-ec1a-4adc-8a36-a7c0f0cc4f56,27,Female,18,Two year,Bank transfer,39.54,638.17,6,No
5b9facde-b409-4855-a3f2-fc26405a8f9e,34,Male,51,Month-to-month,Credit card,57.81,2943.49,1,Yes
2869b5ee-df18-4065-9f58-64d511655b1e,38,Male,57,Two year,Electronic check,67.22,3825.48,3,No
88cfffa2-1324-47ee-89be-e3ddf7d65f6a,61,Female,55,Month-to-month,Mailed check,50.53,2725.86,7,No
848be725-da6b-4060-bdcc-4915934a85d9,52,Female,21,Month-to-month,Bank transfer,69.49,1401.54,7,No
4feeea91-8003-44a8-9c7a-b4e3ee8b09a3,65,Female,48,Month-to-month,Electronic check,35.18,1665.32,6,No
8bc2d46d-0e80-4f03-9e5f-83786633427e,40,Male,33,Month-to-month,Credit card,53.3,1788.86,0,No
95309450-1c62-44f4-a44d-8dc2b2908892,54,Male,6,Month-to-month,Credit card,25.68,180.6,7,Yes
fc24a159-eada-4885-afda-70bf78920f72,63,Male,14,Two year,Electronic check,98.56,1419.29,2,Yes
0843280a-07ac-43fe-a73a-366e43577225,31,Female,39,Month-to-month,Mailed check,24.5,982.14,4,Yes
3354b4be-42c9-4aaf-abe1-3e78568a220d,50,Male,40,One year,Credit card,99.89,3949.31,0,No
0f344fe1-c3c5-4bb5-a355-ce1655a47eab,22,Male,62,Month-to-month,Mailed check,34.43,2095.42,9,Yes
d11756d5-8c0d-4a8b-b448-a24723a86b61,26,Female,7,Month-to-month,Credit card,61.89,388.68,4,Yes
c1e158aa-ec96-4f27-9461-4433bbdf144c,68,Male,31,One year,Electronic check,68.27,2106.67,0,Yes
0ff4c2d6-e0d6-4081-a98d-c5f7a9d06567,59,Female,47,Two year,Electronic check,66.2,3227.55,8,No
ce3fde9a-12aa-4ab4-be59-a0d13c5168b0,58,Female,60,One year,Credit card,98.5,5931.77,7,No
